Company,Geography, Excel ID 
"Treezo New Material Technology Group Co., Ltd.",APAC,IQ104559025
"Han Kook Steel & Mill Co., Ltd.",APAC,IQ22771094
POSCO Processing&Service,APAC,IQ5476229
SeAH Steel Corporation,APAC,IQ558697831
"POSCO Co., Ltd.",APAC,IQ1775134502
"Shangda Superalloys Co., Ltd.",APAC,IQ115980874
A-One Steels India Limited,APAC,IQ303720404
Shilla Steel Co. Ltd,APAC,IQ99672980
"Shinkwang Co.,Ltd.",APAC,IQ46952895
Dongkuk Steel Mill Company Limited,APAC,IQ1821168242
Pembroke Olive Downs Pty Ltd,APAC,IQ667018785
"Dongkuk CM Co., Ltd.",APAC,IQ1821387856
NMDC Steel Limited,APAC,IQ685658953
Bansal Wire Industries Limited,APAC,IQ107802710
"Worthington Steel, Inc.",N. America,IQ1802757291
Sanathan Textiles Limited,APAC,IQ245182959
Raymond Lifestyle Limited,APAC,IQ707784313
"Anhui Linping Circular Development Co., Ltd.",APAC,IQ116777314
Fedrigoni  S.P.A.,EMEA,IQ1801121243
"Hankuk Paper MFG Co., Ltd",APAC,IQ694583307
Magnera Corporation,N. America,IQ1871267685
Beijing Public Housing Center,APAC,IQ191670237
Casagrand Premier Builder Limited,APAC,IQ216735683
Hangzhou Shangcheng District Urban Construction Investment Group Co. Ltd.,APAC,IQ1790228520
"Jiwoo Co., Ltd",APAC,IQ1832873905
"Lohas Living Co., Ltd.",APAC,IQ263485923
White Korea Corporation Ltd.,APAC,IQ84120931
Beijing North Star Company Limited,APAC,IQ5544877
DLF Home Developers Limited,APAC,IQ37281365
S.A. Heidelberg Materials Benelux N.V.,EMEA,IQ874027
GELEX Infrastructure Joint Stock Company,APAC,IQ549237551
"Chosun Refractories Co.,Ltd.",APAC,IQ1821514499
"Sampyo Ind. Co.,Ltd.",APAC,IQ226495284
JSW Cement Limited,APAC,IQ45529757
"Inmocemento, S.A.",EMEA,IQ1879462455
"Air China Cargo Co., Ltd.",APAC,IQ26078039
Shenzhen Hungtung Supply Chain Management Corp.,APAC,IQ547651439
Abu Dhabi Aviation Co.,EMEA,IQ1880318665
Svitzer Group A/S,EMEA,IQ1871301400
MMC Port Holdings Berhad,APAC,IQ278607240
"Higold Group Co., LTD.",APAC,IQ1789739582
"MarcoPolo Holdings Co., Ltd.",APAC,IQ1784925823
"Yonz Technology Co.,Ltd.",APAC,IQ1764704247
O-I Manufacturing Italy S.p.A.,EMEA,IQ8141704
"Sinokor Petrochemical Co., Ltd.",APAC,IQ239370790
"Sinokor Maritime Co., Ltd.",APAC,IQ107144206
Transrail Lighting Limited,APAC,IQ107479737
Shivalaya Construction Limited,APAC,IQ582870745
Duna Aszfalt Zrt.,EMEA,IQ60835924
"Taewang E&C Co., Ltd.",APAC,IQ115699281
"Shanghai Research Institute of Building Sciences Group Co., Ltd.",APAC,IQ434453405
Societe Generale des Travaux du Maroc S.A,EMEA,IQ27260395
Nurol Holding A.S.,EMEA,IQ23114181
"Yunnan Water Conservancy & Hypower Investment. Co.,Ltd.",APAC,IQ217316225
"Hefei Rail Transit Group Co., Ltd",APAC,IQ1679669038
"Hefei Eastern New Town Construction Investment Co., Ltd.",APAC,IQ1758762975
"Obshchestvo S Ogranichennoy Otvetstvennost'yu ""Pik - Korporatsiya""",EMEA,IQ640551290
"Hangzhou Shangcheng District State Owned Capital Operation Group Co., Ltd",APAC,IQ1804715228
Joong Won Engineering & Construction,APAC,IQ603732986
"China Nerin Engineering Co., Ltd",APAC,IQ214013194
"BLH Engineering Co., Ltd.",APAC,IQ1686513866
"Guangzhou Baiyun Financial Holding Group Co., Ltd.",APAC,IQ1762664352
"China Construction Science & Technology Group Co., Ltd.",APAC,IQ1762315481
Newarthill Limited,EMEA,IQ5478614
Daeah Engineering & Construction Co. Ltd,APAC,IQ104491222
Spie batignolles,EMEA,IQ1762804246
Ceigall India Limited,APAC,IQ634453282
ALEC Holdings PJSC,EMEA,IQ1960586611
INFRONEER Holdings Inc.,APAC,IQ716992874
Symal Group Limited,APAC,IQ309230351
Sentia ASA,EMEA,IQ1939192232
Legence Corp.,N. America,IQ1956908778
"SOLV Energy, Inc.",N. America,IQ407185277
thyssenkrupp nucera AG & Co. KGaA,EMEA,IQ1772650389
Moreld ASA,EMEA,IQ714416066
Airswift Global AS,EMEA,IQ712915544
TRYT Inc.,APAC,IQ1784432128
"Zhejiang E-P Equipment Co., Ltd.",APAC,IQ1789196275
Madison Air Solutions Corporation,N. America,IQ1978481022
"Arxis, Inc.",N. America,IQ1977363944
"Luoyang Bearing Group Co., Ltd.",APAC,IQ22729076
"ShenGu Group Co., Ltd.",APAC,IQ1945910385
BEWI Invest AS,EMEA,IQ580661692
TK Elevator Korea Ltd.,APAC,IQ99614744
Alliance Laundry Holdings Inc.,N. America,IQ22512843
"Beijing Geekplus Technology Co., Ltd.",APAC,IQ413361438
CFI Holdings Limited,EMEA,IQ11340773
The Bidvest Group Limited,EMEA,IQ676934
Rent Corporation,APAC,IQ5670697
"China National Uranium Co., Ltd.",APAC,IQ581643235
"Jiangsu Yancheng Port Holding Group Co.,Ltd",APAC,IQ701617052
Unitrade Industries Berhad,APAC,IQ1684742056
HS HYOSUNG Corporation,APAC,IQ1872767708
Tong Ying Group,APAC,IQ1932153263
Texxon Holding Limited,APAC,IQ1877699478
"Shandong Haihua Group Co.,Ltd",APAC,IQ6463458
Rektron Group Inc.,N. America,IQ1841325117
"Hangzhou CIEC Group Co., Ltd",APAC,IQ322163017
PT Wahana Inti Selaras,APAC,IQ208344267
"JINGDONG Industrials, Inc.",APAC,IQ1899909837
EquipmentShare.com Inc.,N. America,IQ289472786
TASUKI Holdings Inc.,APAC,IQ1873166924
Woo-Mi Construction Co. Ltd.,APAC,IQ84227982
"Zhongce Rubber Group Co., Ltd.",APAC,IQ5542512
Anywhere Real Estate Group LLC,N. America,IQ49496429
"S&I Atxpert Co., Ltd.",APAC,IQ1758633690
Carbon Zero Technologies International Inc.,APAC,IQ1884491835
"Guangdong Feinan Resources Recycling Co., Ltd",APAC,IQ704500244
"Daiei Kankyo Co., Ltd.",APAC,IQ6058508
TRE Holdings Corporation,APAC,IQ717413415
"Wuhu Atech Automotive Co., Ltd.",APAC,IQ24259247
"Heilongjiang Tianyouwei Electronics Co., Ltd.",APAC,IQ145809516
"Chongqing Zhixin Industrial Co., Ltd",APAC,IQ84008547
"Shanghai Unison Aluminium Products Co., Ltd.",APAC,IQ52598603
"Chuzhou Duoli Automotive Technology Co., Ltd.",APAC,IQ1671510155
"Suzhou Inovance Automotive Co., Ltd.",APAC,IQ630820595
"Tianhai Auto Electronics Group Co., Ltd.",APAC,IQ1865684888
"Samwoo Co., Ltd",APAC,IQ99565535
Bosch Electrical Drives Co. Ltd,APAC,IQ107132534
"LG Magna E-Powertrain Co., Ltd.",APAC,IQ1675839279
Dowlais Group plc,EMEA,IQ1824762455
PATEO CONNECT Technology (Shanghai) Corporation,APAC,IQ413536484
ASK Automotive Limited,APAC,IQ49950652
Tenneco Clean Air India Limited,APAC,IQ717634524
Versigent PLC,EMEA,IQ1917738351
Aumovio SE,EMEA,IQ1890526148
Sandvik Mining and Construction Oy,EMEA,IQ956083
Daimler Truck Southern Africa Limited,EMEA,IQ603850932
Aebi Schmidt Holding AG,EMEA,IQ49973149
"Tata Daewoo Commercial Vehicle Co.,LTD.",APAC,IQ10404394
"Hyundai Genuine Co., Ltd.",APAC,IQ709635406
DBL Gorhar Khairatunda Highways Limited,APAC,IQ564579956
"Anbang Save-Guard Group Co.,Ltd.",APAC,IQ639214599
Verisure plc,EMEA,IQ1954594020
Ford Motor Company (Belgium) NV,EMEA,IQ4111497
"VOYAH Automotive Technology Co., Ltd.",APAC,IQ1815533147
Ford Motor Company Limited,EMEA,IQ5869473
ZEEKR Intelligent Technology Holding Limited,APAC,IQ1672834977
Lotus Technology Inc.,APAC,IQ1684699268
"Applied Materials Korea, Ltd.",APAC,IQ5670307
"Hon. Precision, Inc.",APAC,IQ1848384342
Tekscend Photomask Corp.,APAC,IQ1777877617
Kokusai Electric Corporation,APAC,IQ609950962
"Qnity Electronics, Inc.",N. America,IQ1881796926
"Sae-A Investment Co., Ltd.",APAC,IQ647658415
"Gfs Co .,Ltd",APAC,IQ226368556
Andersen Group Inc.,N. America,IQ1847121139
"Baycurrent, Inc.",APAC,IQ47899996
"TIC Solutions, Inc.",N. America,IQ1819655244
"Amentum Holdings, Inc.",N. America,IQ145132373
B+N Referencia Zrt.,EMEA,IQ710020596
"Korean Air C&D Service Co., Ltd.",APAC,IQ699552345
"Nippon Kanzai Co., Ltd.",APAC,IQ1827842830
hyundai i-service corp.,APAC,IQ98507406
Doing Cns Co. Ltd,APAC,IQ105704303
Bluspring Enterprises Limited,APAC,IQ1872128757
Updater Services Limited,APAC,IQ25715699
Vestis Corporation,N. America,IQ694763
CaoCao Inc.,APAC,IQ1942800498
"Cinderson Tech (Suzhou) Co., Ltd.",APAC,IQ1789200091
"Suzhou West Deane New Power Electric Co.,Ltd.",APAC,IQ1848365876
"Fox ESS Co., Ltd.",APAC,IQ1841220561
"Weihai Honglin Electronic Co., Ltd.",APAC,IQ47907006
"Guangdong Xinyaguang Cable Co., Ltd.",APAC,IQ49553998
"Shenzhen SOFARSOLAR Co., Ltd.",APAC,IQ1787413720
T1 Energy Inc.,N. America,IQ608901501
Gelex Electricity Joint Stock Company,APAC,IQ568370334
Schneider Electric Australia Holdings Pty Ltd,APAC,IQ22339642
"Hsino Tower Group Co., Ltd.",APAC,IQ1788218237
"Forgent Power Solutions, Inc.",N. America,IQ1968767589
Siemens Energy India Limited,APAC,IQ1881112888
"CETC Lantian Technology Co., Ltd.",APAC,IQ1951396724
Chemring Group PLC,EMEA,IQ693368
TKMS AG & Co KGaA,EMEA,IQ9997006
"Jin Air Co., Ltd.",APAC,IQ106681495
"SIAVILO - SGPS, S.A.",EMEA,IQ876806
Norse Atlantic ASA,EMEA,IQ709016901
GMR Airports Limited (Operating Subsidiary),APAC,IQ38574975
Adani Airport Holdings Limited,APAC,IQ654445243
Midea Real Estate Holding Limited,APAC,IQ569796750
Times China Holdings Limited,APAC,IQ252271881
Logan Group Company Limited,APAC,IQ250419969
"Jinke Property Group Co., Ltd.",APAC,IQ59695883
Red Star Macalline Holding Group Company Limited,APAC,IQ279845376
Redco Properties Group Limited,APAC,IQ253959758
"Tengyue Construction Technology Group Co., Ltd.",APAC,IQ109044162
Aoyuan Group Company Limited,APAC,IQ47959851
South Cement Company Limited,APAC,IQ40529343
Fantasia Group (China) CO. LTD,APAC,IQ83498361
"Guangzhou R&F Properties Co., Ltd.",APAC,IQ22972349
"Xi'an Construction Engineering Group Co.,Ltd.",APAC,IQ311442589
"Modern Land (China) Co., Limited",APAC,IQ115032605
"Xinjiang Xinye State-Owned Property Management (Group) Co.,ltd.",APAC,IQ254390308
Zhongliang Holdings Group Company Limited,APAC,IQ616071542
Redsun Properties Group Limited,APAC,IQ564865397
"Futong Group Co., Ltd.",APAC,IQ266797515
China Aoyuan Group Limited,APAC,IQ34766654
Shandong Chenming Paper Holdings Limited,APAC,IQ5576970
Compagnie de l'Odet,EMEA,IQ8976000
China Tianying Inc.,APAC,IQ12469434
"Booyoung Co., Ltd.",APAC,IQ30530902
Shenzhen Logan Holdings Company Limited,APAC,IQ272129840
"Guangzhou Tianjian Real Estate Development Co.,Ltd.",APAC,IQ38569488
Ronshine China Holdings Limited,APAC,IQ320952905
"Sunac Real Estate Group Co.,Ltd.",APAC,IQ309289350
Greattown Holdings Ltd.,APAC,IQ883387
"Cinda Real Estate Co., Ltd.",APAC,IQ46847096
"Shanghai Shimao Jianshe Co., Ltd.",APAC,IQ108523836
"Radiance Group Co., Ltd.",APAC,IQ322404843
Sunac China Holdings Limited,APAC,IQ29545876
"Shenzhen Centralcon Investment Holding Co., Ltd.",APAC,IQ5566601
"Quzhou Xin'an Development Co., Ltd.",APAC,IQ20359773
Sino-Ocean Group Holding Limited,APAC,IQ37122804
Shui On Land Limited,APAC,IQ23466103
Shanghai New Power Automotive Technology Company Limited,APAC,IQ5566752
"Bright Real Estate Group Co.,Limited",APAC,IQ20359575
"Anhui Conch Group Co., Ltd",APAC,IQ34244826
CIFI Holdings (Group) Co. Ltd.,APAC,IQ79650699
China Chengtong Holdings Group Ltd.,APAC,IQ12916125
China Fortune Land Development Holdings Ltd,APAC,IQ60501083
Road King Infrastructure Limited,APAC,IQ1461817
"Guangzhou Times Holdings Group Co.,Ltd.",APAC,IQ585311577
"Dongkuk Holdings Co.,Ltd.",APAC,IQ879740
Yuzhou Group Holdings Company Limited,APAC,IQ78346186
Beijing Sino-Ocean Group Holding Limited,APAC,IQ606855463
"Xinjiang Investment Development (Group) Co.,Ltd",APAC,IQ41541010
Ganglong China Property Group Limited,APAC,IQ672867212
"Xinjie Investment Holding Group Co.,Ltd.",APAC,IQ431488218
Shimao Group Holdings Limited,APAC,IQ27516204
Zhenro Properties Group Limited,APAC,IQ538356137
"Yango Group Co.,Ltd",APAC,IQ9708628
Kaisa Group Holdings Ltd.,APAC,IQ59402337
E-House (China) Enterprise Holdings Limited,APAC,IQ572065069
"Jiangsu Zhongnan Construction Group Co., Ltd.",APAC,IQ46127466
Jingrui Holdings Limited,APAC,IQ247839378
"Shanghai Shimao Co.,Ltd",APAC,IQ20406492
"Country Garden Real Estate Group Co., Ltd.",APAC,IQ531059942
"Guangzhou Fangyuan Real Estate Development Co., Ltd.",APAC,IQ127761539
"Sichuan Languang Development Co.,Ltd.",APAC,IQ9735876
Central China Real Estate Limited,APAC,IQ27833217
Jinan West City Investment and Development Group Corporation Limited,APAC,IQ272752608
KWG Group Holdings Limited,APAC,IQ34902484
Jiaxing High Grade Highway Investment Co.Ltd.,APAC,IQ224318309
"Shangqiu City Development Investment Group Co., Ltd",APAC,IQ226145818
Country Garden Holdings Company Limited,APAC,IQ29328657
"Jilin Yatai (Group) Co., Ltd.",APAC,IQ6562852
"Wuhan East Lake High Technology Group Co., Ltd.",APAC,IQ5425426
Offerpad Solutions Inc.,N. America,IQ418006878
"Shenzhen Overseas Chinese Town Co.,Ltd.",APAC,IQ9777434
"Guangxi Honggui Capital Operation Group Co.,Ltd.",APAC,IQ561858696
"Hailiang Group Co., Ltd.",APAC,IQ5923669
"Worthington Enterprises, Inc.",N. America,IQ314750
New World Development Company Limited,APAC,IQ155731
"Jingrui Real Estate (Group) Co., Ltd.",APAC,IQ423543787
Zhuhai Jiuzhou Harbor Affairs Group Company,APAC,IQ217695575
"Fantasia Holdings Group Co., Limited",APAC,IQ74894327
"Seazen Holdings Co., Ltd",APAC,IQ225785075
Seazen Group Limited,APAC,IQ223655880
Hebei Construction Group Corporation Limited,APAC,IQ39477558
"Southwest Cement Co., Ltd",APAC,IQ214695138
"Jiangxi Wannianqing Cement Co., Ltd.",APAC,IQ10403765
"Guangzhou Hejing Holdings Group Co., Ltd.",APAC,IQ38568079
Kunming industry development Investment Company Limited,APAC,IQ224107594
Powerchina Real Estate Group Ltd.,APAC,IQ224499033
"Jiangxi Railway & Aviation Investment Group Co.,Ltd",APAC,IQ216361732
Xiamen Xindeco Ltd.,APAC,IQ5631694
"Guangzhou Panyu Agile Realty Development Co., Ltd.",APAC,IQ333674388
"Chongqing HuaYu Group Co., Ltd",APAC,IQ412114938
Sino Land Company Limited,APAC,IQ875493
Guangdong Liantai Group Co.Ltd,APAC,IQ46948789
"Long Yuan Construction Group Co., Ltd.",APAC,IQ21787372
"Shanghai Industrial Development Co.,Ltd",APAC,IQ20359562
Chung Hung Steel Corporation,APAC,IQ12961418
Rongxin (Fujian) Investment company Limited,APAC,IQ126952316
"Xinyu Iron & Steel Co., Ltd",APAC,IQ5556846
Radiance Holdings (Group) Company Limited,APAC,IQ691020452
KraussMaffei Company Limited,APAC,IQ11381620
Greenland Hong Kong Holdings Limited,APAC,IQ28071549
Greenland Holdings Corporation Limited,APAC,IQ36014970
"Dayou A-Tech Co.,Ltd",APAC,IQ9637373
"Xinyu Iron&Steel Group Co., LTD",APAC,IQ113642952
Shanghai Industrial Urban Development Group Limited,APAC,IQ4481082
"Beijing Huayuan Group Co., Ltd.",APAC,IQ41136832
Gemdale Corporation,APAC,IQ9615713
"SuZhou THVOW Technology. Co., Ltd.",APAC,IQ79010234
"Anqing Urban Construction Investment Development (Group) Co.,Ltd.",APAC,IQ145015600
Midea Real Estate Group Limited,APAC,IQ558737606
"Xiandai Investment Co.,Ltd",APAC,IQ5449665
"Jiangsu Hanrui Investment Holdings Co.,Ltd.",APAC,IQ181992539
"CIFI Group Co., Ltd.",APAC,IQ375732916
Agile Group Holdings Limited,APAC,IQ24905100
Jiangxi Building Materials Group Corporation,APAC,IQ645213481
"Kunming Transportation Industry Co.,Ltd.",APAC,IQ215818501
Hindustan Construction Company Limited,APAC,IQ4509031
Jaiprakash Associates Limited,APAC,IQ10885752
"DO and Shuihua Group Co., Ltd.",APAC,IQ182475996
"Zhengrong Real Estate Holdings Co., Ltd.",APAC,IQ574559445
"RiseSun Real Estate Development Co.,Ltd",APAC,IQ35646617
"Longyan Urban Development Group Co., Ltd.",APAC,IQ263433020
China South City Holdings Limited,APAC,IQ60367754
"Zhuhai Zhumian Group Co., Ltd.",APAC,IQ622068
China First Heavy Industries,APAC,IQ5721070
"Changde Urban Construction and Investment Group Co.,Ltd.",APAC,IQ128872058
Ferrexpo plc,EMEA,IQ34903604
"MITSUI E&S Co., Ltd.",APAC,IQ874457
"Greenland Holding Group Co., Ltd.",APAC,IQ414448058
GrafTech International Ltd.,N. America,IQ35922
Nanjing Dajiangbei National Asset Investment Group Company Limited,APAC,IQ555989777
"Shandong Iron & Steel Group Co.,Ltd",APAC,IQ42751952
"Gansu Provincial Highway Aviation Tourism Investment Group Co.,Ltd",APAC,IQ140301202
"Suzhou New District Hi-Tech Industrial Co.,Ltd",APAC,IQ6489367
Red Star Macalline Group Corporation Ltd.,APAC,IQ34765135
"ZHEJIANG NARADA POWER SOURCE Co. , Ltd.",APAC,IQ47024031
"New hope Wuxin Industrial Group Co., Ltd",APAC,IQ344979108
"Tianshan Material Co., Ltd.",APAC,IQ5722115
"Jujiang Construction Group Co., Ltd.",APAC,IQ320596568
Chongqing Construction Engineering Group Corporation Limited,APAC,IQ28718893
"Shanxi Antai Group Co.,Ltd",APAC,IQ12700484
Asia Cement (China) Holdings Corporation,APAC,IQ44268599
Longfor Group Holdings Limited,APAC,IQ53973645
Daqo New Energy Corp.,APAC,IQ84196527
Nan Fung International Holdings Limited,APAC,IQ142008859
"Hangzhou Xiaoshan Transportation Investment Group Co., Ltd.",APAC,IQ561814115
"Xinyuan (China) Realestate,Ltd.",APAC,IQ537858487
"Kulicke and Soffa Industries, Inc.",APAC,IQ283588
"Shaanxi Xixian New Area Airport New City Development & Construction Group Co.,Ltd.",APAC,IQ364697515
"Xinjiang Daqo New Energy Co.,Ltd.",APAC,IQ133684890
Jihua Group Corporation Limited,APAC,IQ104546079
Tokyo Metropolitan Housing Supply Corporation,APAC,IQ32364139
Longyan Transportation Development Group Corporation Limited,APAC,IQ261452129
Singamas Container Holdings Limited,APAC,IQ881613
"Jiangxi Construction Engineering Group Co., Ltd.",APAC,IQ116394549
Pierer Industrie AG,EMEA,IQ99131290
YTO International Express and Supply Chain Technology Limited,APAC,IQ265980407
Anhui Conch Cement Company Limited,APAC,IQ5536230
China Shanshui Cement Group Limited,APAC,IQ46001484
Zhongtian Financial Group Company Limited,APAC,IQ9768775
"Kunming Communications Investment Co., Ltd.",APAC,IQ129703547
"Changzhou Hi-tech Group Co.,Ltd",APAC,IQ47165310
"DS Networks Co., Ltd.",APAC,IQ112566013
"Nanyang Caihe Investment Co.,Ltd.",APAC,IQ636661206
KISCO Holdings Corp.,APAC,IQ2482178
"Kunming Yunnei Power Co.,Ltd.",APAC,IQ5722315
ShenZhen Properties & Resources Development (Group) Ltd.,APAC,IQ8292633
Yang Ming Marine Transport Corporation,APAC,IQ881349
"Hyundai Samho Heavy Industries Co.,Ltd.",APAC,IQ32392298
"Chengdu Xingcheng Investment Group Co.,Ltd",APAC,IQ228151886
"DIMA Holdings Co.,Ltd",APAC,IQ12733350
Chengdu industry investment co.ltd,APAC,IQ47203868
"Xining Special Steel.Co.,Ltd",APAC,IQ5579529
Chongqing Shuangqiao Economic and Technological Development Zone Development Investment Group Co.Ltd,APAC,IQ240981817
"Chongqing Southern New Town Industrial Investment Group Co.,Ltd.",APAC,IQ648347803
"Nantong Coastal Development Group Co., Ltd.",APAC,IQ642093688
"Shanghai Baolong Industry Development Co.,Ltd",APAC,IQ322322655
"Changde Economic Construction Investment Group Co., Ltd.",APAC,IQ99609969
Alok Industries Limited,APAC,IQ2584385
KISCO Corp.,APAC,IQ47772860
PT Krakatau Steel (Persero) Tbk,APAC,IQ9273440
"Shenzhen Jinjia Group Co.,Ltd.",APAC,IQ26689228
"China Vanke Co., Ltd.",APAC,IQ5493345
Nam Kim Steel Joint Stock Company,APAC,IQ47943853
"S&I Engineering & Construction Co., Ltd.",APAC,IQ1758812173
Beijing Capital Land Ltd.,APAC,IQ6658225
Longyan Water Development Group Limited,APAC,IQ683339274
China Tianrui Group Cement Company Limited,APAC,IQ33278349
"Beijing Capital Development Co., Ltd.",APAC,IQ11367534
PT Lippo Karawaci Tbk,APAC,IQ20356317
"Hongrun Construction Group Co., Ltd.",APAC,IQ28371007
Zensun Enterprises Limited,APAC,IQ1789880
Korea Land & Housing Corporation,APAC,IQ10244719
Aerosun Corporation,APAC,IQ13227396
"Chengdu Construction Engineering Co.,Ltd",APAC,IQ146097743
"Black Peony (Group) Co., Ltd.",APAC,IQ9647409
Taizhou City Construction Investment Group Company Limited,APAC,IQ109654348
"Jiande State-Owned Assets Management Co.,Ltd.",APAC,IQ544732498
Solargiga Energy Holdings Limited,APAC,IQ40085586
"Xiamen Financial Investment Group Co., Ltd.",APAC,IQ302511025
"Guizhou Shuanglong Airport Development Investment (Group) Co.,Ltd.",APAC,IQ599860450
"Dare Power Dekor Home Co.,Ltd.",APAC,IQ5397661
"Longzhou Group Co., Ltd.",APAC,IQ204822467
"Lets Holdings Group Co., Ltd.",APAC,IQ100851434
"Guangdong Tapai Group Co., Ltd.",APAC,IQ44679216
"Suzhou Chuangyuan Investment Development (Group) Co., Ltd.",APAC,IQ23298421
"China Wuyi Co., Ltd.",APAC,IQ5663015
"Tangshan Culture & Tourism Investment Group Co., Ltd.",APAC,IQ224107642
"Fuzhou City Construction Development Group Co.,Ltd.",APAC,IQ417964987
"Shaanxi Construction Machinery Co.,Ltd",APAC,IQ20359429
"Tengda Construction Group Co., Ltd.",APAC,IQ11313423
"Palm Eco-Town Development Co., Ltd",APAC,IQ106416156
Shanghai New World Holding Company Limited,APAC,IQ104597817
Lion Industries Corporation Berhad,APAC,IQ2481325
Pangang Group Company Limited,APAC,IQ5637272
"Nanjing Pukou Kangju Construction Group Co., Ltd.",APAC,IQ421873034
"Suzhou Hi-Tech State-owned Assets Management Group Co.,Ltd",APAC,IQ304226155
"Taiyuan Longcheng Development & Investment Co.,Ltd",APAC,IQ217604320
"Urumqi Economic Technological Development District Construction Investment Development (Group) Co.,L",APAC,IQ158353622
"Tecnon Electronics Co., Ltd.",APAC,IQ278500503
Bonava AB (publ),EMEA,IQ331037556
Algoma Steel Group Inc.,N. America,IQ381324
"Nanchang Industrial Investment Group Co.,Ltd.",APAC,IQ41862944
West Holdings Corporation,APAC,IQ25873509
"Yida Development Co., Limited",APAC,IQ276292298
"Xiamen Iport Group Co., Ltd.",APAC,IQ22515013
Shun Tak Holdings Limited,APAC,IQ875315
Sorin Corporation,APAC,IQ5525709
"Tang Eng Iron Works Co., Ltd.",APAC,IQ22128258
"Shanghai Jinmao Investment Management Group Co., Ltd.",APAC,IQ318414731
"Qingdao Chengyang Development and Investment Group Co.,Ltd.",APAC,IQ260658080
"Yunnan Provincial Energy Group Co., Ltd.",APAC,IQ206747356
Valterra Platinum Limited,EMEA,IQ873862
"Huafu Fashion Co., Ltd.",APAC,IQ22277461
"Daehan Steel Co., Ltd.",APAC,IQ5705224
"Fujian Sanmu Group Co., Ltd.",APAC,IQ6469704
"Shanghai Supezet Engineering Technology Corp., Ltd.",APAC,IQ702490642
SuZhou Sungent Holding Group Co.Ltd.,APAC,IQ413288040
T3EX Global Holdings Corp.,APAC,IQ33874442
Murray & Roberts Holdings Limited,EMEA,IQ875202
"Central Glass Co., Ltd.",APAC,IQ876777
"Shanghai Tongji Science&Technology Industrial Co.,Ltd",APAC,IQ5755120
"Jining Yanzhou Urban Construction Investment Co.,Ltd",APAC,IQ216146782
"CCS Supply Chain Management Co., Ltd.",APAC,IQ165432495
Powerlong Real Estate Holdings Limited,APAC,IQ34876466
"Taixing Zhongxing State-owned Assets Management and Investment Group Co., Ltd.",APAC,IQ183229992
West Fraser Timber Co. Ltd.,N. America,IQ643621
Melrose Industries PLC,EMEA,IQ8539114
Wuling Motors Holdings Limited,APAC,IQ7652965
Pruksa Holding Public Company Limited,APAC,IQ13526453
"Beijing Capital Development Holding (Group) Co., Ltd",APAC,IQ34955155
China Railway Materials Company Limited,APAC,IQ677067659
"Zhuhai Transportation Group Co.,Ltd.",APAC,IQ172305177
"Suzhou Gold Mantis Construction Decoration Co., Ltd.",APAC,IQ29948682
"Guangxi Xijiang Development & Investment Group Co.,Ltd",APAC,IQ182201343
"Sunward Intelligent Equipment Co., Ltd.",APAC,IQ30445425
"Shanghai Electric Wind Power Group Co., Ltd.",APAC,IQ601855622
"Wuxi urban construction Development Group Co., Ltd",APAC,IQ310933908
"Powerchina Roadbridge Group Co.,Ltd",APAC,IQ83283973
"Zhuzhou Geckor Group Co.,Ltd",APAC,IQ216853463
"Relo Group, Inc.",APAC,IQ5632831
China Resources Building Materials Technology Holdings Limited,APAC,IQ9535632
"Hebei Tourism Investment Group Co., Ltd.",APAC,IQ325747160
Yingtan State-owned Holding Group Company Limited,APAC,IQ225929562
Capital Environment Holdings Limited,APAC,IQ21927760
"Shanghai Jiao Yun Group Co., Ltd.",APAC,IQ11478458
"Shaanxi Heimao Coking Co., Ltd.",APAC,IQ54085045
Sinyi Realty Inc.,APAC,IQ9829320
Shanghai Industrial Holdings Limited,APAC,IQ881928
"Yulon Nissan Motor Co., Ltd",APAC,IQ13008366
Shanxi Lu'an Mining Industry Group Company Limited,APAC,IQ26443334
"TUS Environmental Science and Technology Development Co., Ltd.",APAC,IQ12725324
"Ganzhou Development Investment Holding Group Co., Ltd.",APAC,IQ216085411
"Marcus & Millichap, Inc.",N. America,IQ4249042
"Shandong Energy Group Construction Group Co., Ltd.",APAC,IQ567032277
"Shanxi Coal International Energy Group Co.,Ltd",APAC,IQ20334553
Green Economy Development Limited,APAC,IQ145378729
Wan Hai Lines Ltd.,APAC,IQ9682799
"Anhui Fuhuang Steel Structure Co., Ltd.",APAC,IQ113640192
Metinvest B.V.,EMEA,IQ23999732
Gemdale Properties and Investment Corporation Limited,APAC,IQ876808
Opendoor Technologies Inc.,N. America,IQ273515631
"China Urban-Rural Holding Group Co., Ltd.",APAC,IQ280787330
China Shuifa Singyes Energy Holdings Limited,APAC,IQ45337760
"Minmetals 23rd Metallurgical Construction Group Co., Ltd.",APAC,IQ411056976
"Taizhou Traffic Industry Group Co.,Ltd",APAC,IQ209788054
"Minmetals Development Co., Ltd.",APAC,IQ5467888
"Anyang Iron and Steel Co.,Ltd.",APAC,IQ5497439
"Beijing Tianheng Development Group CO., LTD.",APAC,IQ275361440
"LT SAMBO Co.,Ltd.",APAC,IQ97957116
"Zhuhai Port Holding Group Co,Ltd",APAC,IQ112998739
"Rongan Property Co.,Ltd.",APAC,IQ36111817
China Everbright Environment Group Limited,APAC,IQ9709409
"Beijing Financial Street Investment Group Co., Ltd.",APAC,IQ205571436
"THK Co., Ltd.",APAC,IQ883920
"Liaoning Cheng Da Co., Ltd.",APAC,IQ5555758
"Gansu Jiu Steel Group Hongxing Iron & Steel Co.,Ltd.",APAC,IQ9237590
Bensteel Group Corporation Limited,APAC,IQ206791422
Pressance Corporation,APAC,IQ5825016
"Shanghai Aerospace Automobile Electromechanical Co., Ltd.",APAC,IQ5632805
"LGI Homes, Inc.",N. America,IQ99856262
"Fuzhou Urban Rural Construction Group Co.,Ltd",APAC,IQ223993524
"Wooree Lighting Co.,Ltd",APAC,IQ9617537
"Xizang Tianlu Co., Ltd.",APAC,IQ9768768
Grange Resources Limited,APAC,IQ49169132
"Hubei Fuxing Science and Technology Co.,Ltd",APAC,IQ6507714
"Monalisa Group CO.,Ltd",APAC,IQ374385156
"Zhejiang Yankon Group Co., Ltd.",APAC,IQ20384643
Shandong Iron and Steel Company Ltd.,APAC,IQ12962318
"Chong Qing Liang Jiang New Area Development & Investment Group Co.,Ltd.",APAC,IQ183717367
"Zhejiang Changxing Financial Holding Group Co.,Ltd.",APAC,IQ580780134
Quhuo Limited,APAC,IQ254825467
DongFeng Automobile Co. LTD,APAC,IQ5493465
"Taixing City Investment Development Group Co.,Ltd",APAC,IQ694486424
"Pangang Group Vanadium & Titanium Resources Co., Ltd.",APAC,IQ20357771
Tianneng Power International Limited,APAC,IQ34455146
Sanyo Homes Corporation,APAC,IQ5885787
"HITO-Communications Holdings,Inc.",APAC,IQ47053689
STX Corporation,APAC,IQ1213270
"Xiamen Hexing Packaging Printing Co., Ltd.",APAC,IQ44152278
"Lingyuan Iron & Steel Co., Ltd.",APAC,IQ11312490
Hangzhou Xiaoshan State Owned Assets Management Group Co.Ltd,APAC,IQ205730181
Guanghui Logistics Co.Ltd,APAC,IQ133553604
"Handan Transportation Investment Group Co., Ltd.",APAC,IQ713060018
Orient Overseas (International) Limited,APAC,IQ4497238
"Xiamen ITG Group Corp.,Ltd",APAC,IQ5537059
PT Fajar Surya Wisesa Tbk,APAC,IQ3590782
Daebang Construction Co. Ltd.,APAC,IQ99804903
"Lhasa City Construction Investment and Management Co.,Ltd.",APAC,IQ381339855
"Hangzhou Communications Investment Group Co.,Ltd.",APAC,IQ226425299
Chongqing Iron & Steel Company Limited,APAC,IQ8275345
"Guangxi Jingui Pulp&Paper Co.,Ltd.",APAC,IQ272363039
Leading Holdings Group Limited,APAC,IQ694962828
Continental Aktiengesellschaft,EMEA,IQ410366
"XinJiang Ba Yi Iron & Steel Co.,Ltd.",APAC,IQ5515969
"China Railway Tielong Container Logistics Co., Ltd",APAC,IQ9829271
"Titan Wind Energy (Suzhou) Co.,Ltd",APAC,IQ98639764
"SolarEdge Technologies, Inc.",EMEA,IQ39461021
China National Building Material Company Limited,APAC,IQ9274012
Arbonia AG,EMEA,IQ877983
"Shanxi Coking Co., Ltd.",APAC,IQ6485821
"Froch Enterprise Co., Ltd.",APAC,IQ12719152
"Beijing Xingchuang Investment Co.,Ltd",APAC,IQ143419022
Zhangjiagang Free Trade Zone Jingang Asset Operation Company Limited,APAC,IQ140771371
"FAW Jiefang Group Co.,Ltd",APAC,IQ5504712
"Xiamen Torch Group Co.,Ltd.",APAC,IQ141388970
"Decai Decoration CO.,LTD",APAC,IQ646159534
Sinochem International Corporation,APAC,IQ9794094
"Shaanxi Xixian New Area Development Group Co., Ltd.",APAC,IQ580400918
China Marine Information Electronics Company Limited,APAC,IQ12708867
"COSCO SHIPPING Holdings Co., Ltd.",APAC,IQ26003482
Changsha High-Tech Holding Group Company Limited,APAC,IQ143350227
China Steel Corporation,APAC,IQ874243
China Jinmao Holdings Group Limited,APAC,IQ36113124
"Guangzhou Seagull Kitchen and Bath Products Co., Ltd.",APAC,IQ30007075
"Danyang Investment Group Co.,Ltd",APAC,IQ206632692
"Chongqing Longhu Development Co.,Ltd",APAC,IQ85064623
SpiceJet Limited,APAC,IQ13225855
"Shaanxi Blower (Group) Co., Ltd.",APAC,IQ59371697
"Southland Holdings, Inc.",N. America,IQ234118124
Deep Source Holdings Limited,APAC,IQ878527
Zhenjiang City Construction Industry Group Company Limited,APAC,IQ5491770
"Qidong State Owned Assets Investment Holding Co., Ltd.",APAC,IQ59072030
"Tama Home Co., Ltd.",APAC,IQ22710998
"Industrias CH, S. A. B. de C. V.",N. America,IQ9476468
"Guangdong Zhongnan Iron and Steel Co., Ltd.",APAC,IQ5502582
"Xinte Energy Co., Ltd.",APAC,IQ282009943
"TOP Engineering Co., Ltd",APAC,IQ9549688
"Bohai Automotive Systems CO., LTD.",APAC,IQ11341781
"Shanghai YongLi Belting Co., Ltd",APAC,IQ84933366
"Wonik IPS Co., Ltd.",APAC,IQ317005869
Di Dong Il Corporation,APAC,IQ5670280
Nanjing Xingang Development Corporation,APAC,IQ182029686
Hyosung Corporation,APAC,IQ2458052
"BBMG Jidong Cement Group Co., Ltd",APAC,IQ5637277
CCCC Investment Company Limited,APAC,IQ37443250
"Jinan Hi-tech Holding Group Co., Ltd.",APAC,IQ45823380
Maanshan Iron & Steel Company Limited,APAC,IQ4909783
Fountain Set (Holdings) Limited,APAC,IQ4480925
E-Commodities Holdings Limited,APAC,IQ100473065
"China West Construction Group Co., Ltd",APAC,IQ74922672
G J Steel Public Company Limited,APAC,IQ3596818
PT Waskita Karya (Persero) Tbk,APAC,IQ32989878
"Ishizuka Glass Co., Ltd.",APAC,IQ880873
"Gansu Shangfeng Cement Co.,Ltd",APAC,IQ217089261
"Hainan Airport Infrastructure Co., Ltd",APAC,IQ9794142
Wheels Up Experience Inc.,N. America,IQ250459761
Hexaom S.A.,EMEA,IQ155703
Highwealth Construction Corp.,APAC,IQ9829366
"Grupo Simec, S.A.B. de C.V.",N. America,IQ395778
"Orient International (Holding) Co., Ltd.",APAC,IQ22454552
"Anhui International Trade Group (Holding) Co.,Ltd",APAC,IQ44461399
"Kato Works Co.,Ltd.",APAC,IQ874272
"Shougang Group Co.,Ltd",APAC,IQ5471051
N.V. Nederlandse Spoorwegen,EMEA,IQ4497147
China Overseas Grand Oceans Group Limited,APAC,IQ4468139
"YC Inox Co.,Ltd",APAC,IQ9830222
ZIM Integrated Shipping Services Ltd.,EMEA,IQ13461755
"Anyang Iron & Steel Group Co., Ltd.",APAC,IQ90526165
"HBIS Resources Co., Ltd.",APAC,IQ12763366
"Tongling Construction Investment Holding Co.,Ltd.",APAC,IQ58088704
"MDM Plus Co., Ltd.",APAC,IQ544508498
"Yuen Chang Stainless Steel Co., Ltd.",APAC,IQ279383695
"SPG Rizhao Port Group Co., Ltd",APAC,IQ140714613
ShinYoung Co. Ltd.,APAC,IQ108805970
"Zhongguancun Development Group Co., Ltd.",APAC,IQ137641478
"Jiangsu Yueda Investment Co., Ltd.",APAC,IQ9735952
Public Joint Stock Company Magnitogorsk Iron & Steel Works,EMEA,IQ9681745
"Shanghai Waigaoqiao Free Trade Zone Group Co., Ltd.",APAC,IQ878635
"KCF Technologies Co.,Ltd.",APAC,IQ532397999
"Yutaka Giken Co.,Ltd.",APAC,IQ884044
"COSCO SHIPPING Development Co., Ltd.",APAC,IQ5479768
China Overseas Land & Investment Limited,APAC,IQ878481
"Tainan Spinning Co., Ltd.",APAC,IQ9794195
Nexity SA,EMEA,IQ1779942
"Shijiazhuang ChangShan BeiMing Technology Co.,Ltd",APAC,IQ20359629
"North Industries Group Red Arrow Co., Ltd",APAC,IQ146136424
"Xiamen ITG Holding Group Co.,Ltd",APAC,IQ118100375
"IS DongSeo Co., Ltd.",APAC,IQ5646617
"Dynagreen Environmental Protection Group Co., Ltd.",APAC,IQ265671209
"TCL Zhonghuan Renewable Energy Technology Co.,Ltd.",APAC,IQ35986812
Sumec Corporation Limited,APAC,IQ5794701
"Hunan Valin Steel Co., Ltd.",APAC,IQ9682619
"Nantong City Construction Group Co., Ltd.",APAC,IQ316282340
PT Wijaya Karya (Persero) Tbk,APAC,IQ26878134
"Xinxing Ductile Iron Pipes Co., Ltd.",APAC,IQ5545420
"Huaibei Mining Holdings Co.,Ltd.",APAC,IQ118744309
Pasona Group Inc.,APAC,IQ6442783
"FangDa Carbon New Material Co.,Ltd",APAC,IQ9735977
SEMES Co. Ltd.,APAC,IQ85140863
"Jiangsu Haisheng Holding Group Co., Ltd.",APAC,IQ261719277
"Xi'an Industrial Investment Group Co., Ltd.",APAC,IQ39797481
Canfor Corporation,N. America,IQ875105
CLK Corporation,APAC,IQ5533988
Angang Steel Company Limited,APAC,IQ5478359
Western Forest Products Inc.,N. America,IQ873783
Zhengye International Holdings Company Limited,APAC,IQ128166826
Ansteel Group Corporation Limited,APAC,IQ279975755
Italian-Thai Development Public Company Limited,APAC,IQ878835
Lendlease Group,APAC,IQ722005
"Tengzhou City Stated Owned Assets Management Co.,Ltd.",APAC,IQ145150793
Juki Corporation,APAC,IQ880887
"Hangzhou Xiaoshan Qianjiang Century City Development Construction Co.,Ltd",APAC,IQ329091772
"Shaoxing Shangyu State-Owned Capital Investment and Operation Co.,Ltd",APAC,IQ412830779
"Shandong Hi-Tech Innovation Construction Investment Group Co., Ltd.",APAC,IQ304692709
Triumph Science & Technology Group Company,APAC,IQ550268293
"Gold East Paper(Jiangsu)Co.,Ltd.",APAC,IQ5491119
"China National Building Material Group Co., Ltd.",APAC,IQ46892864
"Zhuhai Port Co.,Ltd.",APAC,IQ9794159
Hoa Sen Group,APAC,IQ40220561
China XD Group Corporation,APAC,IQ8859514
Hangzhou Linping City Construction Group Corporation Limited,APAC,IQ263432999
Deutsche Bahn AG,EMEA,IQ1537973
Luossavaara-Kiirunavaara AB (publ),EMEA,IQ874410
JM AB (publ),EMEA,IQ2456722
"China Master Logistics Co., Ltd.",APAC,IQ127861290
"Jiuquan Iron and Steel (Group) Co., Ltd.",APAC,IQ26022209
"Fujian Furi Electronics Co.,Ltd",APAC,IQ5704113
"HMM Co.,Ltd",APAC,IQ2444242
"Taeyoung Engineering & Construction Co.,Ltd.",APAC,IQ4509111
Holcim AG,EMEA,IQ410180
Texwinca Holdings Limited,APAC,IQ878184
"Logory Logistics Technology Co., Ltd.",APAC,IQ1826158803
Techcross Inc.,APAC,IQ107584600
"Xiamen Yu Chau Hung Real Estate Development Co.,Ltd.",APAC,IQ79712936
Avarga Limited,APAC,IQ4481258
"Jinneng Holding Equipment Manufacturing Group Co.,Ltd.",APAC,IQ12962687
SNC Former Public Company Limited,APAC,IQ20359982
"The Sumitomo Warehouse Co., Ltd.",APAC,IQ880706
HC Group Inc.,APAC,IQ9833977
Altareit SCA,EMEA,IQ12455052
"CIMC Vehicles (Group) Co., Ltd.",APAC,IQ46786191
PNC Infratech Limited,APAC,IQ40180686
"CCCC Construction Group Co., Ltd",APAC,IQ58811963
"Yieh Phui Enterprise Co., Ltd.",APAC,IQ9844438
"Beijing Capital Group Co., Ltd.",APAC,IQ9407745
YIT Oyj,EMEA,IQ874934
Anshan Iron and Steel Group Corporation,APAC,IQ5468473
"Guangdong KinLong Hardware Products Co.,Ltd.",APAC,IQ262829097
"Beijing Originwater Technology Co., Ltd.",APAC,IQ61903871
"Beijing Urban Construction Design & Development Group Co., Limited",APAC,IQ266730104
Shenyang Jinbei Automotive Company Limited,APAC,IQ7925104
"Sansteel MinGuang Co.,Ltd.,Fujian",APAC,IQ30900249
"THOR Industries, Inc.",N. America,IQ308299
"Nanjing Science and Technology Innovation Investment Co., Ltd.",APAC,IQ693289480
Jiangsu Liyang High-tech Zone Holding Group Co.Ltd,APAC,IQ539118816
"Zhejiang Jianfeng Group Co., Ltd.",APAC,IQ5435103
"Commercial Vehicle Group, Inc.",N. America,IQ10028455
"Feng Hsin Steel Co., Ltd.",APAC,IQ882706
"Wuchan Zhongda Geron Co.,Ltd.",APAC,IQ50985963
"Hanexpress.Co., Ltd",APAC,IQ5411748
"Expeditors International of Washington, Inc.",N. America,IQ270071
China Highway Engineering Consultants Corporation,APAC,IQ607161020
BBMG Corporation,APAC,IQ26722272
Dimerco Express Corporation,APAC,IQ9857995
Zhenjiang Transportation Industry Group Company Limited,APAC,IQ145031520
GB Corp,EMEA,IQ34646587
"Tibet Construction Engineering Building Materials Group Co.,Ltd.",APAC,IQ126903343
Nanjing Jiangning Economic and Technological Development Group Corporation Limited,APAC,IQ265096475
Fuyang Investment Development Group Corporation Limited,APAC,IQ570900226
Tianjin Port Development Holdings Limited,APAC,IQ27205364
Mitsubishi Paper Mills Limited,APAC,IQ876136
"Winnebago Industries, Inc.",N. America,IQ314960
"Zhengzhou Development Investment Group Co., Ltd",APAC,IQ253763392
"HuBei NengTer Technology CO.,Ltd",APAC,IQ30467276
"Triumph Group, Inc.",N. America,IQ35806
"Liuyang City Construction Group Co.,Ltd.",APAC,IQ271923539
Baoye Group Company Limited,APAC,IQ7942294
"Guangdong Sanhe Pile Co., Ltd.",APAC,IQ631265415
Western Bulk Chartering AS,EMEA,IQ225670333
"Hongshi Group Holdings Co.,Ltd",APAC,IQ36434452
"Jiangsu Shagang Co., Ltd.",APAC,IQ47097990
Huvis Corporation,APAC,IQ5487130
"DL Construction Co., Ltd.",APAC,IQ9560537
Taiga Building Products Ltd.,N. America,IQ878040
"Inner Mongolia First Machinery Group Co.,Ltd.",APAC,IQ21010250
"Tokyo Sangyo Co., Ltd.",APAC,IQ881638
"Aida Sekkei Co.,Ltd.",APAC,IQ5525492
Tianjin Port (Group)Co.Ltd,APAC,IQ54046702
Fukuda Corporation,APAC,IQ876538
"Yem Chio Co., Ltd.",APAC,IQ9829395
Minmetals Land Limited,APAC,IQ879536
"Seohee Construction Co., Ltd.",APAC,IQ5438989
"Donghao Lansheng (Group) Co., Ltd",APAC,IQ8158863
Taiwan Glass Ind. Corp.,APAC,IQ874651
Evergreen Marine Corporation (Taiwan) Ltd.,APAC,IQ878457
China Aviation Supplies Holding Company,APAC,IQ5557530
"Ichikoh Industries, Ltd.",APAC,IQ876042
Daiho Corporation,APAC,IQ874910
KUWAZAWA Holdings Corporation,APAC,IQ5503504
"Weifu High-Technology Group Co., Ltd.",APAC,IQ883320
"ChengDu Hi-Tech Development Co., Ltd.",APAC,IQ5422073
"Jiangsu Lianfa Textile Co.,Ltd",APAC,IQ47795861
"Wuhan Vehicle Valley Urban Development Group Co., LTD",APAC,IQ260658160
"Kailuan Energy Chemical Co.,Ltd.",APAC,IQ12952893
"Shanshan Group Co., Ltd.",APAC,IQ5533578
"Nanjing Iron & Steel Co., Ltd.",APAC,IQ81849794
"Zhenjiang Cultural Tourism Industry Group Co.,Ltd.",APAC,IQ288636279
China Lesso Group Holdings Limited,APAC,IQ106835239
"Yangzhou Longchuan Holding Group Co.,Ltd",APAC,IQ183061067
"POSCO STEELEON Co., Ltd.",APAC,IQ5885753
Abundance International Limited,APAC,IQ7646669
BlueLinx Holdings Inc.,N. America,IQ10004802
"Shandong Jinjing Science & Technology Stock Co.,Ltd",APAC,IQ12745529
Autech Corporation,APAC,IQ9548916
"Tellhow Sci-Tech Co., Ltd.",APAC,IQ20406570
"China Railway Wuhan Electrification Engineering Group Co., Ltd.",APAC,IQ1679834900
"CRE, Inc.",APAC,IQ146025204
Louisiana-Pacific Corporation,N. America,IQ286119
FSP Technology Inc.,APAC,IQ9829346
Asia Cement Corporation,APAC,IQ877186
Land and Houses Public Company Limited,APAC,IQ2482083
"POSCO Eco & Challenge Co., Ltd.",APAC,IQ5569287
"Changde Deyuan Investment Group Co., Ltd",APAC,IQ223188303
Jiangsu Jintan Investment Holdings Ltd,APAC,IQ413688276
Public Joint Stock Company Raspadskaya,EMEA,IQ22868134
"Guizhou Railway Investment Group Co., Ltd",APAC,IQ192231457
"Longchen Paper & Packaging Co., Ltd.",APAC,IQ1023192
"Guangdong Dongpeng Holdings Co.,Ltd.",APAC,IQ272337543
"Weihai Wendegn District Blue Ocean Investment Development Co.,Ltd.",APAC,IQ410210754
"The Keihin Co., Ltd.",APAC,IQ880463
Suzhou New District Economic Development Group Corporation,APAC,IQ36274332
Central China New Life Limited,APAC,IQ665853089
Shindonagh Construction Co. Ltd,APAC,IQ84156022
T.S. Lines Limited,APAC,IQ33029168
"Nichireki Group Co., Ltd.",APAC,IQ880678
Chongqing Dazu State Owned Asset Management Group Company Limited,APAC,IQ240749927
SUMEC Group Corporation,APAC,IQ22686884
"Xinjiang Zhongtai(Group)Co.,Ltd",APAC,IQ241308407
Pacific Basin Shipping Limited,APAC,IQ3736362
"Yancheng Dafeng District City Construction Group Co.,Ltd.",APAC,IQ244573710
Arcplus Group PLC,APAC,IQ12763489
Pingdingshan Development and Investment Holding Group co.ltd,APAC,IQ207427975
Dragon Steel Corporation,APAC,IQ12784163
"Nanjing Qixia State owned Assets Investment Group Co., Ltd.",APAC,IQ382042180
Watpac Limited,APAC,IQ876867
Sibanye Stillwater Limited,EMEA,IQ25714608
"Phihong Technology Co., Ltd.",APAC,IQ9870516
"Jiangsu Newheadline Development Group Co.,Ltd.",APAC,IQ216093473
"Guangdong Topstar Technology Co., Ltd.",APAC,IQ304101252
"Altri, SGPS, S.A.",EMEA,IQ20783030
FDK Corporation,APAC,IQ881135
3M Company,N. America,IQ289194
Fujian Construction Engineering Group Company Limited,APAC,IQ59153286
"Changshu Fengfan Power Equipment Co., Ltd.",APAC,IQ117329853
"Guangxi Liuzhou Iron and Steel Group Co., Ltd.",APAC,IQ41282500
"Dong Feng Electronic Technology Co.,Ltd.",APAC,IQ20383627
China Oriental Group Company Limited,APAC,IQ9071828
KNR Constructions Limited,APAC,IQ22662400
Sinotrans Limited,APAC,IQ6700882
Star Bulk Carriers Corp.,EMEA,IQ266636382
"Shenzhen Leaguer Co., Ltd.",APAC,IQ45316557
"Jiaxing Jiaxiu Development Investment Holding Group Co., Ltd",APAC,IQ540683309
"Nakabayashi Co., Ltd.",APAC,IQ880315
Yancheng Haixing Group Limited,APAC,IQ329848433
Dalian Port Corporation Limited,APAC,IQ10185858
Chongqing Light Industry&Textile Holding (Group)Company Limited,APAC,IQ41074274
Ningbo Zhoushan Port Group Limited,APAC,IQ142471732
Miracle Automation Engineering Co.Ltd,APAC,IQ12961356
"Chain Chon Industrial Co., Ltd.",APAC,IQ9870594
"Unifi, Inc.",N. America,IQ190965
"Shanghai Mechanical & Electrical Industry Co.,Ltd.",APAC,IQ878775
"Ilshin Spinning Co., Ltd",APAC,IQ5533472
"China Overseas Property Group Co.,Ltd",APAC,IQ32367400
HBIS Group Company Limited,APAC,IQ223700049
"Jiaxing Nanhu Towns Development and Construction Group Co., Ltd",APAC,IQ263432611
Chengdu Communication Investment Group Corporation Limited,APAC,IQ241209428
"Greif, Inc.",N. America,IQ377361
KLN Logistics Group Limited,APAC,IQ9735360
Ji'an Urban Construction Investment Development Company,APAC,IQ108719799
PT Adhi Karya (Persero) Tbk,APAC,IQ9240241
"Shanxi Installation Group Co., Ltd.",APAC,IQ656456999
"Zoomlion Heavy Industry Science and Technology Co., Ltd.",APAC,IQ9261932
"Liaoning Port Group Co., Ltd.",APAC,IQ618824739
Shougang Fushan Resources Group Limited,APAC,IQ7658031
"Xiamen Anju Holding Group Co., Ltd",APAC,IQ314103351
"Beijing Uni-Construction Group Co.,Ltd.",APAC,IQ37800094
Toa Road Corporation,APAC,IQ880724
"Financial Street Holdings Co., Ltd.",APAC,IQ12530875
"Jiangsu Yonggang Group Co.,Ltd",APAC,IQ13011216
Aichi Corporation,APAC,IQ880370
Advanced Process Systems Corporation,APAC,IQ410470087
"China Metal Products Co., Ltd.",APAC,IQ9196251
"China Design Group Co., Ltd.",APAC,IQ264206968
"Denkyo Group Holdings Co.,Ltd.",APAC,IQ5561536
"Anhui Quanchai Engine Co., Ltd.",APAC,IQ12745044
Grandy House Corporation,APAC,IQ24527649
"Jingjiang Beichen Urban and Rural Construction Investment Co., Ltd.",APAC,IQ611009478
Huainan City Construction Investment Co. Ltd,APAC,IQ268792832
"Nanjing AnJu Construction Group co.,Ltd",APAC,IQ412000584
"Weifang Binhai Tourism Group Co.,Ltd.",APAC,IQ332213468
"CCCC Third Highway Engineering Co.,Ltd",APAC,IQ36315966
"Tianjin You Fa Steel Pipe Group Stock Co., Ltd.",APAC,IQ54499872
"Rugao Communications Industry Group Co., Ltd",APAC,IQ129087402
"Huitongda Network Co., Ltd.",APAC,IQ270058482
Nisshinbo Holdings Inc.,APAC,IQ875837
"Hanaro TNS Co., Ltd.",APAC,IQ104436603
"HANSHIN Engineering & Construction Co., Ltd.",APAC,IQ2482264
"Tokyo Rope Mfg. Co., Ltd.",APAC,IQ880163
"Nakayama Steel Works, Ltd.",APAC,IQ875907
Gulermak Aglr Sanayi Insaat ve Taahhut A.S.,EMEA,IQ609852591
"Hang Xiao Steel Structure Co.,Ltd",APAC,IQ11147097
"Imasen Electric Industrial Co., Ltd.",APAC,IQ884014
"Landstar System, Inc.",N. America,IQ30675
"Chengdu ETDZ State-owned Investment Group Co., Ltd.",APAC,IQ577233541
Sany Group Company Limited,APAC,IQ5720242
Noda Corporation,APAC,IQ883407
"Lotte Aluminium Co., Ltd.",APAC,IQ5531834
Guang Dong Pearl River Investment Co.Ltd,APAC,IQ22747654
"Harbin Dongan Auto Engine Co.,Ltd",APAC,IQ5554220
CTS International Logistics Corporation Limited,APAC,IQ6491667
Hokkan Holdings Limited,APAC,IQ875725
POSCO-Thainox Public Company Limited,APAC,IQ13413267
"Shaoxing Paojiang Industry Zone Investment Development Co., Ltd.",APAC,IQ223766252
Aluminum Corporation of China Limited,APAC,IQ1539526
Fosun International Limited,APAC,IQ25067258
"UFP Industries, Inc.",N. America,IQ328243
"TangshanJidong Equipment and Engineering Co.,Ltd.",APAC,IQ13166527
"East Group Co.,Ltd",APAC,IQ49035548
Guangxi Forestry Group Company Limited,APAC,IQ137083942
DRA Global Limited,APAC,IQ538706250
"Dongwha Enterprise Co.,Ltd",APAC,IQ9870791
"Central Japan International Airport Company, Ltd.",APAC,IQ24805247
Logwin AG,EMEA,IQ669767
"Xinjiang Vital Development and Construction (Group) Co., Ltd",APAC,IQ206429123
"Dexing Investment Holding Group Co., Ltd.",APAC,IQ274885715
"Godo Steel, Ltd.",APAC,IQ876403
Bradken Limited,APAC,IQ11365458
"Nippon Thompson Co., Ltd.",APAC,IQ875961
Transdev Australasia Pty Ltd,APAC,IQ26444356
"Fujian State-Owned Assets Management Co.,Ltd.",APAC,IQ543161084
"Qinchuan Machine Tool & Tool Group Share Co., Ltd.",APAC,IQ12726193
"Urumqi Gaoxin Investment and Development Group Co.,LTD.",APAC,IQ233422578
Mitsui Iron Ore Development Pty Ltd,APAC,IQ23317457
"Dazhong Mining Co., Ltd.",APAC,IQ54174035
AEM Holdings Ltd.,APAC,IQ8086209
Sogefi S.p.A.,EMEA,IQ854518
"Formosa Taffeta Co., Ltd.",APAC,IQ9870491
NSK Ltd.,APAC,IQ874386
"Rongcheng Caixin Investment Co.,Ltd.",APAC,IQ661428799
Prakash Industries Limited,APAC,IQ20358462
Chung Hwa Pulp Corporation,APAC,IQ183342820
"Zhejiang Southeast Space Frame Co., Ltd.",APAC,IQ30374424
AIT Corporation,APAC,IQ32671933
"TrueBlue, Inc.",N. America,IQ361457
"Youlchon Chemical Co.,Ltd.",APAC,IQ5569657
Hanking Gold International Limited,APAC,IQ134239162
Tongyang Inc.,APAC,IQ874949
"Soda Nikka Co., Ltd.",APAC,IQ880780
"Hengdian Group Tospo Lighting Co., Ltd.",APAC,IQ49617452
Lonking Holdings Limited,APAC,IQ24349913
"Hebei Construction Transportation Investment Co.,Ltd",APAC,IQ253855693
"INNOX Advanced Materials Co.,Ltd.",APAC,IQ415560708
"Tianjin TEDA Resources Recycling Group Co., Ltd.",APAC,IQ20376123
"Xiamen Road & Bridge Construction Group Co., Ltd.",APAC,IQ58179377
"Hansol Logistics Co., Ltd.",APAC,IQ5538207
Anywhere Real Estate Inc.,N. America,IQ26879202
"Changzhou Binjiang Investment and Development Group Co., Ltd.",APAC,IQ595774523
"CECEP Guozhen Environmental Protection Technology Co., Ltd.",APAC,IQ206493931
"Asia Paper Manufacturing. Co., Ltd",APAC,IQ12721855
"Chongqing Port Co.,Ltd.",APAC,IQ20334614
Kitagawa Corporation,APAC,IQ881069
"Jiashan State-owned Assets Investment Co.,Ltd",APAC,IQ212325172
"Beijing DaXing Development State-owned Capital Investment Operation Co.,Ltd",APAC,IQ576962488
"Sany Heavy Industry Co.,Ltd",APAC,IQ5853231
Crest Nicholson Holdings plc,EMEA,IQ98644498
"Zhejiang Huada New Materials Co., Ltd.",APAC,IQ415167129
"Wood One Co.,Ltd.",APAC,IQ880285
Yingkou Port Group Corporation Limited,APAC,IQ28071123
"Sankyo Frontier Co.,Ltd.",APAC,IQ5631602
Nachi-Fujikoshi Corp.,APAC,IQ875850
"Nippon Sharyo, Ltd.",APAC,IQ879035
"Yuan Ding Investment Co., Ltd.",APAC,IQ22516701
"Beijing Shougang Co., Ltd.",APAC,IQ5476299
"Wuhan Ecological Environment Investment and Development Group Co., Ltd",APAC,IQ592812525
Public Joint Stock Company Severstal,EMEA,IQ7489861
Boustead Singapore Limited,APAC,IQ4030640
"Ternium Mexico, S. A. de C. V.",N. America,IQ359215
"Inner Mongolia Baotou Steel Union Co., Ltd.",APAC,IQ13025969
Yulon Motor Company Ltd.,APAC,IQ8673439
"Superior Industries International, Inc.",N. America,IQ306072
China Aerospace Science and Technology Corporation,APAC,IQ24623232
"Chicony Power Technology Co., Ltd.",APAC,IQ224481401
TriMas Corporation,N. America,IQ309400
"Faltec Co., Ltd.",APAC,IQ11271828
NORMA Group SE,EMEA,IQ100785957
"MITSUI-SOKO HOLDINGS Co., Ltd.",APAC,IQ879836
Shinsho Corporation,APAC,IQ879940
Nabtesco Corporation,APAC,IQ9245873
The India Cements Limited,APAC,IQ877985
Outokumpu Oyj,EMEA,IQ874536
"Huida Sanitary Ware Co.,Ltd",APAC,IQ254827220
"Tsubaki Nakashima Co., Ltd.",APAC,IQ874788
Hamersley WA Pty Ltd,APAC,IQ142653854
"TBK Co., Ltd.",APAC,IQ883849
SRV Yhtiöt Oyj,EMEA,IQ3206124
Allcargo Logistics Limited,APAC,IQ25037130
"FULONGMA GROUP Co.,Ltd.",APAC,IQ139744340
Gecoss Corporation,APAC,IQ881600
"LX Hausys, Ltd.",APAC,IQ53086970
"China Baowu Steel Group Co.,Ltd",APAC,IQ5464588
"Zunyi Investment (Group) Co., Ltd.",APAC,IQ182161692
"Caoxian Shangdu Investment Co., Ltd.",APAC,IQ643409324
"ChongQing Expressway Group Co.,Ltd.",APAC,IQ106455570
Seika Corporation,APAC,IQ875858
ArcelorMittal South Africa Limited,EMEA,IQ875667
Hopson Development Holdings Limited,APAC,IQ4492768
"Keshun Waterproof Technolgies Co.,Ltd.",APAC,IQ410113411
"New Kansai International Airport Co., Ltd.",APAC,IQ223172231
"Grandjoy Holdings Group Co., Ltd.",APAC,IQ12469425
"Seikitokyu Kogyo Co., Ltd.",APAC,IQ881013
"Fujisash Co.,Ltd.",APAC,IQ882994
Taiwan Paiho Limited,APAC,IQ9829333
Shijiazhuang Hutuo New District Investment Development Company Limited,APAC,IQ322217530
"Neijiang Investment Holding Group Co., Ltd",APAC,IQ114261689
"Nippon Kinzoku Co., Ltd.",APAC,IQ876156
Xinyi Glass Holdings Limited,APAC,IQ13575007
Marubeni Corporation,APAC,IQ873804
Hope Downs Marketing Company Pty Ltd,APAC,IQ233919702
CCCC Second Harbour Engineering Company Ltd,APAC,IQ58812246
"NPC Co., Ltd.",APAC,IQ20357120
"Guangdong Provincial Expressway Development Co., Ltd.",APAC,IQ8279684
Douglas Elliman Inc.,N. America,IQ3160361
Impala Platinum Holdings Limited,EMEA,IQ791281
"Fangda Special Steel Technology Co., Ltd.",APAC,IQ13291914
"Daewoo Engineering & Construction Co., Ltd.",APAC,IQ5467802
"China Energy Conservation and Environmental Protection Group Co., Ltd.",APAC,IQ22360464
ARCHION Corporation,APAC,IQ410218
"Fujian Qingshan Paper Industry Co., Ltd.",APAC,IQ5927153
"Xinjiang Communications Construction Group Co., Ltd.",APAC,IQ130911745
"Namhung Engineering & Construction Co., Ltd.",APAC,IQ104434342
"Osaka Steel Co., Ltd.",APAC,IQ882326
Shaanxi Construction Engineering Group Corporation Limited,APAC,IQ241746386
Jain Irrigation Systems Limited,APAC,IQ881275
"JELD-WEN Holding, Inc.",N. America,IQ141581761
"Liuzhou Iron&Steel Co., Ltd",APAC,IQ22092700
"Sinohydro Bureau 5Co.,Ltd",APAC,IQ577321367
SAIC Motor Corporation Limited,APAC,IQ5553848
SCG Decor Public Company Limited,APAC,IQ65059551
"Wonik Holdings Co.,Ltd.",APAC,IQ9833116
Univance Corporation,APAC,IQ879284
"Shenzhen Zhenye (Group) Co.,Ltd.",APAC,IQ5886387
JSC Holding Company METALLOINVEST,EMEA,IQ23182022
"Sinohydro Engineering Bureau 8 Co., Ltd.",APAC,IQ5554928
"Nippon Concrete Industries Co., Ltd.",APAC,IQ880845
HBIS Company Limited,APAC,IQ5479405
"DONGWON LOEX Co.,Ltd",APAC,IQ127904487
"Shanghai Electric Holdings Group Co., Ltd.",APAC,IQ5774286
Schenker Australia Pty Limited,APAC,IQ5722667
"Meiko Trans Co., Ltd.",APAC,IQ5504072
"Konoike Construction Co., Ltd.",APAC,IQ5467431
"Shindaeyang Paper Co., Ltd.",APAC,IQ5685098
"Yichang Urban Development and Investment Group Co.,Ltd",APAC,IQ408866115
Nolato AB (publ),EMEA,IQ879697
Robert Walters plc,EMEA,IQ712587
Makita Corporation,APAC,IQ286047
Brookfield Residential Properties ULC,N. America,IQ3222595
"Alight, Inc.",N. America,IQ602501270
"UEX, Ltd.",APAC,IQ884086
IDEC Corporation,APAC,IQ880667
"Gem-Year Industrial Co.,Ltd.",APAC,IQ30901029
"Nac Co., Ltd.",APAC,IQ883841
"Shanghai Xinpeng Industry Co.,Ltd.",APAC,IQ82767591
GCL Technology Holdings Limited,APAC,IQ46477815
"Changxing Communications Investment Group Co.,Ltd.",APAC,IQ267953067
"Eagon Holdings Co.,Ltd",APAC,IQ9171444
Central Nippon Expressway Company Limited,APAC,IQ30536418
Texhong International Group Limited,APAC,IQ12870272
LIXIL Corporation,APAC,IQ875426
"Shin Zu Shing Co., Ltd.",APAC,IQ20386604
"Zhejiang Weixing New Building Materials Co., Ltd.",APAC,IQ49682404
"Iida Group Holdings Co., Ltd.",APAC,IQ81588570
"Canny Elevator Co., Ltd.",APAC,IQ75379491
"Hongyuan Green Energy Co., Ltd.",APAC,IQ141499641
"SG Holdings Co.,Ltd.",APAC,IQ46952397
"China Spacesat Co.,Ltd.",APAC,IQ13205011
Mitani Corporation,APAC,IQ2327039
"Zhejiang Unifull Industrial Fibre Co., Ltd.",APAC,IQ105917412
"Chongqing Hechuan City Construction Investment (Group) Co.,Ltd",APAC,IQ129298532
"China Triunph International Engineering Co., Ltd.",APAC,IQ22408494
"Shenzhen Fuanna Bedding and Furnishing Co.,Ltd",APAC,IQ37186483
Dongjiang Environmental Company Limited,APAC,IQ8087569
"Beijing Infrastructure Investment Co.,Ltd.",APAC,IQ13102857
"Jiangsu Shuangxi Industry Co.,Ltd.",APAC,IQ661591838
Tyco Electronics AMP Korea Ltd.,APAC,IQ99505712
Shaoxing Jinghu New Area Development Group Co.Ltd,APAC,IQ295739994
"Zhuji Municipal State-owned Assets Management Co.,Ltd.",APAC,IQ412817763
Shenzhen Expressway Corporation Limited,APAC,IQ4509984
"Yodoko, Ltd.",APAC,IQ874707
"Tianjin Port Holdings Co., Ltd.",APAC,IQ5639194
Sunac Services Holdings Limited,APAC,IQ682580554
"Radiant Logistics, Inc.",N. America,IQ3604786
"Furukawa Co.,Ltd.",APAC,IQ875992
COMSYS Holdings Corporation,APAC,IQ876636
Kumho & Company Incorporation,APAC,IQ65052391
"HyUnion Holding Co.,Ltd",APAC,IQ41660849
"Sanyo Denki Co., Ltd.",APAC,IQ883470
"Huzhou Wuxing Nantaihu Construction Investment Group Co.,Ltd.",APAC,IQ264066613
Hiwin Technologies Corporation,APAC,IQ23135763
"Sankyo Tateyama,Inc.",APAC,IQ5490537
"KG Dongbu Steel Co.,Ltd.",APAC,IQ879745
China Electronics Optics Valley Union Holding Company Limited,APAC,IQ260515270
"Kawada Technologies, Inc.",APAC,IQ52510190
Toyo Engineering Corporation,APAC,IQ874555
"Changhong Huayi Compressor Co., Ltd.",APAC,IQ11367509
"Zhongyuan Yuzi Investment Holding Group Co.,Ltd.",APAC,IQ529096378
Tiangong International Company Limited,APAC,IQ33210737
"Sodick Co., Ltd.",APAC,IQ876230
Rieter Holding AG,EMEA,IQ875584
Interfor Corporation,N. America,IQ873972
Globe Union Industrial Corp.,APAC,IQ9844157
"COFCO Commercial Property Investment Co.,Ltd",APAC,IQ69139567
"Cheng Shin Rubber Ind. Co., Ltd.",APAC,IQ10975476
"NanTong Economic and Technological Development Area Holding Group Co.,Ltd",APAC,IQ5538166
KONE Holdings (Australia) Limited,APAC,IQ22475712
"Samyung Trading Co., Ltd.",APAC,IQ5631762
"Wisdom Marine Lines Co., Limited (Cayman)",APAC,IQ62287114
"Shanghai Baoye Group Corp., Ltd",APAC,IQ49651125
"Okabe Co., Ltd.",APAC,IQ876876
Metropolitan Expressway Company Limited,APAC,IQ30536500
"Fukuyama Transporting Co., Ltd.",APAC,IQ878044
"Shanghai Environment Group Co., Ltd.",APAC,IQ49525633
"Miyaji Engineering Group,Inc.",APAC,IQ10159714
Metallurgical Corporation of China Ltd.,APAC,IQ59053378
"Weihai Guangtai Airport Equipment Co.,Ltd",APAC,IQ30961420
"Rechi Precision Co., Ltd.",APAC,IQ9870455
"Xuzhou Economic and Technological Development Zone State-owned Assets Management Co., Ltd",APAC,IQ182413540
Bharat Coking Coal Limited,APAC,IQ22595456
"Jiangsu Wujin Stainless Steel Pipe Group CO.,LTD.",APAC,IQ49553363
YFY Inc.,APAC,IQ8237809
"JK Holdings Co., Ltd.",APAC,IQ883404
"YONGSAN Co., Ltd.",APAC,IQ54912313
Sensteed Hi-Tech Group,APAC,IQ127092230
Nahar Spinning Mills Limited,APAC,IQ20357073
"Baoshan Iron & Steel Co., Ltd.",APAC,IQ5467189
Tokura Corporation,APAC,IQ5885485
"XCMG Construction Machinery Co., Ltd.",APAC,IQ20383994
"Guangdong Road & Bridge Construction Development Co.,Ltd",APAC,IQ41086049
"Sumitomo Mitsui Construction Co.,Ltd.",APAC,IQ880704
TOWA Corporation,APAC,IQ883225
"China Construction FangCheng Investment&Development Group Co.,Ltd.",APAC,IQ322738228
China Construction Second Engineering Bureau LTD.,APAC,IQ46890449
"Lianyungang Public Utilities Co.,Ltd",APAC,IQ264630181
"Beijing Fengjing Automotive Parts Co., Ltd.",APAC,IQ53426247
Nitta Corporation,APAC,IQ882313
"WDB Holdings Co., Ltd.",APAC,IQ23317032
"Fuzhou Construction Engineering Group Co., Ltd.",APAC,IQ225193137
"PIOLAX, Inc.",APAC,IQ883108
Pacific National Holdings Pty Ltd,APAC,IQ33984952
"Sumitomo Osaka Cement Co., Ltd.",APAC,IQ874538
DENSO KOREA ELECTRONICS CORPORATION,APAC,IQ6070827
"Ruitai Materials Technology Co., Ltd.",APAC,IQ28071807
"China Aerospace Times Electronics CO., LTD.",APAC,IQ5422245
Hyundai L&C Corporation,APAC,IQ613050868
Novem Group S.A.,EMEA,IQ1673457821
China National Machinery Industry Corporation,APAC,IQ22511881
"Zhejiang Xinchai Co.,Ltd",APAC,IQ51371307
"Ohmoto Gumi Co., Ltd.",APAC,IQ883903
Wharf Real Estate Investment Company Limited,APAC,IQ533844287
Pacific Textiles Holdings Limited,APAC,IQ27399595
"DL E&C Co.,Ltd.",APAC,IQ687809418
"Hayward Holdings, Inc.",N. America,IQ704668472
BEML Limited,APAC,IQ881673
Shanghai STEP Electric Corporation,APAC,IQ45274185
"Tokyo Metro Co., Ltd.",APAC,IQ22386655
"Kindom Development Co., Ltd.",APAC,IQ6489508
Nokian Renkaat Oyj,EMEA,IQ882473
Canada Post Corporation,N. America,IQ4161380
UNID Global Corporation,APAC,IQ5533167
"J-MAX Co.,Ltd.",APAC,IQ5633558
"Xiamen Xiangyu Co., Ltd.",APAC,IQ99994155
"Sinosteel Engineering & Technology Co., Ltd.",APAC,IQ5705511
Taizhou Jindong Urban Construction Investment and Group Co.Ltd,APAC,IQ364697886
"Sumitomo Realty & Development Co., Ltd.",APAC,IQ874562
"Deewin Tianxia Co., Ltd",APAC,IQ1788977168
"Shanghai Construction Group Co., Ltd.",APAC,IQ5479459
Jindal Steel Limited,APAC,IQ12736079
"Tianchang Urban Development (Group) Co.,Ltd.",APAC,IQ658203714
"Japan Property Management Center Co.,Ltd.",APAC,IQ47794296
Notting Hill Genesis,EMEA,IQ22676607
iMarketKorea Inc.,APAC,IQ5490786
"Hainan Development HoldingsNanhai Co., Ltd.",APAC,IQ30420756
"Wolong New Energy Group Co., Ltd.",APAC,IQ11381751
Ryerson Holding Corporation,N. America,IQ84928962
"Ochi Holdings Co., Ltd.",APAC,IQ5522541
"Tomoku Co., Ltd.",APAC,IQ880365
"KUMHO Engineering & Construction Co., Ltd.",APAC,IQ5468098
Yamazen Corporation,APAC,IQ876671
"Odakyu Electric Railway Co., Ltd.",APAC,IQ878101
"Meiko Construction Co.,Ltd.",APAC,IQ5502812
"Weifang Binhai Investment Development Co.,Ltd",APAC,IQ265735459
"Huzhou Nanxun State-owned Assets Investment Holding Co., Ltd",APAC,IQ204731517
Dilip Buildcon Limited,APAC,IQ131364256
Jingjiang Port (Group) Company Limited,APAC,IQ38701578
Boise Cascade Company,N. America,IQ26014489
"Maruzen Showa Unyu Co., Ltd.",APAC,IQ877081
Shibusawa Logistics Corporation,APAC,IQ880917
Sinochem Hong Kong (Group) Company Limited,APAC,IQ22385698
"Kamigumi Co., Ltd.",APAC,IQ876715
"Xiamen Port Holding Group Co.,Ltd",APAC,IQ54112402
Seiwa Chuo Holdings Corporation,APAC,IQ5645838
"Cosmos Group Co., Ltd.",APAC,IQ33836719
NOK Corporation,APAC,IQ875524
"Huafang Co.,Ltd",APAC,IQ13165729
"Shanghai Zhonggu Logistics Co., Ltd.",APAC,IQ328857679
"Tsk Water Co., Ltd.",APAC,IQ109000903
Japan Transcity Corporation,APAC,IQ880707
Daio Paper Corporation,APAC,IQ875944
"Tianrun Industry Technology Co., Ltd.",APAC,IQ22784979
"Guangzhou Intelligent Equipment Group Co.,Ltd",APAC,IQ216996449
Tekken Corporation,APAC,IQ879874
"Shandong Huatai Paper Industry Shareholding Co.,Ltd",APAC,IQ5720979
"Shanying International Holdings Co.,Ltd",APAC,IQ225571785
SDI Corporation,APAC,IQ9829237
"SHO-BOND Holdings Co.,Ltd.",APAC,IQ878204
"Chun Yuan Steel Industry Co., Ltd.",APAC,IQ9844674
Kolon Global Corporation,APAC,IQ5483668
"Yunnan Communications Investment & Constructions Group Co., Ltd",APAC,IQ238520248
Norske Skog ASA,EMEA,IQ283764576
Kurabo Industries Ltd.,APAC,IQ878542
Harmonic Drive Systems Inc.,APAC,IQ5433989
"Zhongyeda Electric Co., Ltd.",APAC,IQ22847784
"Xinjiang Beixin Road & Bridge Group Co., Ltd",APAC,IQ78909074
Knauf Gypsum Pty Ltd,APAC,IQ5472115
"Wakachiku Construction Co., Ltd.",APAC,IQ874521
"Daido Steel Co., Ltd.",APAC,IQ874732
Fuji Corporation  (Operating 1),APAC,IQ880775
"The Japan Wool Textile Co., Ltd.",APAC,IQ879685
JSTI Group,APAC,IQ38271110
United States Steel Corporation,N. America,IQ314896
Triumph New Energy Company Limited,APAC,IQ5663055
"Bondex Supply Chain Management Co., Ltd.",APAC,IQ675551395
Jiangsu Wujin Economic Development Group,APAC,IQ138904152
"Elentec Co., Ltd.",APAC,IQ5773817
JDC Corporation,APAC,IQ5885156
"Sheng Yu Steel Co., Ltd.",APAC,IQ11150014
"Noritake Co., Limited",APAC,IQ876099
PT Solusi Bangun Indonesia Tbk,APAC,IQ2919355
Fuji Furukawa Engineering & Construction Co.Ltd.,APAC,IQ883436
"SsangYong C&E Co., Ltd.",APAC,IQ2938755
"Jiangsu Zhongchao Holding Co., Ltd.",APAC,IQ54160454
"Xuzhou Construction Machinery Group Co., Ltd.",APAC,IQ1673609942
"Quad/Graphics, Inc.",N. America,IQ126362
"CMST Development Co.,Ltd.",APAC,IQ5722631
GEOLIVE Group Corporation,APAC,IQ6454921
"Nippon Densetsu Kogyo Co., Ltd.",APAC,IQ880795
"COSCO SHIPPING International (Hong Kong) Co., Ltd.",APAC,IQ878435
PT Semen Indonesia (Persero) Tbk,APAC,IQ877933
Godawari Power & Ispat Limited,APAC,IQ26524152
"Central Security Patrols Co., Ltd.",APAC,IQ883661
Tokyo Energy & Systems Inc.,APAC,IQ880608
"Husteel Co., Ltd.",APAC,IQ5554919
"Kanda Holdings Co.,Ltd.",APAC,IQ880647
Schweiter Technologies AG,EMEA,IQ881964
Lee & Man Paper Manufacturing Limited,APAC,IQ5704663
"Kyodo Printing Co., Ltd.",APAC,IQ880720
PAMT CORP,N. America,IQ294465
"Valeo Pyeong Hwa Co.,Ltd.",APAC,IQ5689353
"Qingling Motors Co., Ltd.",APAC,IQ878627
Meiwa Corporation,APAC,IQ880875
"Kunshan Transportation Development Holding Group Co.,Ltd",APAC,IQ246788427
"Neturen Co., Ltd.",APAC,IQ880871
"Will Group, Inc.",APAC,IQ251726841
"Kimura Unity Co., Ltd.",APAC,IQ5545672
"Xiamen Solex High-tech Industries Co., Ltd.",APAC,IQ559367038
"HAESUNG DS Co., Ltd.",APAC,IQ327656273
"Jinyuan EP Co., Ltd.",APAC,IQ252804216
Riksbyggen,EMEA,IQ30052273
"Dongkuk Industries Co., Ltd.",APAC,IQ5546003
Jianan Investment Holding Group Co.Ltd,APAC,IQ224227399
CCCC Urban Investment Holding Company Limited,APAC,IQ634023810
"Beijing Oriental Yuhong Waterproof Technology Co., Ltd.",APAC,IQ48710124
"Jiangsu Chuanghong Asset Management Co.,Ltd.",APAC,IQ640565215
Asti Corporation,APAC,IQ9193343
"Anhui Gourgen Traffic Construction Co.,Ltd.",APAC,IQ570481387
"SECOM CO., LTD.",APAC,IQ874370
CKD Corporation,APAC,IQ875927
Lai Sun Development Company Limited,APAC,IQ875133
Daekwang Construction Co. Ltd.,APAC,IQ84546440
"Babcock & Wilcox Enterprises, Inc.",N. America,IQ276172365
"Sugimoto & Co., Ltd.",APAC,IQ5907763
"HD Hyundai Infracore Co., Ltd.",APAC,IQ5872498
CTF Services Limited,APAC,IQ4492809
PT PP (Persero) Tbk,APAC,IQ32366872
Sg Koryo Co. Ltd,APAC,IQ104426838
Han's Holdings Group Ltd.,APAC,IQ340357647
China COSCO Shipping Corporation Limited,APAC,IQ580041765
"Taihei Dengyo Kaisha, Ltd.",APAC,IQ878932
"Farglory Land Development Co., Ltd.",APAC,IQ9682600
"Deqing Construction & Development Group Co.,Ltd",APAC,IQ596272837
"Shangrao City Construction Investment Development Group Co.,Ltd.",APAC,IQ222920135
Yondenko Corporation,APAC,IQ880757
"SP Nature Co., Ltd.",APAC,IQ99411248
Kuehne + Nagel International AG,EMEA,IQ829264
"Seojin Industrial Co., Ltd.",APAC,IQ645949
"TPR Co., Ltd.",APAC,IQ883462
"A-Living Smart City Services Co., Ltd.",APAC,IQ549264030
"Weiye Construction Group Co., Ltd.",APAC,IQ144140206
"Jiangsu Guomao Reducer Co., Ltd.",APAC,IQ531010477
"Jiangnan Mould & Plastic Technology Co., Ltd.",APAC,IQ9804555
Nippon Yusen Kabushiki Kaisha,APAC,IQ874498
Robert Half Inc.,N. America,IQ276703
American Woodmark Corporation,N. America,IQ250549
Hokuetsu Corporation,APAC,IQ876645
Eternal Asia Supply Chain Management Ltd.,APAC,IQ22595586
Ever Reach Group (Holdings) Company Limited,APAC,IQ589379637
Civmec Limited,APAC,IQ183179341
"SHIN YOUNG Co., Ltd.",APAC,IQ23064888
SeAH Changwon Integrated Special Steel Corporation,APAC,IQ35338481
"Loginet Japan Co., Ltd.",APAC,IQ23780288
Times Neighborhood Holdings Limited,APAC,IQ636265457
"Sambo Corrugated Board Co., Ltd.",APAC,IQ5411734
Sino-Ocean Service Holding Limited,APAC,IQ695869848
"Yancheng Haiying Holding Group Co.,Ltd",APAC,IQ327851405
"Tayho Advanced Materials Group Co., Ltd.",APAC,IQ26813969
TOTO LTD.,APAC,IQ873962
"Nippon Paper Industries Co., Ltd.",APAC,IQ6069180
NICHIDEN Corporation,APAC,IQ883599
"Anhui Huamao Textile Co., Ltd.",APAC,IQ5824702
New Zealand Aluminium Smelters Limited,APAC,IQ5537083
"Zhejiang Construction Investment Group Co.,Ltd",APAC,IQ566630408
"Topy Industries, Limited",APAC,IQ876037
Hapag-Lloyd Aktiengesellschaft,EMEA,IQ1054622
"JFE Holdings, Inc.",APAC,IQ6478993
Yuanda China Holdings Limited,APAC,IQ130214692
Unitika Ltd.,APAC,IQ874286
Golden Land Property Development Public Company Limited,APAC,IQ6426993
"Zbom Home Collection Co.,Ltd",APAC,IQ411619052
Icahn Enterprises L.P.,N. America,IQ250592
Wafer Works Corporation,APAC,IQ9897687
"Beijing Watertek Information Technology Co., Ltd.",APAC,IQ128221620
"China Railway Construction Investment Group Co.,Ltd.",APAC,IQ340530308
Xiamen S.E.Z Real Estate Development Corporation Limited,APAC,IQ83112845
YASKAWA Electric Corporation,APAC,IQ694718
Nichiha Corporation,APAC,IQ878657
Dana Incorporated,N. America,IQ174336
Redfin Corporation,N. America,IQ25389842
"Fuzhou High-tech Zone Development Investment Group Co., Ltd.",APAC,IQ703088125
"Seventh Division State-Owned Assets Management Co.,Ltd.",APAC,IQ295822232
"Mitsubishi Steel Mfg. Co., Ltd.",APAC,IQ875099
"Zhejiang Wanliyang Co., Ltd.",APAC,IQ106528429
Nichias Corporation,APAC,IQ876158
"Sekisui Chemical Co., Ltd.",APAC,IQ874567
"Chori Co., Ltd.",APAC,IQ874173
Signify N.V.,EMEA,IQ339173232
"Qifeng New Material Co., Ltd.",APAC,IQ49583255
Sankyu Inc.,APAC,IQ877581
Kforce Inc.,N. America,IQ340462
Kam Hing International Holdings Limited,APAC,IQ11686741
"China Railway Tunnel Group Co.,Ltd",APAC,IQ649310006
Tianjin New Technology Industrial Park Wuqing Development Zone General Company,APAC,IQ183142595
Nice Corporation,APAC,IQ877568
"CCCC First Highway Engineering Group Co.,Ltd.",APAC,IQ597331585
"ASIA Holdings CO., Ltd.",APAC,IQ880101
Yokogawa Bridge Holdings Corp.,APAC,IQ878628
"Onoken Co., Ltd.",APAC,IQ881339
CWT International Limited,APAC,IQ878482
"Nippon Yakin Kogyo Co., Ltd.",APAC,IQ876044
"AK Holdings, Inc.",APAC,IQ6463724
"Deyang Development Holding Group Co.,Ltd.",APAC,IQ227923101
Cheng Loong Corporation,APAC,IQ9846035
SGL Carbon SE,EMEA,IQ389673
Sekisui Jushi Corporation,APAC,IQ880080
"Zhongyuan Environmental Protection Co., Ltd.",APAC,IQ6491228
"Jiangsu Shuangxing Color Plastic New Materials Co., Ltd.",APAC,IQ114981520
"Sinohydro Bureau 7 Co., Ltd",APAC,IQ265897026
"Liaoning Port Co., Ltd.",APAC,IQ24368456
Viettel Post Joint Stock Corporation,APAC,IQ53036027
Muda Holdings Berhad,APAC,IQ877100
Yurtec Corporation,APAC,IQ880734
PSK Inc.,APAC,IQ584210003
"SGC E&C Co., Ltd.",APAC,IQ5843780
Exide Industries Limited,APAC,IQ878434
BAIC Motor Corporation Limited,APAC,IQ217267370
"TangShan Port Group Co.,Ltd",APAC,IQ102327752
Thales Australia Holdings Pty Ltd,APAC,IQ311537524
"China-Singapore Suzhou Industrial Park Development Group Co., Ltd.",APAC,IQ29899215
Heesung Catalysts Corp.,APAC,IQ5503538
SMC Corporation,APAC,IQ877127
Kyoei Steel Ltd.,APAC,IQ865355
"Chengdu Xisheng Investment Group Co., Ltd.",APAC,IQ1680452577
Suzhou Industrial Park Trirun Investment Holding Group Company Limited,APAC,IQ46896135
Leopalace21 Corporation,APAC,IQ883696
"Beijing Construction Engineering Group Co., Ltd.",APAC,IQ47531241
"Forest Packaging Group Co.,Ltd.",APAC,IQ620303691
Leoch International Technology Limited,APAC,IQ114661247
Hanon System EFP Corporation,APAC,IQ606864999
BTS Group Holdings Public Company Limited,APAC,IQ6339721
"Kanamoto Co.,Ltd.",APAC,IQ884297
"Star Micronics Co., Ltd.",APAC,IQ879053
Airbus Australia Pacific Limited,APAC,IQ939649
"Takamisawa Co., Ltd.",APAC,IQ5582696
China Construction Fourth Engineering Division Corp. Ltd.,APAC,IQ22581745
"Xiamen Port Development Co., Ltd.",APAC,IQ13292451
"The Nippon Road Co., Ltd.",APAC,IQ880900
Korea Expressway Corporation,APAC,IQ20504719
Metsä Board Oyj,EMEA,IQ5465868
"Matson, Inc.",N. America,IQ248450
"Ningxia Building Materials Group Co.,Ltd",APAC,IQ12961362
"SIMMTECH Co., Ltd.",APAC,IQ285863307
"Nihon Tokushu Toryo Co., Ltd.",APAC,IQ880941
"Zhejiang Rongsheng Environmental Protection Paper Co., Ltd.",APAC,IQ280745562
Dampskibsselskabet Norden A/S,EMEA,IQ878967
"Tokyo Tekko Co., Ltd.",APAC,IQ880215
"Guangzhou Guangri Stock Co.,Ltd.",APAC,IQ118106312
"Xiamen Sunrise Group Co., Ltd.",APAC,IQ132858824
Luoyang City Development Investment Group Company Limited,APAC,IQ142464774
"8990 Holdings, Inc.",APAC,IQ33049538
"Nishi-Nippon Railroad Co., Ltd.",APAC,IQ881025
"Jiangsu Tongli Tianqi Technology Co., Ltd.",APAC,IQ83345891
"Aeon Delight Co., Ltd.",APAC,IQ5521910
"Toyo Construction Co., Ltd.",APAC,IQ875971
Oriental Shiraishi Corporation,APAC,IQ881621
K.R.S. Corporation,APAC,IQ882739
"Yunnan Construction and Investment Holding Group Co., Ltd.",APAC,IQ60526698
"Guangxi Beibu Gulf Investment Group Co.,Ltd.",APAC,IQ116584454
MISUMI Group Inc.,APAC,IQ2445542
"Changchun Engley Automobile Industry Co.,Ltd.",APAC,IQ128800787
"Huaian District Urban Assets Management Co., Ltd.",APAC,IQ378031658
"Wuhan Metro Group Co., Ltd.",APAC,IQ83733898
Wabash National Corporation,N. America,IQ320333
Tokyu Corporation,APAC,IQ875638
Hokkaidenko Corporation,APAC,IQ5542311
"Tri Pointe Homes, Inc.",N. America,IQ4163332
"Suzhou Hailu Heavy Industry Co.,Ltd",APAC,IQ46234372
"LIKE, Inc.",APAC,IQ30942416
Fanuc Corporation,APAC,IQ874495
"Empresa Naviera Elcano, S.A.",EMEA,IQ5636100
China Minmetals Corporation,APAC,IQ5522774
"Zhejiang Tengen Electrics Co.,Ltd.",APAC,IQ114823097
Oiles Corporation,APAC,IQ882449
Klöckner & Co SE,EMEA,IQ875955
Nissin Corporation,APAC,IQ880838
Kongsberg Automotive ASA,EMEA,IQ121944
East Nippon Expressway Company Limited,APAC,IQ30536463
Changzhou Communications Industry Group Company Limited,APAC,IQ217379517
"Nihon Yamamura Glass Co., Ltd.",APAC,IQ877209
Shimao Services Holdings Limited,APAC,IQ658639366
Yamato Corporation,APAC,IQ883570
Huai'an State Joint Investment Development Group.,APAC,IQ376876403
"China Resources and Environment Co.,Ltd.",APAC,IQ269939529
"Nikko Co., Ltd.",APAC,IQ880821
Kenda Rubber Industrial Co. Ltd.,APAC,IQ11500010
"Tonami Holdings Co., Ltd.",APAC,IQ876149
Randstad Pty Limited,APAC,IQ25987007
Shanghai Urban Construction (Group) Corporation,APAC,IQ6476990
"Nishimatsu Construction Co., Ltd.",APAC,IQ874328
SFA Engineering Corporation,APAC,IQ5824741
"Choil Aluminum Co., Ltd.",APAC,IQ2482162
"Nippon Denko Co., Ltd.",APAC,IQ879630
Sichuan Expressway Company Limited,APAC,IQ4508993
Pos Malaysia Berhad,APAC,IQ4481531
"Akebono Brake Industry Co., Ltd.",APAC,IQ876166
"Conch (Anhui) Energy Saving and Environment Protection New Material Co., Ltd.",APAC,IQ5919917
Saurer Intelligent Technology Co. Ltd,APAC,IQ409573445
TMT Steel Public Company Limited,APAC,IQ20700958
"ULVAC, Inc.",APAC,IQ5480909
China Merchants Group Limited,APAC,IQ6561945
"Ningbo Construction Co., Ltd.",APAC,IQ138401828
Dangote Cement Plc,EMEA,IQ49523293
Tasman Steel Holdings Limited,APAC,IQ26443172
"Zhejiang Jingxing Paper Joint Stock Co., Ltd.",APAC,IQ22933494
Sanden Corporation,APAC,IQ874031
"Iseki & Co., Ltd.",APAC,IQ879942
"Taiho Kogyo Co., Ltd.",APAC,IQ896481
"Jiangling Motors Group Co.,Ltd.",APAC,IQ137017218
"Human Holdings Co., Ltd.",APAC,IQ11518917
"Toyo Seikan Group Holdings, Ltd.",APAC,IQ877301
"Nanjing Tourism Group Co.,Ltd",APAC,IQ42224772
Sao Mai Group Corporation,APAC,IQ52397468
"Fujian Provincial Communication Transportation Group Co.,Ltd",APAC,IQ116846571
"Takuma Co., Ltd.",APAC,IQ880989
Taylor Wimpey plc,EMEA,IQ682795
"Shanghai Electric Group Co., Ltd.",APAC,IQ22655256
"Ichor Holdings, Ltd.",N. America,IQ409540249
"MIRARTH HOLDINGS,Inc.",APAC,IQ5533255
Welspun Living Limited,APAC,IQ9205420
ALCONIX Corporation,APAC,IQ5478733
"Kelly Services, Inc.",N. America,IQ282655
"Enshu Truck Co.,Ltd.",APAC,IQ5720845
Jiangsu Runcheng Asset Management Group Company Limited,APAC,IQ217728430
Stockland Trust Management Limited as trustee for Stockland Trust,APAC,IQ99506025
Beijing State-owned Capital Operation and Management Company Limited,APAC,IQ110049503
Da Ming International Holdings Limited,APAC,IQ115700805
Fudo Tetra Corporation,APAC,IQ879738
"SIP State Capital Investment and Operation Holdings Co.,Ltd",APAC,IQ128452010
"Cosmos Initia Co., Ltd.",APAC,IQ5477666
Takada Corporation,APAC,IQ5885317
"Meiji Electric Industries Co.,Ltd.",APAC,IQ23751995
Fuzhou New Area Development & Investment Group Company Limited,APAC,IQ701582482
Tung Ho Steel Enterprise Corporation,APAC,IQ881628
Mikuni Corporation,APAC,IQ883107
"Tokyo Steel Manufacturing Co., Ltd.",APAC,IQ875981
Kerry TJ Logistics Company Limited,APAC,IQ20375475
Stalprodukt S.A.,EMEA,IQ5711572
Ronesans Holding AS,EMEA,IQ83115374
"Nittoc Construction Co., Ltd.",APAC,IQ880945
"Matsui Construction Co., Ltd.",APAC,IQ5491026
"Guizhou Communications Construction Group Co,Ltd",APAC,IQ301203835
QuanZhou State-owned Assets Investment&management Co.ltd,APAC,IQ262826884
Bellway p.l.c.,EMEA,IQ877369
Rashtriya Ispat Nigam Limited,APAC,IQ10176473
"Kurimoto,Ltd.",APAC,IQ880809
Mitsubishi Logistics Corporation,APAC,IQ874310
EXEDY Corporation,APAC,IQ881322
"Yamato Kogyo Co., Ltd.",APAC,IQ878900
Supalai Public Company Limited,APAC,IQ7689792
"Shanghai Tunnel Engineering Co., Ltd.",APAC,IQ5499569
Cybrid Technologies Inc.,APAC,IQ214701502
TOBISHIMA HOLDINGS Inc.,APAC,IQ875442
"Xinjiang Joinworld Co., Ltd.",APAC,IQ11147130
Surya Roshni Limited,APAC,IQ10336860
"PHC CO,.LTD",APAC,IQ83970060
Atkore Inc.,N. America,IQ26325966
"Nagase & Co., Ltd.",APAC,IQ875047
"JINSUNG T.E.C., Inc.",APAC,IQ9460388
"Jiujiang Lianxi District Urban Investment (Group) Co., Ltd.",APAC,IQ329570627
"Nippon Express Holdings, Inc.",APAC,IQ874496
"Bros Eastern.,Ltd",APAC,IQ61167897
"Daido Kogyo Co., Ltd.",APAC,IQ880993
Giti Tire Pte. Ltd.,APAC,IQ22549099
"Kumagai Gumi Co.,Ltd.",APAC,IQ874274
"Lianyungang Urban Construction Holding Group Co.,Ltd",APAC,IQ411697567
"SEOHAN Const. & Eng.co.,Ltd",APAC,IQ9587314
XMXYG Corporation,APAC,IQ30338857
Tredegar Corporation,N. America,IQ189282
Shenzhen Port Group Company Limited,APAC,IQ13333409
"China Merchants Shekou Industrial Zone Holdings Co., Ltd.",APAC,IQ31285843
"GlobalWafers Co., Ltd.",APAC,IQ157525119
"State Development & Investment Corp.,Ltd.",APAC,IQ12299066
"Dynapac Co., Ltd.",APAC,IQ883631
Ten Pao Group Holdings Limited,APAC,IQ305359610
"Sumitomo Heavy Industries, Ltd.",APAC,IQ874595
"Youngwire Co., Ltd.",APAC,IQ5434280
"Fengcheng Development Investment Holding Group Co., Ltd.",APAC,IQ692615224
"Sinomach Precision Industry Group Co., Ltd.",APAC,IQ23272672
"China International Marine Containers (Group) Co., Ltd.",APAC,IQ5482935
"Sakai Moving Service Co.,Ltd.",APAC,IQ5545049
"Mianyang Science Technology Development Investment(Group)Co.,Ltd",APAC,IQ208579763
"Nippon Light Metal Holdings Company, Ltd.",APAC,IQ874455
"DMCI Holdings, Inc.",APAC,IQ881697
"Isewan Terminal Service Co., Ltd.",APAC,IQ5534759
"Yancheng Transportation Holding Group Co., Ltd.",APAC,IQ424271035
"Guangzhou KDT Machinery Group Co., Ltd.",APAC,IQ272458540
"Kpp Group Holdings Co., Ltd.",APAC,IQ41105821
Chudenko Corporation,APAC,IQ880879
"Tokushu Tokai Paper Co., Ltd.",APAC,IQ880972
"Takaoka Toko Co., Ltd.",APAC,IQ208598094
Jacobs Solutions Inc.,N. America,IQ282159
"China State Construction Xinjiang Construction Engineering (Group) Co.,Ltd",APAC,IQ46950629
Shanghai Lujiazui Development (Group) Company Limited,APAC,IQ31137942
"Yuasa Co., Ltd.",APAC,IQ881033
Taiheiyo Cement Corporation,APAC,IQ874419
Pangaea Logistics Solutions Ltd.,N. America,IQ262886628
"Duskin Co., Ltd.",APAC,IQ6436214
PT. Indo-Rama Synthetics Tbk,APAC,IQ878311
"CSCEC Strait Construction and Development Co.,Ltd",APAC,IQ131013482
"SeAH SPECIAL STEEL CO., LTD.",APAC,IQ5775614
TOKAI Holdings Corporation,APAC,IQ875829
"Fuzhou State-owned Capital Investment and Operation Group Co., Ltd.",APAC,IQ324760969
"SNT Motiv Co., Ltd.",APAC,IQ6462784
"Luoyang urban rural construction investment group Co., Ltd",APAC,IQ332039918
Kiswire Ltd.,APAC,IQ5545899
"Alsok Co.,Ltd.",APAC,IQ6439839
"Takashima & Co., Ltd.",APAC,IQ880760
"Shibaura Machine Co.,Ltd.",APAC,IQ875108
"Nanfang Pump Industry Co., Ltd.",APAC,IQ83112805
Shenzhen International Holdings Limited,APAC,IQ878577
"Science City (GZ) Investment Group Co.,Ltd.",APAC,IQ312601644
NMDC Limited,APAC,IQ9531876
Hanshin Expressway Company Limited,APAC,IQ30589546
"Xizi Clean Energy Equipment Manufacturing Co., Ltd.",APAC,IQ26671165
"Kuribayashi Steamship Co., Ltd.",APAC,IQ883915
"Guangxi Beibu Gulf International Port Group Co.,Ltd",APAC,IQ41570818
"H-One Co.,Ltd.",APAC,IQ5532251
"Yutong Heavy Industries Co.,Ltd.",APAC,IQ5702972
"Konoike Transport Co.,Ltd.",APAC,IQ5479540
Holley Inc.,N. America,IQ586061084
"Jinke Smart Services Group Co., Ltd.",APAC,IQ693136755
"Shenzhen Silver Basis Technology Co., Ltd.",APAC,IQ52092661
"Hunan Chuzhisheng Holding Industrial Group Co., Ltd.",APAC,IQ320010205
"Xuchang City Investment Group Co.,Ltd",APAC,IQ204937527
O-Well Corporation,APAC,IQ5508650
BirlaNu Limited,APAC,IQ9460662
China Sunshine Paper Holdings Company Limited,APAC,IQ35419851
Kaufman & Broad S.A.,EMEA,IQ8276472
Skymark Airlines Inc.,APAC,IQ5648659
Suncall Corporation,APAC,IQ5577196
en Inc.,APAC,IQ10062181
China Aluminum International Engineering Corporation Limited,APAC,IQ54444955
Costain Group PLC,EMEA,IQ874235
Maruichi Steel Tube Ltd.,APAC,IQ874721
"Chongqing Machinery And Electronics Holding (group) Co.,ltd.",APAC,IQ51494365
Hap Seng Consolidated Berhad,APAC,IQ874975
"Wuxi Communications Industry Group Co.,Ltd",APAC,IQ61877026
"Guangdong Guanhao High-Tech Co., Ltd.",APAC,IQ9735889
"Takara Standard Co.,Ltd.",APAC,IQ874684
Zhengzhou Zhongrui Industrial Group Co. Ltd,APAC,IQ429776877
Mitsuba Corporation,APAC,IQ878600
PT Kirana Megatara Tbk,APAC,IQ206415968
Trident Limited,APAC,IQ12704561
Deutsche Wohnen SE,EMEA,IQ5647053
Aichi Steel Corporation,APAC,IQ879625
"Okaya & Co., Ltd.",APAC,IQ882211
Ushio Inc.,APAC,IQ875776
"Shangrao Investment Holding Group Co., Ltd.",APAC,IQ331906593
Tanabe Engineering Corporation,APAC,IQ5920057
"DeHua TB New Decoration Material Co.,Ltd",APAC,IQ22277294
Far Eastern New Century Corporation,APAC,IQ877181
"Universal Logistics Holdings, Inc.",N. America,IQ12632379
China Conch Venture Holdings Limited,APAC,IQ252329673
"Press Kogyo Co., Ltd.",APAC,IQ875921
CCCC First Harbor Engineering Company Ltd.,APAC,IQ58811493
"Dsti Co.,Ltd.",APAC,IQ433843557
"EXEO Group, Inc.",APAC,IQ880850
AGC Inc.,APAC,IQ873693
"G Collado, S.A.B. de C.V.",N. America,IQ7100213
"SBS Holdings, Inc.",APAC,IQ10732546
Biesse S.p.A.,EMEA,IQ4588984
Sappi Limited,EMEA,IQ394818
"Zhoukou Investment Group Co., Ltd.",APAC,IQ264875011
"Jiangxi Ganyue Expressway CO.,LTD.",APAC,IQ9768792
"Seversky Pipe Plant, Joint stock company",EMEA,IQ4048724
China SCE Group Holdings Limited,APAC,IQ84199383
LMW Limited,APAC,IQ8101335
Haining State-Owned Assets Management and Operation Corporation Limited,APAC,IQ225108171
Golik Holdings Limited,APAC,IQ879615
Open Up Group Inc.,APAC,IQ34230747
Interroll Holding AG,EMEA,IQ882491
Formosa Sumco Technology Corporation,APAC,IQ13642043
"Youngor Fashion Co., Ltd.",APAC,IQ5546533
Orient Cement Limited,APAC,IQ138482615
"Putian State-owned Assets Investment Co., Ltd.",APAC,IQ304692974
"China Jushi Co., Ltd.",APAC,IQ20502367
Sumco Corporation,APAC,IQ22516216
"Chuetsu Pulp & Paper Co., Ltd.",APAC,IQ881061
"Hankuk Paper Mfg. Co., Ltd",APAC,IQ879389
Shinnihon Corporation,APAC,IQ881105
"CCCC Second Highway Engineering Co.,Ltd.",APAC,IQ58812340
KYB Corporation,APAC,IQ874352
Chongqing Nan'an Urban Construction & Development (Group) Co.Ltd.,APAC,IQ242384962
Hutchison Port Holdings Trust,APAC,IQ118415309
"Ilsung Construction Co., Ltd.",APAC,IQ5568124
"Soho Fashion Group Co., Ltd.",APAC,IQ12716924
"Daqin Railway Co., Ltd.",APAC,IQ28009454
Yamabiko Corporation,APAC,IQ61202855
"Raito Kogyo Co., Ltd.",APAC,IQ881109
"Shaanxi Construction Engineering Group Co., Ltd.",APAC,IQ665916286
"Keihan Holdings Co., Ltd.",APAC,IQ875844
Fuji Corporation Limited,APAC,IQ5534329
"Jiangsu Jintan Guofa International Investment Development Co., Ltd",APAC,IQ381928829
"Shanxi Taigang Stainless Steel Co., Ltd.",APAC,IQ5482731
"Taiyuan Iron & Steel (Group) Co.,Ltd.",APAC,IQ5475746
Kolon Corporation,APAC,IQ879366
"AJ Networks Co.,Ltd.",APAC,IQ98572724
"Hamakyorex Co., Ltd.",APAC,IQ5708809
Yechiu Metal Recycling (China) Ltd.,APAC,IQ31333058
"China Fangda Group Co., Ltd.",APAC,IQ2491649
"Ningbo Communications Investment Holdings Co., Ltd",APAC,IQ41133137
Chen Hsong Holdings Limited,APAC,IQ878103
Piaggio & C. SpA,EMEA,IQ7885406
FP Corporation,APAC,IQ882896
Shibuya Corporation,APAC,IQ884311
"Changchun FAWAY Group Automobile Components Co., Ltd.",APAC,IQ6462873
"Koito Manufacturing Co., Ltd.",APAC,IQ877303
China Construction Seventh Engineering Division. Corp. Ltd.,APAC,IQ130406275
"Beijing Shunyi District State Owned Capital Management Co., Ltd.",APAC,IQ402634360
Tata Steel (Thailand) Public Company Limited,APAC,IQ10930243
MIRAIT ONE Corporation,APAC,IQ881336
"Xi'an Shaangu Power Co., Ltd.",APAC,IQ49495528
"Beiqi Foton Motor Co.,Ltd.",APAC,IQ5510595
"Xinjiang Qingsong Building Materials and Chemicals Group Co., Ltd.",APAC,IQ12726217
Rail Vikas Nigam Limited,APAC,IQ25251964
PT Indah Kiat Pulp & Paper Tbk,APAC,IQ3590733
J. Lauritzen A/S,EMEA,IQ6447353
Yakjin Trading Corporation,APAC,IQ5863213
Nifco Inc.,APAC,IQ874049
"Nippi,Incorporated",APAC,IQ881153
Metallus Inc.,N. America,IQ256837003
"Taixing Chengxing State-Owned Assets Management Investment Co.,Ltd",APAC,IQ143640554
"Changchai Company, Limited",APAC,IQ882101
"Diamond Electric Holdings Co., Ltd.",APAC,IQ5572262
Sundart Holdings Limited,APAC,IQ62403609
Power Network Services Pty Ltd,APAC,IQ131459405
Dongwon Systems Corporation,APAC,IQ2436355
"NISSHIN GROUP HOLDINGS Company, Limited",APAC,IQ5527863
"Nanjing Aoti Construction Development Co., Ltd.",APAC,IQ555481742
RAIZNEXT Corporation,APAC,IQ883338
"Shanghai Moons' Electric Co., Ltd.",APAC,IQ51662341
Guangdong Provincial Freeway Limited Company,APAC,IQ41081883
GuiZhou Expressway Group Company Limited,APAC,IQ266652792
Hoa Phat Group Joint Stock Company,APAC,IQ36692926
"Marten Transport, Ltd.",N. America,IQ286586
Stratasys Ltd.,N. America,IQ34839
Posti Group Oyj,EMEA,IQ1067477
Japan Logistic Systems Corp.,APAC,IQ884155
Varta AG,EMEA,IQ874287
"Jinlongyu Group Co., Ltd.",APAC,IQ303325734
SeAH Holdings Corporation,APAC,IQ9548910
"Hashimoto Sogyo Holdings Co.,Ltd.",APAC,IQ883980
Yieh United Steel Corp.,APAC,IQ12720691
"Jiangsu Linyang Energy Co., Ltd.",APAC,IQ30821774
"Kobe Steel, Ltd.",APAC,IQ240526
"Guangdong Provincial Port & Shipping Group Co.,Ltd.",APAC,IQ171757522
McMillan Shakespeare Limited,APAC,IQ11884260
The Berkeley Group Holdings plc,EMEA,IQ876770
"Hubei Donper Electromechanical Group Co., Ltd.",APAC,IQ52030981
"Fukoku Co.,Ltd.",APAC,IQ884196
"Futaba Industrial Co., Ltd.",APAC,IQ880831
Cleveland-Cliffs Inc.,N. America,IQ261738
"Nittoseiko Co.,Ltd.",APAC,IQ880806
Dongfeng Motor Group Company Limited,APAC,IQ24674704
UEKI Corporation,APAC,IQ880952
Coronado Global Resources Inc.,APAC,IQ582534656
"Nakamoto Packs Co.,Ltd.",APAC,IQ5637161
Raytheon Australia Pty Ltd,APAC,IQ7820399
Pact Group Holdings Ltd,APAC,IQ252685596
"Lotte Global Logistics Co.,Ltd.",APAC,IQ5542625
TYM Corporation,APAC,IQ879397
"Huai'an Investment Holdings Group Co., Ltd.",APAC,IQ291555585
Eregli Demir ve Çelik Fabrikalari T.A.S.,EMEA,IQ879694
Bunzl Australasia Limited,APAC,IQ5435677
"Goldsun Building Materials Co., Ltd.",APAC,IQ1048600
"Suzhou Hycan Holdings Co., Ltd.",APAC,IQ109765868
"People, Dreams & Technologies Group Co., Ltd.",APAC,IQ883790
Aluminum Corporation of China,APAC,IQ36809938
Meidensha Corporation,APAC,IQ874354
Korea Line Corporation,APAC,IQ5510485
Nakano Corporation,APAC,IQ880708
PT Asahimas Flat Glass Tbk,APAC,IQ882209
"T.RAD Co., Ltd.",APAC,IQ880055
"Hengdian Group Holding Co.,Ltd",APAC,IQ9538063
"TS TECH Co., Ltd.",APAC,IQ5874730
Aquafil S.p.A.,EMEA,IQ5553889
Korea Petroleum Industries Company,APAC,IQ9461553
"Fujian Expressway Development Co.,Ltd",APAC,IQ9377477
Eimskipafélag Íslands hf.,EMEA,IQ12456125
"Xiamen International Port Co., Ltd",APAC,IQ24906034
"CR Holdings Co., LTD.",APAC,IQ5395336
"Jining Chengtou Holding Group Co.,Ltd.",APAC,IQ178089266
"Korea Steel Co., Ltd.",APAC,IQ5842436
"Changsha Wangcheng Urban Construction Investment Group Co., Ltd.",APAC,IQ412832526
"Tongan Holding Co.,Ltd",APAC,IQ657898897
Vanachai Group Public Company Limited,APAC,IQ882267
"Hanjiang Guotou Group Co.,Ltd.",APAC,IQ215267665
"Kbi Metal Co., Ltd.",APAC,IQ9517073
"Dalian Wanda Commercial Management Group Co.,Ltd",APAC,IQ52033484
"Suzhou City Construction Investment Group (Holding) Co., Ltd",APAC,IQ327400145
"Hangzhou Xiaoshan International Airport Co., Ltd",APAC,IQ13643722
"Woongjin Co., Ltd.",APAC,IQ883356
China Railway Construction Corporation Limited,APAC,IQ7900511
"Inabata & Co.,Ltd.",APAC,IQ880713
Midland Holdings Limited,APAC,IQ4481696
Unipres Corporation,APAC,IQ880967
"Wakita & Co.,LTD.",APAC,IQ881005
"UT Group Co.,Ltd.",APAC,IQ33139085
"Doowon Heavy Industrial Co., Ltd.",APAC,IQ5646183
"Tianshan Aluminum Group Co.,Ltd",APAC,IQ272463956
"Weihai Wendeng District Urban Asset Management Co., Ltd.",APAC,IQ270134054
"Huadian Heavy Industries Co., Ltd.",APAC,IQ146101167
"Sanko Metal Industrial Co., Ltd.",APAC,IQ880901
Hosokawa Micron Corporation,APAC,IQ765667
"Hillenbrand, Inc.",N. America,IQ39348049
Mitsuboshi Belting Ltd.,APAC,IQ876078
"Liuyang Urban and Rural Development Group Co.,Ltd",APAC,IQ1775521829
"Xi'an Kingfar Holding Group Co.,Ltd",APAC,IQ699976058
"Hubei Three Gorges Cultural Tourism Group Co., Ltd.",APAC,IQ307851611
China Merchants Land Limited,APAC,IQ882614
"Denyo Co., Ltd.",APAC,IQ883451
"Aida Engineering, Ltd.",APAC,IQ874860
Jiangsu Shagang Group Company Limited,APAC,IQ5875065
"ENCE Energía y Celulosa, S.A.",EMEA,IQ874744
Kitano Construction Corp.,APAC,IQ876074
Juhua Group Corporation,APAC,IQ5531264
Albar Mimunit Services Ltd.,EMEA,IQ618389
LCI Industries,N. America,IQ267368
China Railway Group Limited,APAC,IQ38838502
IRB Infrastructure Developers Limited,APAC,IQ37592988
Keikyu Corporation,APAC,IQ879800
K&S Corporation Limited,APAC,IQ876896
"Eidai Co.,Ltd.",APAC,IQ5490792
Zumtobel Group AG,EMEA,IQ428706
"Jiangsu Guotai International Group Co., Ltd.",APAC,IQ5491045
Derichebourg SA,EMEA,IQ4493190
"China Coal Mine Construction Group Co., LTD.",APAC,IQ128514693
"Eagle Industry Co.,Ltd.",APAC,IQ880444
BlueScope Steel Limited,APAC,IQ6125891
Beijing Municipal Road & Bridge Corporation Limited,APAC,IQ46895857
Imerys S.A.,EMEA,IQ874191
"Beijing Automotive Group Co.,Ltd",APAC,IQ9284293
"Sanki Engineering Co., Ltd.",APAC,IQ877394
"Hanil Cement Co., Ltd.",APAC,IQ574490160
"Jiamei Food Packaging (Chuzhou) Co.,Ltd",APAC,IQ421344419
"Aerospace Hi-Tech Holding Group Co., Ltd.",APAC,IQ12763384
Vardhman Textiles Limited,APAC,IQ881200
OSG Corporation,APAC,IQ876126
PT Cemindo Gemilang Tbk,APAC,IQ228172197
"Roshow Technology Co., Ltd.",APAC,IQ47014311
Compagnie d'Entreprises CFE SA,EMEA,IQ874276
Mukand Limited,APAC,IQ878102
"Chang Wah Technology Co., Ltd.",APAC,IQ304227394
"Silvery Dragon Group Co., Ltd. Tianjin",APAC,IQ283453361
Hsin Kuang Steel Company Limited,APAC,IQ9476085
"Huitong Construction Group Co.,Ltd.",APAC,IQ246783013
"Ta Chen Stainless Pipe Co., Ltd.",APAC,IQ9830129
Zhejiang Xinghe Group Co.,APAC,IQ143868663
"Datang Environment Industry Group Co., Ltd.",APAC,IQ315968267
Kondotec Inc.,APAC,IQ5550428
"Huada Automotive Technology Corp.,Ltd",APAC,IQ314838027
"Nanjing Port Group Co.,Ltd.",APAC,IQ142826482
"Fuji Seal International, Inc.",APAC,IQ879152
"Nichirin Co., Ltd.",APAC,IQ5532854
"NS United Kaiun Kaisha, Ltd.",APAC,IQ880719
KWG Living Group Holdings Limited,APAC,IQ673443920
Thai Stanley Electric Public Company Limited,APAC,IQ878839
Dometic Group AB (publ),EMEA,IQ919378
Starts Corporation Inc.,APAC,IQ883848
"Fortune Brands Innovations, Inc.",N. America,IQ33174798
Hyundai Wia Corporation,APAC,IQ5504151
"Fuji Electric Co., Ltd.",APAC,IQ874099
"Nankai Tatsumura Construction Co., Ltd.",APAC,IQ5493505
"Kyeryong Construction Industrial Co., Ltd.",APAC,IQ9548778
Ann Joo Resources Berhad,APAC,IQ882433
"Daifuku Co., Ltd.",APAC,IQ875454
"Wuxi Public Utilities Industrial Group Co., Ltd.",APAC,IQ130346535
NRC Group ASA,EMEA,IQ876360
"Haining City Development Investment Group Co., Ltd.",APAC,IQ276100236
"Guangdong Provincial Communications Group Co.,Ltd",APAC,IQ32364502
Bozhou Chengjian Investment Co.Ltd,APAC,IQ331300992
"ShinMaywa Industries, Ltd.",APAC,IQ881007
China Railway Hi-tech Industry Corporation Limited,APAC,IQ13315278
Do it Best Corp.,N. America,IQ4165356
"Luzhou Industry Development Investment Group Co., Ltd",APAC,IQ318755328
"Hakudo Co., Ltd.",APAC,IQ5636889
Samkee Corp.,APAC,IQ99728828
"Daiseki Co.,Ltd.",APAC,IQ884148
"Zhengzhou Public Utility Investment Development Group Co.,Ltd",APAC,IQ365959912
Asia Pile Holdings Corporation,APAC,IQ12721949
Tokyo Electron Limited,APAC,IQ874944
"Eclat Textile Co., Ltd.",APAC,IQ9846195
Lindsay Corporation,N. America,IQ285016
Nine Dragons Paper (Holdings) Limited,APAC,IQ5550423
"Bando Chemical Industries, Ltd.",APAC,IQ876179
Jacquet Metals SA,EMEA,IQ8100859
"Hunan Xiangjiang New Area Development Group Co., Ltd.",APAC,IQ543068577
"Hunan Dongting Resources Holding Co.,Ltd",APAC,IQ380831176
"Shandong Honghe Holding Group Co., Ltd.",APAC,IQ50103269
CK Asset Holdings Limited,APAC,IQ281571109
PageGroup plc,EMEA,IQ1062673
"Hanwa Co., Ltd.",APAC,IQ875546
"Sinotruk Jinan Truck Co.,Ltd",APAC,IQ6632241
"Shenzhen Metro Group Co., Ltd.",APAC,IQ108801691
Akwel SA,EMEA,IQ6461781
Hulamin Limited,EMEA,IQ25180847
"Rongcheng Economic Development and Investment Co., Ltd.",APAC,IQ237385298
"Suzhou Chinese Consortium Holdings Co., Ltd.",APAC,IQ215556609
"Koike Sanso Kogyo Co.,Ltd.",APAC,IQ883487
TPI Polene Public Company Limited,APAC,IQ877348
Paper Australia Pty Ltd,APAC,IQ5471358
Sealed Air Australia (Holdings) Pty Limited,APAC,IQ30350566
"Mitsui Matsushima Holdings Co., Ltd.",APAC,IQ881022
Hengyang City Construction Investment Company Limited,APAC,IQ216844766
"Hikari Tsushin, Inc.",APAC,IQ542501
PSC Corporation Ltd.,APAC,IQ9805893
"Jiujiang Municipal Development Group Co., Ltd.",APAC,IQ645066100
"Daiki Axis Co., Ltd.",APAC,IQ38557499
NanChang Municipal Public Group,APAC,IQ114943096
"Maruzen Co., Ltd.",APAC,IQ873751
"Gemac Engineering Machinery Co., Ltd.",APAC,IQ49214681
"Aluko Co., Ltd.",APAC,IQ5773491
Ternium S.A.,EMEA,IQ23957317
"Tianjin TEDA Investment Holding (Group) Co., Ltd.",APAC,IQ24427781
Jiangsu Feiliks International Logistics Inc.,APAC,IQ47940734
"DongGuan Communications Investment Group Co., Ltd",APAC,IQ223173184
"Jiangxi Provincial Communications Investment Group Co., Ltd.",APAC,IQ84692364
"Henan Luqiao Construction Group Co., Ltd.",APAC,IQ715085311
TOLI Corporation,APAC,IQ880731
BlueScope Steel (AIS) Pty Ltd,APAC,IQ24915774
"Hibiya Engineering, Ltd.",APAC,IQ880689
TCC Steel Corp.,APAC,IQ5606872
"Olympic Steel, Inc.",N. America,IQ333679
Mitsubishi Electric Corporation,APAC,IQ873902
PT Steel Pipe Industry of Indonesia Tbk,APAC,IQ83671397
Takenaka Corporation,APAC,IQ5870015
Group of Companies Segezha Public Joint Stock Company,EMEA,IQ303549363
"Jiangxi Hongdu Aviation Industry Co., Ltd.",APAC,IQ5409202
Guangdong Create Century Intelligent Equipment Group Corporation Limited,APAC,IQ105656589
Evergrande Property Services Group Limited,APAC,IQ694609803
Korea Fanuc Corporation,APAC,IQ5631495
"Taisei Oncho Co., Ltd.",APAC,IQ5509165
"TACHI-S Co., Ltd.",APAC,IQ883392
"Jiangsu Yancheng Port Dafeng Port Development Co.,Ltd",APAC,IQ170898379
"Alpha Metallurgical Resources, Inc.",N. America,IQ372704180
"KEPCO Plant Service & Engineering Co.,Ltd.",APAC,IQ32366897
Sato Shoji Corporation,APAC,IQ880934
Adcorp Holdings Limited,EMEA,IQ879911
Tigers Polymer Corporation,APAC,IQ5547747
"MS Autotech Co.,Ltd",APAC,IQ83963891
"Nikkiso Co., Ltd.",APAC,IQ880628
Vietnam Steel Corporation,APAC,IQ30912776
"CSG Holding Co., Ltd.",APAC,IQ878683
Steel Authority of India Limited,APAC,IQ878422
"Narasaki Sangyo Co., Ltd.",APAC,IQ883347
"&Do Holdings Co.,Ltd.",APAC,IQ228668297
Kamei Corporation,APAC,IQ881110
The Pack Corporation,APAC,IQ5492510
Jinneng Holding Power Group Company Limited,APAC,IQ41906932
Peab AB (publ),EMEA,IQ4469438
"5i5j Holding Group Co., Ltd.",APAC,IQ12726148
"PS Construction Co., Ltd.",APAC,IQ6562086
"Asia Cement Co.,Ltd.",APAC,IQ243148493
NORINCO International Cooperation Ltd.,APAC,IQ11187043
NTN Corporation,APAC,IQ874029
G City Ltd,EMEA,IQ1067778
"Morito Co., Ltd.",APAC,IQ5531905
"Zhe Jiang Kangsheng Co.,Ltd.",APAC,IQ83426134
"China Railway Beijing Engineering Group Co., Ltd.",APAC,IQ630824544
"Sumitomo Rubber Industries, Ltd.",APAC,IQ704139
"Ichiken Co., Ltd.",APAC,IQ880805
Oji Holdings Corporation,APAC,IQ874345
Dongyang E&P Inc.,APAC,IQ20700865
NGK Corporation,APAC,IQ875657
"MEISEI INDUSTRIAL Co.,Ltd.",APAC,IQ880939
Barloworld Limited,EMEA,IQ873754
"Daiwa House Industry Co., Ltd.",APAC,IQ873664
"Yuyao Shuncai Investment Holding Group Co., Ltd.",APAC,IQ566662910
"Qingdao City Construction Investment (Group) Co.,Ltd",APAC,IQ107145640
"Tobu Railway Co., Ltd.",APAC,IQ875351
SIS Australia Holdings Pty Ltd,APAC,IQ241702662
"Iino Kaiun Kaisha, Ltd.",APAC,IQ874589
"Jiangsu Hengli Hydraulic Co.,Ltd",APAC,IQ98342756
"Bunka Shutter Co., Ltd.",APAC,IQ880973
"Grupo Fonderia, S.A. de C.V.",N. America,IQ581456341
STECOL Corporation,APAC,IQ146063754
GP Industries Limited,APAC,IQ919916
"Tokyo Seimitsu Co., Ltd.",APAC,IQ875181
SThree plc,EMEA,IQ728561
China State Construction Development Holdings Limited,APAC,IQ99321825
Anabuki Kosan Inc.,APAC,IQ5560558
"Jangho Group Co., Ltd.",APAC,IQ46956749
"DN Solutions Co., Ltd.",APAC,IQ429102916
XP Power Limited,APAC,IQ7658290
"Kyokuto Kaihatsu Kogyo Co.,Ltd.",APAC,IQ881164
"Shanghai New Huang Pu Industrial Group Co., Ltd.",APAC,IQ9637548
Brighton-Best International (Taiwan) Inc.,APAC,IQ106519998
"HDC Hyundai Engineering Plastics Co., Ltd.",APAC,IQ28707258
SSAB AB (publ),EMEA,IQ631781
"Fujian Longking Co., Ltd.",APAC,IQ12703331
"Hua Eng Wire & Cable Co., Ltd.",APAC,IQ20344705
DaikyoNishikawa Corporation,APAC,IQ5547105
"Kasai Kogyo Co., Ltd.",APAC,IQ878947
ARB Corporation Limited,APAC,IQ877447
"Sinohydro Bureau 11 Co.,Ltd.",APAC,IQ320062400
"SUMINOE Co., Ltd.",APAC,IQ876029
"China World Trade Center Co., Ltd.",APAC,IQ5826106
"DMG Mori Co., Ltd.",APAC,IQ875728
KITZ Corporation,APAC,IQ875055
Hang Lung Group Limited,APAC,IQ874492
"Tokyu Construction Co., Ltd.",APAC,IQ876114
Aisin Corporation,APAC,IQ874805
Simonds Group Limited,APAC,IQ30273649
China Construction First Building (Group) Corporation Limited,APAC,IQ26504404
"Nihon Plast Co., Ltd.",APAC,IQ884024
"Hokuriku Electrical Construction Co.,Ltd.",APAC,IQ880605
"HD Construction Equipment Co., Ltd.",APAC,IQ409915043
"Qingdao Doublestar Co.,Ltd",APAC,IQ13011211
Chinney Alliance Group Limited,APAC,IQ878319
Mitsubishi Development Pty Ltd,APAC,IQ12157441
Yancheng Transportation Investment Construction Holding Group Co.LTD,APAC,IQ686370910
Toda Corporation,APAC,IQ876263
"Arrow Home Group Co., Ltd.",APAC,IQ1673041685
Travis Perkins plc,EMEA,IQ876034
Siltronic AG,EMEA,IQ5874040
"LIAONING ENERGY INDUSTRY Co.,LTD",APAC,IQ46947493
"Chengdu Expressway Co., Ltd.",APAC,IQ595755803
"Jiangsu Zhongtian Technology Co., Ltd.",APAC,IQ9870739
"Mitsubishi Estate Co., Ltd.",APAC,IQ873825
APAC Realty Limited,APAC,IQ537529815
China Railway Construction Heavy Industry Corporation Limited,APAC,IQ113530846
"CSG Smart Science&Technology Co.,Ltd.",APAC,IQ129189886
"AJUSTEEL Co.,Ltd",APAC,IQ108502009
"Qinhuangdao Port Co., Ltd.",APAC,IQ35621128
Okumura Corporation,APAC,IQ875869
Moriya Corporation,APAC,IQ883959
MEITEC Group Holdings Inc.,APAC,IQ877031
Powerlong Commercial Management Holdings Limited,APAC,IQ646138518
PT Pabrik Kertas Tjiwi Kimia Tbk,APAC,IQ877229
"North Navigation Control Technology Co.,Ltd.",APAC,IQ13098056
Ton Yi Industrial Corp.,APAC,IQ11459375
Toenec Corporation,APAC,IQ875785
"Shinwa Co., Ltd.",APAC,IQ1719258
Nanchang Rail Transit Group Limited Corporation,APAC,IQ307760328
"Daito Trust Construction Co.,Ltd.",APAC,IQ880828
Fullshare Holdings Limited,APAC,IQ271948684
Koninklijke BAM Groep nv,EMEA,IQ2481058
"China High Speed Transmission Equipment Group Co., Ltd.",APAC,IQ34952604
"Suzhou Xiangcheng City Construction Co., Ltd.",APAC,IQ131344008
"Hoosiers Holdings Co., Ltd.",APAC,IQ231602478
nms Holdings Corporation,APAC,IQ30469244
Runner (Xiamen) Corp.,APAC,IQ615790108
Forbo Holding AG,EMEA,IQ6563166
Immsi S.p.A.,EMEA,IQ9637367
"Mitani Sangyo Co., Ltd.",APAC,IQ6562352
"Fushun Special Steel Co.,LTD.",APAC,IQ10866395
"J.B. Hunt Transport Services, Inc.",N. America,IQ278576
Kraftia Corporation,APAC,IQ880331
ALPHA Corporation,APAC,IQ10038594
Fujian Tourism Development Group,APAC,IQ366117646
"Tokai Rika Co., Ltd.",APAC,IQ881194
"Hanil Holdings Co., Ltd.",APAC,IQ2436367
"Helios Technologies, Inc.",N. America,IQ354502
"Sanoh Industrial Co., Ltd.",APAC,IQ5528955
Cosmo First Limited,APAC,IQ11712910
Hang Lung Properties Limited,APAC,IQ874861
"Jiangsu Haihong Investment Holding Group Co., Ltd.",APAC,IQ600386556
"Hwaseung Corporation Co.,Ltd.",APAC,IQ5553288
"Infore Environment Technology Group Co., Ltd.",APAC,IQ11369792
"HJ Shipbuilding & Construction Co., Ltd.",APAC,IQ2482265
"Fujitec Co., Ltd.",APAC,IQ873983
"Ashimori Industry Co., Ltd.",APAC,IQ881256
"China Boqi Environmental (Holding) Co., Ltd.",APAC,IQ554485852
Quess Corp Limited,APAC,IQ40816834
"Guizhou Guihang Automotive Components Co.,Ltd",APAC,IQ9768759
"Shenzhen Airport (Group) Co., Ltd",APAC,IQ108324368
Sealed Air Corporation,N. America,IQ382724
"Patrick Industries, Inc.",N. America,IQ295249
"Sebang Co., Ltd",APAC,IQ12721821
Metsäliitto Cooperative,EMEA,IQ4480928
Sensata Technologies Holding plc,N. America,IQ82392972
"Mie Kotsu Group Holdings, Inc.",APAC,IQ880801
"Grand Industrial Holding Co.,Ltd",APAC,IQ5505504
"Shenzhen Excellence Commercial Management Co.,Ltd",APAC,IQ557897713
"Qingdao Tianneng Heavy Industries Co.,Ltd",APAC,IQ113635251
"LOGEN Co., Ltd.",APAC,IQ98791637
"Pan Ocean Co., Ltd.",APAC,IQ22934121
"Sunvim Group Co.,Ltd",APAC,IQ30006481
Eslead Corporation,APAC,IQ5553968
Veidekke ASA,EMEA,IQ876324
"Hwaseung R&A Co., Ltd.",APAC,IQ703892125
Southern Steel Berhad,APAC,IQ2481128
"Oceanwide Holdings Co., Ltd.",APAC,IQ11313656
"Weichai Power Co., Ltd.",APAC,IQ9283092
Asanuma Corporation,APAC,IQ880661
Kongsberg Gruppen ASA,EMEA,IQ875854
"Anhui Transport Consulting & Design Institute Co.,Ltd.",APAC,IQ317094518
Oriental Consultants Holdings Company Limited,APAC,IQ28561070
HL D&I Halla Corporation,APAC,IQ12721806
"Xingtai Road and Bridge Construction Group Co., Ltd.",APAC,IQ171837889
Cognor Holding S.A.,EMEA,IQ20383602
Phoenix Mecano AG,EMEA,IQ878038
Yorozu Corporation,APAC,IQ880927
"CITIC Heavy Industries Co., Ltd.",APAC,IQ102330095
Genuit Group plc,EMEA,IQ3379847
"Hangzhou Turbine Power Group Co., Ltd.",APAC,IQ883412
Australian Rail Track Corporation Limited,APAC,IQ22263044
Schindler Lifts Australia Pty Limited,APAC,IQ23185038
AF Gruppen ASA,EMEA,IQ6174594
"Sy Co., Ltd.",APAC,IQ99716108
"Integrated Design & Engineering Holdings Co.,Ltd.",APAC,IQ880717
"Citychamp Dartong Advanced Materials Co., Ltd.",APAC,IQ20343435
"Shenzhen Center Power Tech. Co., Ltd",APAC,IQ47020146
Chongqing Airport Group Company Limited,APAC,IQ587628527
"Seino Holdings Co., Ltd.",APAC,IQ876318
"Jiangling Motors Corporation, Ltd.",APAC,IQ882835
"Shantou Wanshun New Material Group Co., Ltd.",APAC,IQ61238122
"Hyundam Ind. Co., Ltd.",APAC,IQ30516979
"Qingdao Ocean Investment Group Co., Ltd.",APAC,IQ144732019
"Guangxi Liugong Machinery Co., Ltd.",APAC,IQ5644214
RWS Holdings plc,EMEA,IQ12315861
"Zhejiang Communications Technology Co., Ltd.",APAC,IQ28689342
"Ultra Clean Holdings, Inc.",N. America,IQ3720301
"Center International Group Co.,Ltd.",APAC,IQ115216698
"Sekisui House U.S., Inc.",N. America,IQ181003
"Xi'an Port Industrial Co., Limited",APAC,IQ659077953
NITTAN Corporation,APAC,IQ883782
Sollers Public Joint Stock Company,EMEA,IQ8789984
Rexel Holdings Australia Pty Ltd,APAC,IQ22637237
Pkp Cargo S.A.,EMEA,IQ6461807
"Chengdu Xingcheng Renju Realestate Investment Group. Co., Ltd",APAC,IQ318755139
Johnson Controls Automotive Korea Inc.,APAC,IQ27162336
Isgec Heavy Engineering Limited,APAC,IQ20964384
"Zeniel Co., Ltd.",APAC,IQ30422317
PT Pelabuhan Indonesia (Persero),APAC,IQ25872653
Vulcan Steel Limited,APAC,IQ1685451194
"Gakken Holdings Co., Ltd.",APAC,IQ879526
China Railway 11th Bureau Group Corp. Ltd,APAC,IQ46461029
Xingda International Holdings Limited,APAC,IQ30585806
"Guangzhou Metro Design & Research Institute Co., Ltd.",APAC,IQ620109096
Tsubakimoto Chain Co.,APAC,IQ874598
Moelven Industrier ASA,EMEA,IQ552708
Xiamen C&D Inc.,APAC,IQ5510167
China Gezhouba Group Corporation,APAC,IQ6444011
Coats Group plc,EMEA,IQ877246
Solar A/S,EMEA,IQ9820177
"Trex Company, Inc.",N. America,IQ231534
"Ichinen Holdings Co.,Ltd.",APAC,IQ5540521
Walsin Lihwa Corporation,APAC,IQ1029371
"SAMPYO Cement Co., Ltd.",APAC,IQ5479656
"Taewoong Logistics Co., Ltd.",APAC,IQ83750280
PT. Gajah Tunggal Tbk,APAC,IQ1032011
"Fujian Nanping Sun Cable Co., Ltd.",APAC,IQ41285336
Hazama Ando Corporation,APAC,IQ874212
"Sinfonia Technology Co.,Ltd.",APAC,IQ876105
ANEST IWATA Corporation,APAC,IQ880829
Kohsoku Corporation,APAC,IQ884181
Filatex India Limited,APAC,IQ20343174
"Seojincam Co., Ltd",APAC,IQ32389189
U-Ming Marine Transport Corporation,APAC,IQ2488963
"HI AIR KOREA Co., Ltd.",APAC,IQ23142901
"Huai'an Assets Management Co.,Ltd.",APAC,IQ118099581
"Juli Sling Co., Ltd.",APAC,IQ79094766
"Doosan Fuel Cell Co., Ltd.",APAC,IQ638567659
China Communications Construction Group (Ltd.),APAC,IQ206555965
"Pacific Industrial Co., Ltd.",APAC,IQ880736
"NHK Spring Co., Ltd.",APAC,IQ876140
"Qinglong Pipes Industry Group Co., Ltd",APAC,IQ41107723
The Middleby Corporation,N. America,IQ289062
Altech Corporation,APAC,IQ5689447
Swire Properties Limited,APAC,IQ23110294
"Atlantic China Welding Consumables, Inc.",APAC,IQ5413944
"Century Communities, Inc.",N. America,IQ237656125
"Kiturami Boiler Co., Ltd.",APAC,IQ5631168
Nanning Rail Transit Company Limited,APAC,IQ561812330
"Hainan Mining Co., Ltd.",APAC,IQ46778794
"Shimojima Co., Ltd.",APAC,IQ884016
Gold Peak Technology Group Limited,APAC,IQ875658
Iskenderun Demir ve Çelik A.S.,EMEA,IQ47476322
"AINAVO HOLDINGS Co.,Ltd.",APAC,IQ5631223
The Siam Cement Public Company Limited,APAC,IQ874834
"Yibin Paper Industry Co., Ltd.",APAC,IQ6495569
"Steel Dynamics, Inc.",N. America,IQ34768
"Wanbei Coal-Electricity Group Co., Ltd.",APAC,IQ41102028
Electrotherm (India) Limited,APAC,IQ20481052
"Jinan City Construction Group Co., Ltd",APAC,IQ536799142
Post Danmark A/S,EMEA,IQ3734316
Elanders AB (publ),EMEA,IQ879924
"Sichuan Expressway Construction & Development Group Co., Ltd.",APAC,IQ117487615
"KEPCO Engineering & Construction Company, Inc.",APAC,IQ43190891
"Moorim P&P Co., Ltd.",APAC,IQ13165675
"Zhejiang Reclaim Construction Group Co., Ltd.",APAC,IQ129924760
Japan Pulp and Paper Company Limited,APAC,IQ875107
"Mercury Systems, Inc.",N. America,IQ376921
KB Home,N. America,IQ283234
"Huaxin Building Materials Group Co., Ltd.",APAC,IQ5723096
Ework Group AB (publ),EMEA,IQ25144753
"Mitani Sekisan Co., Ltd.",APAC,IQ5546625
"Stanley Black & Decker, Inc.",N. America,IQ304977
"The Japan Steel Works, Ltd.",APAC,IQ874350
"Yantai Eddie Precision Machinery Co., Ltd.",APAC,IQ128863088
"Eastern Air Logistics Co., Ltd.",APAC,IQ434770612
Gates Industrial Corporation plc,N. America,IQ308678
"Stanley Electric Co., Ltd.",APAC,IQ874621
QST International Corp.,APAC,IQ20411971
"Xiamen Zhongjun Industry Co.,Ltd.",APAC,IQ107486505
"Nomura Real Estate Holdings, Inc.",APAC,IQ28829264
"Dong-A Automotive Co., Ltd.",APAC,IQ112997510
"TOCALO Co.,Ltd.",APAC,IQ1375539
SWCC Corporation,APAC,IQ876059
"Moorim Paper Co., Ltd.",APAC,IQ1273602
"Sacyr, S.A.",EMEA,IQ876917
Vestas - Australian Wind Technology Pty. Limited,APAC,IQ9531486
Kubota Australia Pty Ltd,APAC,IQ23077039
Jayaswal Neco Industries Limited,APAC,IQ12704552
"Triangle Tyre Co.,Ltd",APAC,IQ13010894
"Intergis Co., Ltd",APAC,IQ5451519
Swire Pacific Limited,APAC,IQ874010
Evergreen Steel Corp.,APAC,IQ248258836
Arvind Limited,APAC,IQ877773
"Max Co., Ltd.",APAC,IQ874571
Fujii Sangyo Corporation,APAC,IQ883994
DENSO Corporation,APAC,IQ874044
"Haesung Industrial Co., Ltd.",APAC,IQ9548906
"Kyokuto Boeki Kaisha, Ltd.",APAC,IQ878702
"Shenzhen Kaizhong Precision Technology Co., Ltd.",APAC,IQ138895640
"Nanjing Lishui Urban Construction Group Co.,Ltd.",APAC,IQ332285781
"NANKAI Co., Ltd.",APAC,IQ875932
Investissement Québec,N. America,IQ3768998
Impellam Group Limited,EMEA,IQ5542399
PT Panca Budi Idaman Tbk,APAC,IQ34580265
"CTI Engineering Co., Ltd.",APAC,IQ883553
"Baotou Steel (Group) Co., Ltd.",APAC,IQ13011246
Henan Jinma Energy Company Limited,APAC,IQ538733623
"Jiangjin District Riverside Park Development Group Co.,Ltd.",APAC,IQ540683015
"Daiichi Koutsu Sangyo Co.,Ltd.",APAC,IQ11459320
"JINUSHI Co.,Ltd.",APAC,IQ37613881
TK Group (Holdings) Limited,APAC,IQ252205074
Xiamen C&D Corporation Limited,APAC,IQ41077610
"Yiwu City Investment Construction Group Co.,Ltd",APAC,IQ319807075
Taisei Corporation,APAC,IQ874554
Morguard Corporation,N. America,IQ873777
Tharisa plc,EMEA,IQ249861374
"Nanjing Kangni Mechanical & Electrical Co.,Ltd",APAC,IQ51540172
Public Joint Stock Company United Aircraft Corporation,EMEA,IQ32856517
Adbri Pty Ltd,APAC,IQ875415
CK Hutchison Holdings Limited,APAC,IQ411322
"Zhejiang Province Xinchang County Investment Development Group Co., Ltd.",APAC,IQ240750261
Ashtrom Group Ltd.,EMEA,IQ5882851
"Nanning Weining Investment Group Co.,Ltd.",APAC,IQ327722755
Container Corporation of India Limited,APAC,IQ8910896
"Ta Ya Electric Wire & Cable Co., Ltd.",APAC,IQ11500479
Hangzhou Iron&Steel Group Company,APAC,IQ26023832
Decmil Group Limited,APAC,IQ22211572
Persimmon Plc,EMEA,IQ876693
"Tomoe Engineering Co., Ltd.",APAC,IQ4509069
Boeing Australia Holdings Pty Limited,APAC,IQ22369711
The Vegetexco Port Joint Stock Company,APAC,IQ30744663
"Beijing Changjiu Logistics Co.,Ltd",APAC,IQ51620100
"Nippon Air conditioning Services Co., Ltd.",APAC,IQ5674143
GLP China Holdings Limited,APAC,IQ257081320
CCCC Dredging (Group) Company Limited,APAC,IQ305658983
Sino-American Silicon Products Inc.,APAC,IQ3536739
"Shenzhen Colibri Technologies Co., Ltd.",APAC,IQ548365523
FedEx Corporation,N. America,IQ124423
China Enterprise Company Limited,APAC,IQ383958230
"Webco Industries, Inc.",N. America,IQ334298
La Poste SA,EMEA,IQ666667
"Chuo Spring Co.,Ltd.",APAC,IQ881035
PT Adi Sarana Armada Tbk,APAC,IQ31158722
Hunan Communication & Water Conservancy Group Ltd,APAC,IQ593210499
China National Nuclear Corporation,APAC,IQ22706550
Obayashi Corporation,APAC,IQ875655
"Sotetsu Holdings, Inc.",APAC,IQ880483
"Takamatsu Construction Group Co., Ltd.",APAC,IQ5531731
Haitian International Holdings Limited,APAC,IQ30588996
CSBC Corporation,APAC,IQ8811726
"Burlington Northern Santa Fe, LLC",N. America,IQ257198
"LOTTE rental co.,ltd.",APAC,IQ46983975
Eltel AB (publ),EMEA,IQ231023230
"Yueyang Forest & Paper Co., Ltd.",APAC,IQ6483840
"Fluidra, S.A.",EMEA,IQ38270380
"Sugita Ace Co.,Ltd.",APAC,IQ5529385
"Kanagawa Chuo Kotsu Co., Ltd.",APAC,IQ881248
Yidu Gotop Investment Corporation,APAC,IQ116397727
Lafarge Africa Plc,EMEA,IQ12506027
OBOS BBL,EMEA,IQ12505777
AMA Group Limited,APAC,IQ28706346
JTEKT Corporation,APAC,IQ877367
"Nippon Rietec Co.,Ltd.",APAC,IQ883561
Kubota Corporation,APAC,IQ284441
CC Tianjin Dredging Company Limited,APAC,IQ36285200
Otis Worldwide Corporation,N. America,IQ159264
Krosaki Harima Corporation,APAC,IQ880938
Morgan Advanced Materials plc,EMEA,IQ874470
Tianjin Capital Environmental Protection Group Company Limited,APAC,IQ8084607
"Qingdao Haifa State-owned Capital Investment and Operation Group Co., Ltd.",APAC,IQ346468587
HANJIN Logistics Corporation,APAC,IQ5499110
PT Multistrada Arah Sarana Tbk,APAC,IQ22580579
Sri Trang Agro-Industry Public Company Limited,APAC,IQ4509056
ElringKlinger AG,EMEA,IQ879422
Xinjiang Tianfu Group Company Limited,APAC,IQ41105399
"Wolong Electric Group Co.,Ltd.",APAC,IQ12708016
"Sjg Sejong Co.,Ltd",APAC,IQ12721849
"NIKKON Holdings Co.,Ltd.",APAC,IQ882270
"Sumitomo Mitsui Finance and Leasing Company, Limited",APAC,IQ875273
"Schneider National, Inc.",N. America,IQ220278
"Wangneng Environment Co.,Ltd",APAC,IQ21867876
The Zenitaka Corporation,APAC,IQ876178
Kanaden Corporation,APAC,IQ876075
ENDO Lighting Corporation,APAC,IQ5632342
"Hangzhou Advance Gearbox Group Co., Ltd.",APAC,IQ27221666
Leedarson IoT Technology Inc.,APAC,IQ673190005
"Toyoda Gosei Co., Ltd.",APAC,IQ705883
"Furukawa Electric Co., Ltd.",APAC,IQ410068
Hino Motor Sales Australia Pty. Ltd,APAC,IQ5794912
"Daido Metal Co., Ltd.",APAC,IQ882311
"Hyundai Sungwoo Holdings Co., Ltd.",APAC,IQ5907869
IHI Corporation,APAC,IQ874396
"Li Peng Enterprise Co., Ltd.",APAC,IQ9857681
"Tongyu Heavy Industry Co., Ltd.",APAC,IQ127239307
"Nippon Dry-Chemical Co., Ltd.",APAC,IQ880640
"Reliance, Inc.",N. America,IQ331205
Bridgestone Australia Ltd.,APAC,IQ875169
"Gifore Agricultural Science & Technology Service Co.,Ltd",APAC,IQ59017967
"Hebei Port Group Co.,Ltd",APAC,IQ130220934
"Baosheng Science and Technology Innovation Co.,Ltd.",APAC,IQ5575444
"Senshu Electric Co.,Ltd.",APAC,IQ5532741
Stellantis N.V.,EMEA,IQ873861
"Changsha Metro Group Co.,Ltd",APAC,IQ240450822
"Rengo Co., Ltd.",APAC,IQ874546
"Huzhou Communications Investment Group Co.,Ltd",APAC,IQ216087210
The Shipping Corporation of India Limited,APAC,IQ7910874
"Xi'an Kingfar Group Co., Ltd",APAC,IQ41288636
"Sanming City Construction Investment Group Co., Ltd.",APAC,IQ237385048
"China State Railway Group Co.,Ltd.",APAC,IQ240854184
IPARK Hyundai Development Company,APAC,IQ419306808
Tsugami Corporation,APAC,IQ875732
Rix Corporation,APAC,IQ4035850
China Communications Services Corporation Limited,APAC,IQ30339548
"TECO Electric & Machinery Co., Ltd.",APAC,IQ878388
Geberit AG,EMEA,IQ28856
Russel Metals Inc.,N. America,IQ378719
Nuvoco Vistas Corporation Limited,APAC,IQ13718060
Taikisha Ltd.,APAC,IQ880167
"Zhuzhou Kibing Group Co.,Ltd",APAC,IQ138305861
DMG MORI AKTIENGESELLSCHAFT,EMEA,IQ876980
"Tianjin Eco-city Investment & Development Co.,Ltd.",APAC,IQ45813763
Korea Railroad Corporation,APAC,IQ13103865
Sumitomo Corporation,APAC,IQ22805
"FormFactor, Inc.",N. America,IQ28648
China State Construction Engineering Corporation Limited,APAC,IQ10437977
China World Trade Center Ltd.,APAC,IQ26722224
"Guangdong Provincial Highway Construction Co., Ltd",APAC,IQ54137038
"The Furukawa Battery Co., Ltd.",APAC,IQ879580
"Guangdong Greenway Technology Co.,Ltd",APAC,IQ671712135
New Jersey Transit Corporation,N. America,IQ4204916
GS Yuasa Corporation,APAC,IQ10223549
Bucher Industries AG,EMEA,IQ877203
"MYUNGHWA Ind. Co., Ltd.",APAC,IQ5746590
Dover Corporation,N. America,IQ174901
Regional Container Lines Public Company Limited,APAC,IQ879628
"Tokyo Tatemono Co., Ltd.",APAC,IQ875609
"Kitakei Co., Ltd.",APAC,IQ5533461
PT Indocement Tunggal Prakarsa Tbk,APAC,IQ875967
Jiangxi Highway Development L.L.C.,APAC,IQ140524411
"Hitachi Construction Machinery Co., Ltd.",APAC,IQ876130
"Jack Technology Co.,Ltd",APAC,IQ47104675
Trusco Nakayama Corporation,APAC,IQ881216
Dassault Aviation société anonyme,EMEA,IQ874022
MAHLE GmbH,EMEA,IQ873956
"NICE Information Service Co., Ltd.",APAC,IQ9463709
Ausco Holdings Pty Limited,APAC,IQ309868921
"Suzhou Hesheng Special Material Co., Ltd.",APAC,IQ50041112
"Nitto Boseki Co., Ltd.",APAC,IQ873958
Ansaldo Energia S.p.A.,EMEA,IQ5489570
"INTELLEX HOLDINGS Co.,Ltd.",APAC,IQ21909648
Hirata Corporation,APAC,IQ5533171
Sinko Industries Ltd.,APAC,IQ1062795
NIFCO KOREA Inc.,APAC,IQ23109607
"Sumitomo Densetsu Co.,Ltd.",APAC,IQ880743
"Yamaha Motor Co., Ltd.",APAC,IQ874143
"China Merchants Port Group Co., Ltd.",APAC,IQ2482282
Haulotte Group SA,EMEA,IQ617418
"Titan International, Inc.",N. America,IQ35600
"Altechno Metal Co., Ltd.",APAC,IQ99726820
Isuzu Motors Limited,APAC,IQ874159
"Sino-German United Group CO., Ltd.",APAC,IQ645859955
"China Railway First Group Co., Ltd.",APAC,IQ30608826
"Corticeira Amorim, S.G.P.S., S.A.",EMEA,IQ879790
Implenia AG,EMEA,IQ875849
"Guangxi Liugong Group Co., Ltd.",APAC,IQ47693840
DY Corporation,APAC,IQ10006056
"Zhejiang Hangmin Co.,Ltd",APAC,IQ22038258
"Shenzhen Desay Battery Technology Co., Ltd.",APAC,IQ11354666
Heidelberg Materials Australia Group Holdings Pty Ltd,APAC,IQ223853537
"Guizhou Space Appliance Co., Ltd",APAC,IQ11211322
"Shinsung E&G Co.,Ltd.",APAC,IQ7687597
Kennametal Inc.,N. America,IQ283484
"Hansol Paper Co., Ltd.",APAC,IQ241697566
The Salvation Army Australia Social Fund,APAC,IQ309962265
Sto SE & Co. KGaA,EMEA,IQ879962
Engineers India Limited,APAC,IQ7716003
S-1 Corporation,APAC,IQ5545990
"Hyundai Elevator Co., Ltd",APAC,IQ883158
MSP Steel & Power Limited,APAC,IQ23077965
Electrosteel Castings Limited,APAC,IQ881054
"YAPP Automotive Systems Co., Ltd.",APAC,IQ47017633
"Kyung Chang Industrial Co., Ltd.",APAC,IQ9616343
"Noblelift Intelligent Equipment Co.,Ltd.",APAC,IQ47097126
Marshalls plc,EMEA,IQ875486
Howard Hughes Holdings Inc.,N. America,IQ4528419
"Qingdao Port International Co., Ltd.",APAC,IQ264504741
"CTR Mobility Co.,Ltd.",APAC,IQ46994881
INNOVATE Corp.,N. America,IQ33284
Viglacera Corporation,APAC,IQ9709516
"Amada Co., Ltd.",APAC,IQ873950
"REV Group, Inc.",N. America,IQ113541117
"HANYANG ENG Co.,Ltd",APAC,IQ12917743
"Asahi Kogyosha Co., Ltd.",APAC,IQ878871
Tamil Nadu Newsprint and Papers Limited,APAC,IQ12668139
Johnson Electric Holdings Limited,APAC,IQ409200
"Inaba Denki Sangyo Co.,Ltd.",APAC,IQ882429
HRnetGroup Limited,APAC,IQ423142964
Sanwa Holdings Corporation,APAC,IQ516016
BNSF Railway Company,N. America,IQ3121016
"Avantia Co., Ltd.",APAC,IQ5580055
"Poly Developments and Holdings Group Co., Ltd.",APAC,IQ28446448
"BrightView Holdings, Inc.",N. America,IQ568706872
EDAG Engineering Group AG,EMEA,IQ5516163
"Shandong Bohui Paper Industry Co.,Ltd.",APAC,IQ5842574
"Anhui Anli Material Technology Co., Ltd.",APAC,IQ47105142
Daedong Corporation,APAC,IQ20341922
"ISU EXACHEM Co., Ltd",APAC,IQ41631203
"Totetsu Kogyo Co., Ltd.",APAC,IQ880832
"Taiyuan Heavy Industry Co., Ltd.",APAC,IQ11341846
Jiangsu Azure Corporation,APAC,IQ45458887
"MYS Group Co., Ltd.",APAC,IQ49610829
Odfjell SE,EMEA,IQ876111
Okuma Corporation,APAC,IQ874448
"Kawasaki Kisen Kaisha, Ltd.",APAC,IQ874304
HASEKO Corporation,APAC,IQ874112
SK Inc.,APAC,IQ24887246
"Beijing Urban Construction Group Co.,Ltd.",APAC,IQ5479404
Kinsus Interconnect Technology Corp.,APAC,IQ12737565
"Base Hd Co.,Ltd.",APAC,IQ286116938
"Jilin Provincial State-owned Capital Operation Group Co., Ltd.",APAC,IQ558041121
"Suzhou Xiangcheng State Owned Capital Investment Co.,Ltd.",APAC,IQ658066985
"Aichi Electric Co., Ltd.",APAC,IQ876167
Insteel Industries Inc.,N. America,IQ281083
West Coast Paper Mills Limited,APAC,IQ882948
"Linyi City Development Group Co.,Ltd.",APAC,IQ225836305
Felleskjøpet Agri SA,EMEA,IQ36172444
Komori Corporation,APAC,IQ878559
"Old Dominion Freight Line, Inc.",N. America,IQ319404
SKF India Limited,APAC,IQ878382
"AVIC Heavy Machinery Co., Ltd.",APAC,IQ12708884
Gladstone Ports Corporation Limited,APAC,IQ5388416
The Goodyear Tire & Rubber Company,N. America,IQ275789
"Chuo-Nittochi Group Co., Ltd.",APAC,IQ645819946
"Beazer Homes USA, Inc.",N. America,IQ332730
PT Hutama Karya (Persero),APAC,IQ35299534
SPG Qingdao Port Group Company Limited.,APAC,IQ36276453
"China Railway Shanghai Engineering Group Co., Ltd.",APAC,IQ649069359
"Dazhou Investment Co.,Ltd.",APAC,IQ227923704
"Sungwoo Hitech Seonjang Co.,Ltd",APAC,IQ227994084
ISDN Holdings Limited,APAC,IQ24193247
"Kandenko Co.,Ltd.",APAC,IQ880786
"Zhejiang Provincial Airport Group Co., Ltd.",APAC,IQ641030727
"Anhui Guofeng New Materials Co., Ltd.",APAC,IQ5778462
Transnet SOC Ltd,EMEA,IQ9995211
"Han's Laser Technology Industry Group Co., Ltd.",APAC,IQ9220926
Tipco Asphalt Public Company Limited,APAC,IQ877307
Best Pacific International Holdings Limited,APAC,IQ262969080
Canox Corporation,APAC,IQ5496119
"Yancheng City Construction Investment Group Co.,Ltd",APAC,IQ314403811
"Solareast Holdings Co., Ltd.",APAC,IQ109050805
"Sanyo Special Steel Co., Ltd.",APAC,IQ875964
"Kehua Holdings Co.,Ltd",APAC,IQ286513709
Token Corporation,APAC,IQ6458579
Sundram Fasteners Limited,APAC,IQ878623
Hebei Expressway Group Limited,APAC,IQ697435244
Dubai Investments PJSC,EMEA,IQ9916937
Shimizu Corporation,APAC,IQ875399
Beijing Drainage Group Co.Ltd,APAC,IQ30465393
Unique Engineering and Construction Public Company Limited,APAC,IQ30644632
"NIPPON KANZAI Holdings Co.,Ltd.",APAC,IQ5538154
"North Lingyun Industrial Group Co., Ltd.",APAC,IQ270240181
L.B. Foster Company,N. America,IQ130863
"Jiangsu Huahong Technology Co., Ltd.",APAC,IQ143885596
Tianjin Infrastructure Investment Group Limited Company,APAC,IQ39506680
Kanadevia Corporation,APAC,IQ874547
"Xintai City Urban and Rural Development Co., Ltd.",APAC,IQ289978250
Road & Bridge International Ltd.,APAC,IQ5550066
Otis Elevator Korea Co. Ltd.,APAC,IQ5509218
"Hovnanian Enterprises, Inc.",N. America,IQ279534
Excellence Commercial Property & Facilities Management Group Limited,APAC,IQ690113300
Heng Hup Holdings Limited,APAC,IQ600314256
Precision Tsugami (China) Corporation Limited,APAC,IQ109647361
China Yuchai International Limited,APAC,IQ380246
"YURA Co., Ltd.",APAC,IQ264088326
"Serveone Co., Ltd.",APAC,IQ596949485
"Nissan Shatai Co., Ltd.",APAC,IQ878271
Mainfreight Limited,APAC,IQ882260
Galilei Co. Ltd.,APAC,IQ5579794
SCG Packaging Public Company Limited,APAC,IQ877190
"Antong Holdings Co., Ltd.",APAC,IQ301490539
"De Licacy Industrial Co., Ltd.",APAC,IQ9735965
GS Holdings Corp.,APAC,IQ11169102
"Sanyo Trading Co., Ltd.",APAC,IQ1532476
"Tsubakimoto Kogyo Co., Ltd.",APAC,IQ880924
Deluxe Corporation,N. America,IQ266430
"Nippon Seiki Co., Ltd.",APAC,IQ883405
POWERCHINA Huadong Engineering Corporation Limited,APAC,IQ310067140
LS Eco Energy Ltd.,APAC,IQ304429700
"Polaris Shipping Co., Ltd.",APAC,IQ84296537
G-Tekt Corporation,APAC,IQ5554708
"Shanghai Ganglian E-Commerce Holdings Co., Ltd.",APAC,IQ60471770
Capral Limited,APAC,IQ874819
"Xinyi City Investment Development Group Co., Ltd.",APAC,IQ241670341
Niu Technologies,APAC,IQ306064547
"Longjian Road&Bridge Co.,Ltd",APAC,IQ12763675
U-Haul Holding Company,N. America,IQ345588
S-Tec System Co. Ltd.,APAC,IQ99216724
"METAWATER Co., Ltd.",APAC,IQ23351769
Glory Ltd.,APAC,IQ876941
Megawide Construction Corporation,APAC,IQ115841229
"Shinsung Delta Tech Co.,Ltd.",APAC,IQ20359651
Fagerhult Group AB,EMEA,IQ3466417
"Kunming Expressway Construction and Development Co.,Ltd.",APAC,IQ380951268
"Qingdao Hanhe Cable Co.,Ltd",APAC,IQ5449630
"Guangdong Environmental Protection Group Co.,Ltd.",APAC,IQ11065010
"NISSO HOLDINGS Co., Ltd",APAC,IQ5533501
DAE-IL Corporation,APAC,IQ36630915
"Nagoya Railroad Co., Ltd.",APAC,IQ875693
Dalmia Bharat Limited,APAC,IQ6437468
Morita Holdings Corporation,APAC,IQ880768
"KBR, Inc.",N. America,IQ4161770
Serco Group plc,EMEA,IQ877582
"SENKO Group Holdings Co., Ltd.",APAC,IQ879857
"Mengcheng County Urban Development Investment Holding Group Co., Ltd.",APAC,IQ538592043
PT Pakuwon Jati Tbk,APAC,IQ8088573
Toyota Tsusho Corporation,APAC,IQ877208
"Shenzhen Tagen Group Co., Ltd.",APAC,IQ6465470
"Wuxi GuoLian Development (Group) Co.,Ltd",APAC,IQ24547605
"Depo Auto Parts Industrial Co., Ltd.",APAC,IQ9857989
"Heilongjiang Construction Investment Group Co., Ltd.",APAC,IQ98793251
"Nishikawa Rubber Co., Ltd.",APAC,IQ887217
Vetropack Holding AG,EMEA,IQ877048
Dr. Ing. h.c. F. Porsche AG,EMEA,IQ213545777
Changqing Machinery Company Limited,APAC,IQ61635761
"Nanxing Machinery Co., Ltd.",APAC,IQ260306560
BES Engineering Corporation,APAC,IQ9844177
"Create Technology & Science Co.,Ltd.",APAC,IQ11367520
KE Holdings Inc.,APAC,IQ665898843
"DY DEOKYANG Co.,Ltd.",APAC,IQ1039010
Webasto Donghee Holdings Co. Ltd,APAC,IQ105906268
"Citic Pacific Special Steel Group Co., Ltd",APAC,IQ13090579
ArcBest Corporation,N. America,IQ25063
"Shanghai International Port (Group) Co., Ltd.",APAC,IQ9664238
Uflex Limited,APAC,IQ28579
Sinotruk (Hong Kong) Limited,APAC,IQ38943206
Renrui Human Resources Technology Holdings Limited,APAC,IQ645545068
ZKH Group Limited,APAC,IQ1828746238
"Enphase Energy, Inc.",N. America,IQ40485464
"Qidong City Construction Investment Development Co., Ltd",APAC,IQ536951268
AIA Engineering Limited,APAC,IQ24629985
KAP Limited,EMEA,IQ141826678
Voltronic Power Technology Corp.,APAC,IQ224341039
"PHA Co., Ltd.",APAC,IQ5842314
Wuhan Water Group Company Limited,APAC,IQ52035523
JK Lakshmi Cement Limited,APAC,IQ874358
"Foshan Electrical and Lighting Co.,Ltd",APAC,IQ108682
TFI International Inc.,N. America,IQ876067
"China Testing & Certification International Group Co.,Ltd.",APAC,IQ138817162
"Huangshi City Construction Investment Development Co.,Ltd",APAC,IQ224476562
"DYP Co.,Ltd",APAC,IQ100462123
Byucksan Corporation,APAC,IQ6536761
Toyota Boshoku Corporation,APAC,IQ880686
"Luyin Investment Group Co.,Ltd.",APAC,IQ10743731
"Sk Shipping Co., Ltd",APAC,IQ427776986
"Mistras Group, Inc.",N. America,IQ4549100
Parker Corporation,APAC,IQ6468037
KONE Oyj,EMEA,IQ686868
"XPCC Construction & Engineering (Group) Co., Ltd.",APAC,IQ140891860
LS Cable & System Ltd.,APAC,IQ61237941
ISS Facility Services Australia Limited,APAC,IQ878616
"NEXTEEL Co., Ltd.",APAC,IQ28402452
"Mitsubishi Logisnext Co., Ltd.",APAC,IQ880666
New Zealand Post Limited,APAC,IQ5531272
"Yongxing Special Materials Technology Co.,Ltd",APAC,IQ26689400
"Huainan Construction Development Holdings (Group) Co., Ltd",APAC,IQ611298986
"Mitsui Fudosan Co., Ltd.",APAC,IQ875101
CRRC GROUP Co. Ltd.,APAC,IQ138946564
"Xinjiang Fourth Agricultural Division State-owned Assets Investment Co., Ltd.",APAC,IQ242387047
"Shenzhen New Nanshan Holding (Group) Co., Ltd.",APAC,IQ79614129
"Shenzhen Easttop Supply Chain Management Co., Ltd.",APAC,IQ28388229
PPF Group N.V.,EMEA,IQ13291106
Bertrandt Aktiengesellschaft,EMEA,IQ883035
Civeo Corporation,N. America,IQ243907022
Hanwha Corporation,APAC,IQ2482203
"Shin Nippon Air Technologies Co., Ltd.",APAC,IQ880826
Holmen AB (publ),EMEA,IQ874013
Kurita Water Industries Ltd.,APAC,IQ876283
"Friend Co.,Ltd.",APAC,IQ127856566
"Musashi Seimitsu Industry Co., Ltd.",APAC,IQ884070
Champion Iron Limited,APAC,IQ3466102
First Tractor Company Limited,APAC,IQ8080052
"China Tiesi ju Civil Engineering Group Co, Ltd",APAC,IQ246761052
Ningbo Marine Company Limited,APAC,IQ20357383
PetroVietnam General Services Joint Stock Company,APAC,IQ37311115
Alligo AB (publ),EMEA,IQ430193424
"Anhui Construction Engineering Group Co., Ltd.",APAC,IQ9708621
Gove Aluminium Finance Limited,APAC,IQ22674880
Taylor Morrison Home Corporation,N. America,IQ224946128
"Yichun Communications Investment Group Co., Ltd",APAC,IQ607518467
Senior plc,EMEA,IQ876981
"SK ecoplant Co., Ltd.",APAC,IQ5474161
PHINIA Inc.,N. America,IQ1818052351
"J.S.B.Co.,Ltd.",APAC,IQ31157716
Aveng Limited,EMEA,IQ883921
"Sungwoo Hitech Co., Ltd.",APAC,IQ5686366
"Jiusheng Electric Co., Ltd.",APAC,IQ131261554
Qilu Expressway Company Limited,APAC,IQ572526653
Alro S.A.,EMEA,IQ20332934
Emeco Holdings Limited,APAC,IQ22277516
Guangdong Yueyun Transportation Company Limited,APAC,IQ24019618
DAIHEN Corporation,APAC,IQ876196
A. O. Smith Corporation,N. America,IQ997111
Meier Tobler Group AG,EMEA,IQ876769
"Fullcast Holdings Co., Ltd.",APAC,IQ1329903
Pacific Aluminium (New Zealand) Limited,APAC,IQ5506590
"CCCC Fourth Harbor Engineering Co.,Ltd.",APAC,IQ26084477
Nitto Kogyo Corporation,APAC,IQ881618
"Takasago Thermal Engineering Co., Ltd.",APAC,IQ876039
Cofiroute SA,EMEA,IQ9898726
"Shandong Longji Machinery Co.,Ltd",APAC,IQ83486757
"KATITAS CO., Ltd.",APAC,IQ10562524
OYO Corporation,APAC,IQ880132
"Compass, Inc.",N. America,IQ224953563
Jai Balaji Industries Limited,APAC,IQ20933556
"Myers Industries, Inc.",N. America,IQ290177
"SamYoung System Co,.LTD",APAC,IQ98901290
"CREEK & RIVER Co., Ltd.",APAC,IQ5380456
"Daewon Cable. Co., Ltd.",APAC,IQ9794201
"Crown Holdings, Inc.",N. America,IQ27199
"Persol Holdings Co.,Ltd.",APAC,IQ53336883
Aluminium Bahrain B.S.C.,EMEA,IQ5490205
"Werner Enterprises, Inc.",N. America,IQ313266
"Jinhap Co., Ltd",APAC,IQ30515346
Nitin Spinners Limited,APAC,IQ23776118
"Sinostar Cable Co., Ltd",APAC,IQ625680694
"Hangzhou First Applied Material Co., Ltd.",APAC,IQ105310232
Hillman Solutions Corp.,N. America,IQ278350761
SIG plc,EMEA,IQ876801
ASSA ABLOY Australia Pacific Pty Limited,APAC,IQ22745892
"Daiichi Jitsugyo Co., Ltd.",APAC,IQ874065
Birla Corporation Limited,APAC,IQ878371
Beijing New Building Materials Public Limited Company,APAC,IQ5663435
Industries Qatar Q.P.S.C.,EMEA,IQ21766915
Kajaria Ceramics Limited,APAC,IQ20346317
"Taigene Electric Machinery Co.,Ltd",APAC,IQ22866872
Södra Skogsägarna ekonomisk förening,EMEA,IQ4457319
Ahresty Corporation,APAC,IQ883190
West China Cement Limited,APAC,IQ30396365
"ShenZhen YUTO Packaging Technology Co., Ltd.",APAC,IQ272678492
"Proto Labs, Inc.",N. America,IQ890375
"Urumqi Urban Construction Investment (Group) Co.,Ltd.",APAC,IQ41136068
"Doosan Engineering & Construction Co., Ltd.",APAC,IQ13171483
Griffon Corporation,N. America,IQ281121
Norfolk Southern Corporation,N. America,IQ292268
"Mabuchi Motor Co., Ltd.",APAC,IQ880443
Erae Ams Co. Ltd,APAC,IQ545273358
PT Selamat Sempurna Tbk,APAC,IQ4492927
SC Asset Corporation Public Company Limited,APAC,IQ9377027
Ag Growth International Inc.,N. America,IQ2945619
J Hutchinson Pty Ltd,APAC,IQ22817791
Hangzhou Zhongtai Cryogenic Technology Corporation,APAC,IQ236404656
Ningbo PIA Automation Holding Corp.,APAC,IQ682491417
Ceetrus SA,EMEA,IQ5633346
RSWM Limited,APAC,IQ9885736
Henderson Land Development Company Limited,APAC,IQ875422
"Hefei Urban Construction Development Co., Ltd",APAC,IQ32569824
"Zhuhai Huafa Multi-Business Development Co.,Ltd.",APAC,IQ274023001
Dy Auto Corporation,APAC,IQ282639733
Swiss Steel Holding AG,EMEA,IQ5726601
"Sumitomo Electric Industries, Ltd.",APAC,IQ799467
"Lu Thai Textile Co., Ltd.",APAC,IQ5704624
Pactiv Evergreen Inc.,N. America,IQ81686253
GMB Corporation,APAC,IQ20905795
SMEC Holdings Pty Ltd,APAC,IQ7767267
"SCREEN Holdings Co., Ltd.",APAC,IQ874245
"Sinohydro Engineering Bureau 4 Co.,Ltd",APAC,IQ577320073
"Jiaozuo Investment Group Co.,Ltd.",APAC,IQ320102920
"Changsha Water Group Co., Ltd.",APAC,IQ208128699
Chevalier International Holdings Limited,APAC,IQ876885
Mondi plc,EMEA,IQ35538905
Brickworks Limited,APAC,IQ878546
Sumitomo Riko Company Limited,APAC,IQ881577
"Anhui Jianghuai Automobile Group Corp.,Ltd.",APAC,IQ5646982
"Shandong Daye Co., Ltd.",APAC,IQ142329861
Hong Leong Asia Ltd.,APAC,IQ134428
"Miller Industries, Inc.",N. America,IQ337812
Allane SE,EMEA,IQ29786016
INFAC Corporation,APAC,IQ12784531
"SINOPEC Engineering (Group) Co., Ltd.",APAC,IQ224664611
"Ssangyong Engineering & Construction Co., Ltd.",APAC,IQ5486976
Pfeiffer Vacuum Technology AG,EMEA,IQ381048
"Meiji Shipping Group Co., Ltd.",APAC,IQ880750
Chengfa Investment Group Corporation Limited,APAC,IQ264554255
Canadian National Railway Company,N. America,IQ353020
"Zhejiang Expressway Co., Ltd.",APAC,IQ882069
Tennant Company,N. America,IQ307782
Obara Group Incorporated,APAC,IQ5825892
"Sungdo Engineering & Construction Co., Ltd.",APAC,IQ9531498
"Zhuji Urban and Rural Investment Group Co., Ltd.",APAC,IQ145151092
"QiaoYin City Management Co., Ltd.",APAC,IQ571903868
"Daisue Construction Co., Ltd.",APAC,IQ880849
Hyundai Kefico Corporation,APAC,IQ12721917
"Taeyang Metal Industrial Co., Ltd.",APAC,IQ5753862
"China Construction Third Engineering Bureau Group Co.,Ltd.",APAC,IQ574218078
"Power Construction Corporation of China, Ltd",APAC,IQ143475682
Aston Martin Lagonda Global Holdings plc,EMEA,IQ111528564
"Hefei Xingtai Financial Holding(Group)Co.,LTD",APAC,IQ40785314
PT Ciputra Development Tbk,APAC,IQ878904
"Ganzhou Jiankong Investment Holding Group Co.,Ltd.",APAC,IQ648360849
"Jiangsu Sanfame Polyester Material Co.,Ltd.",APAC,IQ12763498
LafargeHolcim Maroc S.A.,EMEA,IQ5555837
"Vista Land & Lifescapes, Inc.",APAC,IQ34117266
"Changshu Tongrun Auto Accessory Co., Ltd.",APAC,IQ27222652
Inwido AB (publ),EMEA,IQ5827780
"Huzhou City Investment Development Group Co.,Ltd.",APAC,IQ117339494
Honeywell Holdings Pty Limited,APAC,IQ5909254
"Tsurumi Manufacturing Co.,Ltd.",APAC,IQ875583
"Mueller Industries, Inc.",N. America,IQ316367
The Timken Company,N. America,IQ308582
Arctic Paper S.A.,EMEA,IQ61945065
Bunzl plc,EMEA,IQ410348
Urumqi Traffic Tourism Investment (Group) Co.Ltd,APAC,IQ1686814225
"Heze Investment Development Group Co., Ltd.",APAC,IQ265096541
Nidec Corporation,APAC,IQ882937
"Guangdong HEC Technology Holding Co., Ltd",APAC,IQ9794084
Toyo Tire Corporation,APAC,IQ876005
"Nanchang Honggutan City Investment Group Co,Ltd",APAC,IQ99277219
TOKYO KEIKI INC.,APAC,IQ874553
CRRC Corporation Limited,APAC,IQ12188205
Aurizon Network Pty Ltd,APAC,IQ108957374
"Yingtan Juneng Investment Group Co, Ltd",APAC,IQ309866777
R.A.K. Ceramics P.J.S.C.,EMEA,IQ9171200
"Shandong Nanshan Aluminium Co.,Ltd.",APAC,IQ30325846
Kajima Corporation,APAC,IQ874300
Murakami Corporation,APAC,IQ883317
Somany Ceramics Limited,APAC,IQ20360073
FirstGroup plc,EMEA,IQ879521
"Talgo, S.A.",EMEA,IQ884932
"Open House Group Co., Ltd.",APAC,IQ52771450
Veolia Environmental Services (Australia) Pty Ltd,APAC,IQ21815023
"Mitsui O.S.K. Lines, Ltd.",APAC,IQ874327
"Chengdu Xindu Xiangcheng Construction Investment Co.,Ltd",APAC,IQ202042920
Cascades Inc.,N. America,IQ94877
"Shanghai Zijiang (Group) Co.,Ltd.",APAC,IQ41080676
Huber+Suhner AG,EMEA,IQ881622
"Covenant Logistics Group, Inc.",N. America,IQ336548
Longwell Company,APAC,IQ20947684
Snap-on Incorporated,N. America,IQ303646
Soitec SA,EMEA,IQ125027
"Xuzhou Xinsheng Investment Holding Group Co.,Ltd",APAC,IQ206424110
UACJ Corporation,APAC,IQ5645543
Zhejiang HangKe Technology Incorporated Company,APAC,IQ569958263
Howden Joinery Group Plc,EMEA,IQ31473
Huaian Traffic Holding Group Limited,APAC,IQ312339983
Frasers Property Australia Pty Limited,APAC,IQ228095878
Crane Company,N. America,IQ173927
"Shanghai Land (Group) Co.,Ltd",APAC,IQ37186541
"Hangcha Group Co., Ltd",APAC,IQ115891488
"Stoneridge, Inc.",N. America,IQ228755
Destia Oy,EMEA,IQ266407431
Sichuan Huashi Group Corporation Limited,APAC,IQ242360825
"Global Sae-A Co., Ltd",APAC,IQ653394352
Hunan Construction Engineering Group Corporation,APAC,IQ83893063
FNM S.p.A.,EMEA,IQ5556944
"Healthcare Services Group, Inc.",N. America,IQ277289
West Nippon Expressway Company Limited,APAC,IQ46645180
Ling Yun Industrial Corporation Limited,APAC,IQ9845840
"Changsha City Chengbei Investment Co.,Ltd",APAC,IQ563726747
Egypt Aluminum,EMEA,IQ20407530
Bitcoin Depot Inc.,N. America,IQ632371772
"Hyundai Glovis Co., Ltd.",APAC,IQ21908798
"Seiren Co.,Ltd.",APAC,IQ880837
PT Astra Otoparts Tbk,APAC,IQ8081323
"ZERO Co., Ltd.",APAC,IQ862700
"Guangdong GW Holdings Group Co.,Ltd",APAC,IQ49037437
Ambuja Cements Limited,APAC,IQ878368
"Nanping Wuyi New District Investment and Development Group Co.,Ltd.",APAC,IQ254428987
"TechnoPro Holdings, Inc.",APAC,IQ5560556
EXEL Industries SA,EMEA,IQ2206949
"Senci Electric Machinery Co.,Ltd.",APAC,IQ42467347
"Beijing Centergate Technologies (holding) Co., Ltd.",APAC,IQ5542253
"Kawasaki Heavy Industries, Ltd.",APAC,IQ409119
"Suzhou Wujiang District City Investment Development Group Co.,Ltd",APAC,IQ248430190
"CEMEX, S.A.B. de C.V.",N. America,IQ404061
"LT Group, Inc.",APAC,IQ9708992
Northam Platinum Holdings Limited,EMEA,IQ879390
Winpak Ltd.,N. America,IQ877062
"Zhongshan Broad-Ocean Motor Co., Ltd.",APAC,IQ45977574
"Shanghai Yaohua Pilkington Glass Group Co., Ltd.",APAC,IQ878606
"Kyung Dong Navien Co., Ltd.",APAC,IQ20351467
Hi-Lex Corporation,APAC,IQ2445564
Brookfield Business Holdings Corporation,N. America,IQ1675953525
"MSC Industrial Direct Co., Inc.",N. America,IQ108424
Xiangtan Electric Manufacturing Co. Ltd.,APAC,IQ11147057
Tiandi Science & Technology Co.Ltd,APAC,IQ12745351
"Jiangsu Lianyungang Port Co., Ltd.",APAC,IQ36037247
Graco Inc.,N. America,IQ29113
"Shandong Sunpaper Co., Ltd.",APAC,IQ5704711
CSX Corporation,N. America,IQ257948
"Daiki Aluminium Industry Co., Ltd.",APAC,IQ5881217
Indo Rama Synthetics (India) Limited,APAC,IQ882853
Asia Pacific Wire & Cable Corporation Limited,APAC,IQ361699
Prestige International Inc.,APAC,IQ3609701
Ircon International Limited,APAC,IQ10438100
Generac Holdings Inc.,N. America,IQ78749412
Chu Kong Shipping Enterprises (Group) Company Limited,APAC,IQ4492840
"Shanghai Liangxin Electrical Co.,LTD.",APAC,IQ59143245
"China Railway Special Cargo Logistics Co., Ltd.",APAC,IQ207398151
"Mobase Electronics Co.,Ltd.",APAC,IQ5705265
V/Line Corporation,APAC,IQ23050021
CN Logistics International Holdings Limited,APAC,IQ688673592
"Sangsin Brake Co., Ltd.",APAC,IQ9536361
Stadler Rail AG,EMEA,IQ9588449
"Zhejiang Development Group Co.,Ltd",APAC,IQ5684475
"F.C.C. Co., Ltd.",APAC,IQ884033
YKK Corporation,APAC,IQ5476579
"Shudao Investment Group Co.,Ltd.",APAC,IQ716993247
Mpact Limited,EMEA,IQ23184480
"Aecc Aero-Engine Control Co.,Ltd.",APAC,IQ9709537
"Mitsui & Co. (U.S.A.), Inc.",N. America,IQ474070
"Team, Inc.",N. America,IQ189424
China Merchants Port Holdings Company Limited,APAC,IQ878307
Fox Factory Holding Corp.,N. America,IQ99357919
"KTK Group Co., Ltd.",APAC,IQ47015115
"Changxing Urban Construction Investment Group Co.,Ltd.",APAC,IQ225937278
Grasim Industries Limited,APAC,IQ877959
Continental Holdings Corporation,APAC,IQ12719299
Staffline Group PLC,EMEA,IQ1692591
DIP Corporation,APAC,IQ1570575
"CCCC Shanghai Dredging Co.,Ltd",APAC,IQ54507095
VRL Logistics Limited,APAC,IQ25093798
Lianyungang Port Group Limited Company,APAC,IQ29834141
Yasuda Logistics Corporation,APAC,IQ5577079
Fleetwood Limited,APAC,IQ8100286
Doman Building Materials Group Ltd.,N. America,IQ4219004
"Guangzhou Port Group Co.,Ltd",APAC,IQ22112600
SITC International Holdings Company Limited,APAC,IQ112697396
"XPO, Inc.",N. America,IQ3181355
PT OKI Pulp & Paper Mills,APAC,IQ243361616
Shenmao Technology Inc,APAC,IQ20400923
F-Tech Inc.,APAC,IQ880579
"Nanyang Investment Group Co.,Ltd",APAC,IQ250846978
"Jining City Shizhong District Urban Construction Investment Co.,Ltd.",APAC,IQ285232800
"Shandong Linglong Tyre Co.,Ltd.",APAC,IQ84148802
"Qingdao Military-Civilian Integration Development Group Co.,Ltd.",APAC,IQ644176491
JK Tyre & Industries Limited,APAC,IQ9933756
Sikka Ports & Terminals Limited,APAC,IQ2529539
Komatsu Ltd.,APAC,IQ873811
Maike Tube Industry Holdings Limited,APAC,IQ643358356
"Anhui Honglu Steel Construction(Group) CO., LTD",APAC,IQ58145220
LPI (Australia) Holdings Pty Limited,APAC,IQ22431695
Bühler Holding AG,EMEA,IQ139764274
"Keisei Electric Railway Co., Ltd.",APAC,IQ878049
New Asia Construction & Development Corp.,APAC,IQ9870458
CNH Industrial Australia Pty Limited,APAC,IQ5576554
"Daihatsu Infinearth Mfg.Co.,Ltd",APAC,IQ5886436
Alcoa of Australia Limited,APAC,IQ702422
Guangzhou Port Company Limited,APAC,IQ281349356
East Japan Railway Company,APAC,IQ878556
"Tianneng Battery Group Co., Ltd.",APAC,IQ215650305
"Aecc Aero Science and Technology Co.,Ltd",APAC,IQ10163628
"Sinohydro Bureau 14 Co.,Ltd.",APAC,IQ316962556
Bodycote plc,EMEA,IQ618500
"HDC HOLDINGS CO.,Ltd",APAC,IQ2444225
GS Engineering & Construction Corporation,APAC,IQ2444372
"Capital Airports Holdings Co.,Ltd.",APAC,IQ8284855
"Shanghai Shuixing Home Textile Co., Ltd.",APAC,IQ59458090
"Qingdao Hiron Commercial Cold Chain Co., Ltd.",APAC,IQ145693604
"Huangshan Novel Co.,Ltd",APAC,IQ20344702
Anhui Construction Engineering Group Holding Company Limited,APAC,IQ141054474
"Hunan Iron and Steel Group Co., Ltd.",APAC,IQ7911345
Meritage Homes Corporation,N. America,IQ178296
"Faurecia Emissions Control Systems Korea Co., Ltd.",APAC,IQ226371541
Network Rail Limited,EMEA,IQ11969749
Veeco Instruments Inc.,N. America,IQ338943
Jaguar Land Rover Automotive plc,EMEA,IQ51999256
Analogue Holdings Limited,APAC,IQ22355474
AVIC Xi'an Aircraft Industry Group Company Ltd.,APAC,IQ5927042
"Hang Zhou Iron & Steel Co.,Ltd.",APAC,IQ32390685
"Zhejiang grandwall electric science&technology co.,ltd.",APAC,IQ47024733
Shree Cement Limited,APAC,IQ12752664
"Ningbo Haitian Precision Machinery Co.,Ltd.",APAC,IQ53121505
Silgan Holdings Inc.,N. America,IQ34335
Guangzhou Industrial Investment Holdings Group,APAC,IQ54803835
"Shinagawa Refra Co., Ltd.",APAC,IQ879732
Shanxi Road and Bridge Construction Group Company Limited,APAC,IQ242389523
Wheels India Limited,APAC,IQ9454796
"Xinjiang TianHengJi Investment (Group)Co.,Ltd",APAC,IQ242375853
Century Aluminum Company,N. America,IQ356264
Chongqing Fuling Traffic Tourism and Construction Investment Group Company Limited,APAC,IQ293423365
BeijingWest Industries International Limited,APAC,IQ9682092
Maharashtra Seamless Limited,APAC,IQ10246004
"Jiangdong Holding Group Co.,Ltd",APAC,IQ183135959
Savills plc,EMEA,IQ877750
Nava Limited,APAC,IQ8982486
Nanjing Hexi Newtown State-Owned Assets Management Holding (Group) Co.Ltd,APAC,IQ266700508
Arab Palestinian Investment Company,EMEA,IQ257417179
Hindustan Aeronautics Limited,APAC,IQ9141170
Novelis Inc.,N. America,IQ11902093
Polyplex (Thailand) Public Company Limited,APAC,IQ12736236
"CITIC Metal Co., Ltd",APAC,IQ23064775
Apollo Tyres Limited,APAC,IQ878338
"Ningbo Ronbay New Energy Technology Co.,Ltd.",APAC,IQ557422371
"Daewon Sanup Co., Ltd",APAC,IQ9616125
BREMER LAGERHAUS-GESELLSCHAFT -Aktiengesellschaft von 1877-,EMEA,IQ879775
Ryobi Limited,APAC,IQ874524
"Suining Run Enterprises Investment Co.,Ltd.",APAC,IQ268347313
"Guangxi Baise Pilot Zone Development Group Co., Ltd.",APAC,IQ572977865
CHC Resources Corporation,APAC,IQ9871357
Grand City Properties S.A.,EMEA,IQ207701627
Stena Metall AB,EMEA,IQ876802
Totech Corporation,APAC,IQ884071
"BAIKSAN Co,. Ltd",APAC,IQ11153446
Union Pacific Corporation,N. America,IQ310078
"Sichuan Development Holding Co.,Ltd",APAC,IQ131001936
"XTC New Energy Materials(Xiamen) Co.,Ltd.",APAC,IQ681976488
Heidelberg Materials AG,EMEA,IQ4108892
"Fuxin Dare Automotive Parts Co., Ltd.",APAC,IQ127681484
H.G. Infra Engineering Limited,APAC,IQ209675655
Sims Limited,APAC,IQ6158729
CTCI Corporation,APAC,IQ4483758
Samudera Shipping Line Ltd,APAC,IQ8088652
Wienerberger AG,EMEA,IQ416194
Balkrishna Industries Limited,APAC,IQ9240138
"Zhejiang Qianjiang Motorcycle Co., Ltd.",APAC,IQ9329116
"Rugao City Industry Development Group Co., Ltd.",APAC,IQ676174388
"Shanxi Huaxiang Group Co., Ltd.",APAC,IQ311373685
S P Setia Berhad,APAC,IQ2482172
Kyushu Railway Company,APAC,IQ5874498
Billion Industrial Holdings Limited,APAC,IQ131354606
Hands Corporation Ltd,APAC,IQ6478775
Settle Group Limited Liability Company,EMEA,IQ50982043
"Suzhou Communication Investment Co.,Ltd",APAC,IQ265932350
Nilkamal Limited,APAC,IQ12704490
"YG-1 Co., Ltd.",APAC,IQ5449305
Exacompta Clairefontaine S.A.,EMEA,IQ877858
Henan Zhongyuan Expressway Company Limited,APAC,IQ9776613
"Watsco, Inc.",N. America,IQ313461
"Mianyang City Investment Holding (Group) Co., Ltd.",APAC,IQ207691628
CIE Automotive India Limited,APAC,IQ29930645
Vygruppen AS,EMEA,IQ12505941
Changsha Kaifu City Investment Group Co.Ltd,APAC,IQ682169186
Aquafin NV,EMEA,IQ795882
"Aeolus Tyre Co., Ltd.",APAC,IQ9638234
"JAPAN MATERIAL Co., Ltd.",APAC,IQ142835961
"Beijing Easpring Material Technology CO.,LTD.",APAC,IQ39094234
ChangYuan Technology Group Ltd.,APAC,IQ9794113
Ming Yang Smart Energy Group Limited,APAC,IQ541794209
Bobst Group SA,EMEA,IQ874878
Qatar Navigation Q.P.S.C.,EMEA,IQ12703934
Techtronic Industries Company Limited,APAC,IQ877089
Grupo Rotoplas S.A.B. de C.V.,N. America,IQ137352419
Chongqing Yulong Asset Management (Group),APAC,IQ60445584
"Shanghai Pudong Construction Co.,Ltd.",APAC,IQ21853044
"KyungDong One Co., Ltd.",APAC,IQ134114077
Aksa Akrilik Kimya Sanayii A.S.,EMEA,IQ20853575
"Suzhou Anjie Technology Co., Ltd.",APAC,IQ141114591
Wenzhou Industry & Energy Development Group Company Limited,APAC,IQ241497527
Egger Holzwerkstoffe GmbH,EMEA,IQ32449506
"LuckLand Co., Ltd.",APAC,IQ5687475
PC1 Group Joint Stock Company,APAC,IQ62518549
Swietelsky AG,EMEA,IQ5535310
Jindal Saw Limited,APAC,IQ9306791
Keio Corporation,APAC,IQ876220
"Rizhao Port Co.,Ltd",APAC,IQ13526628
Akademiska Hus AB (publ),EMEA,IQ5885364
"China Steel Structure Co., Ltd.",APAC,IQ9776616
Airman Corporation,APAC,IQ5603898
The Hertz Corporation,N. America,IQ361133
Daejoo Heavy Industry Co. Ltd,APAC,IQ22905387
Knaus Tabbert AG,EMEA,IQ58840960
"NVR, Inc.",N. America,IQ182505
Österreichische Post AG,EMEA,IQ4480955
"Kumkang Kind Co., Ltd.",APAC,IQ5663939
BG Container Glass Public Company Limited,APAC,IQ561220982
Seohan Industries Co. Ltd.,APAC,IQ23109062
Jingjin Equipment Inc.,APAC,IQ142195520
"Hanma Technology Group Co.,Ltd.",APAC,IQ5794601
Forvaltnings AB Framtiden,EMEA,IQ5522081
Stockholms Stadshus AB,EMEA,IQ5478759
"Pyung Hwa Holdings Co., Ltd.",APAC,IQ42957395
"Makino Milling Machine Co., Ltd.",APAC,IQ875480
"Zhengzhou Urban Development Group Co.,Ltd",APAC,IQ327854518
Usha Martin Limited,APAC,IQ881144
Héroux-Devtek Inc.,N. America,IQ876332
Packaging Corporation of America,N. America,IQ98885
Gloria Material Technology Corp.,APAC,IQ9649213
DHL Express (Australia) Pty Limited,APAC,IQ6489029
"Takeuchi Mfg. Co., Ltd.",APAC,IQ6475976
Toyota Motor Corporation,APAC,IQ319676
Nordson Corporation,N. America,IQ143614
Daedong Hi-Lex Inc.,APAC,IQ98973968
"D.R. Horton, Inc.",N. America,IQ107405
Sangam (India) Limited,APAC,IQ13562406
Topre Corporation,APAC,IQ875898
Xi'an Gaoke Group Corporation Limited,APAC,IQ107989706
"Yindu Kitchen Equipment Co., Ltd",APAC,IQ61016738
Lum Chang Holdings Limited,APAC,IQ875867
JAMCO Corporation,APAC,IQ882740
Ya'an Development Investment Company Limited,APAC,IQ246819499
Aroundtown SA,EMEA,IQ58830719
"NOMURA Co., Ltd.",APAC,IQ883121
Queensland Rail Limited,APAC,IQ5478128
Ebara Corporation,APAC,IQ874158
Skanska AB (publ),EMEA,IQ874186
"NHD Development Co., Ltd.",APAC,IQ104557307
"Applied Materials, Inc.",N. America,IQ251230
"Tsukishima Holdings Co., Ltd.",APAC,IQ874509
LBS Bina Group Berhad,APAC,IQ879673
Sun Hung Kai Properties Limited,APAC,IQ411158
Mechel PAO,EMEA,IQ11311593
"FJ Next Holdings Co., Ltd.",APAC,IQ5639158
"Nanjing Jiangning City Construction Group Co.,Ltd",APAC,IQ411998077
"JAPAN Creative Platform Group Co., Ltd.",APAC,IQ5719786
"FAW Leasing Co.,Ltd.",APAC,IQ694133588
Constellium SE,EMEA,IQ184128240
Sinoma Energy Conservation Ltd.,APAC,IQ59102323
China Nuclear Engineering Corporation Limited,APAC,IQ223872462
"Lotte Engineering & Construction Co., Ltd.",APAC,IQ5874739
ESAB Corporation,N. America,IQ708077828
Veralto Corporation,N. America,IQ1849334916
Kordsa Teknik Tekstil A.S.,EMEA,IQ5392271
TVS Srichakra Limited,APAC,IQ20406586
"Chongqing Changshou Development and Investment (Group) Co.,Ltd",APAC,IQ171863385
KCTC Co. Ltd,APAC,IQ9548798
Stella-Jones Inc.,N. America,IQ880277
"Xi'an Fengdong Development Co., Ltd",APAC,IQ329725488
"Valmont Industries, Inc.",N. America,IQ163111
"Beibu Gulf Port Co., Ltd.",APAC,IQ225291778
Sunrise Group Company Limited,APAC,IQ54132240
Sanyo Engineering & Construction Inc.,APAC,IQ883398
Algoma Central Corporation,N. America,IQ873669
Organo Corporation,APAC,IQ880559
Coor Service Management Holding AB,EMEA,IQ304150273
Changsha Pilot Investment Holdings Group Corporation Limited,APAC,IQ143871218
St. Marys Cement Inc. (Canada),N. America,IQ1505753
"Luzhou Laojiao Group Co.,Ltd.",APAC,IQ142804997
AMAG Austria Metall AG,EMEA,IQ767945
Wuxi New District Development Group Company Limited,APAC,IQ79610516
Sharda Motor Industries Limited,APAC,IQ40454025
Transport International Holdings Limited,APAC,IQ874214
"Guangzhou Automobile Group Co., Ltd.",APAC,IQ9274701
"Shanghai Jinqiao Export Processing Zone Development Co.,Ltd",APAC,IQ6251286
"Korea Parts & Fasteners Co.,Ltd",APAC,IQ9412012
"Rockwell Automation, Inc.",N. America,IQ300504
"Terasaki Electric Co.,Ltd.",APAC,IQ5554729
Autobahnen- und Schnellstrassen-Finanzierungs-Aktiengesellschaft,EMEA,IQ22775736
DAS Corp.,APAC,IQ5407952
TOA Corporation  (Operating 1),APAC,IQ874665
Martinrea International Inc.,N. America,IQ3168364
"Sun Frontier Fudousan Co., Ltd.",APAC,IQ12962122
Cooper-Standard Holdings Inc.,N. America,IQ4235187
"Jiangsu Century New City Investment Holding Group Co.,ltd.",APAC,IQ544629619
Hosken Consolidated Investments Limited,EMEA,IQ884273
"ChinHung International, Inc.",APAC,IQ5567066
"Motorcar Parts of America, Inc.",N. America,IQ340577
Harrisons Holdings (Malaysia) Berhad,APAC,IQ5567506
Thomson Reuters Corporation,N. America,IQ515275
"M/I Homes, Inc.",N. America,IQ328190
Warom Technology Incorporated Company,APAC,IQ50951833
Dürr Aktiengesellschaft,EMEA,IQ881588
Lennar Corporation,N. America,IQ30763
"Hankook & Company Co., Ltd.",APAC,IQ874948
"Anhui Heli Co.,Ltd.",APAC,IQ5460151
UNISOL Holdings Corporation,APAC,IQ717413458
AVIC Shenyang Aircraft Company Limited,APAC,IQ12708833
"Gansu-Highway Traffic Construction Group Co.,Ltd.",APAC,IQ598278633
"Rugao Economic and Trade Development Co., Ltd.",APAC,IQ257260933
Sanko Gosei Ltd.,APAC,IQ4493100
SinoLight Corporation,APAC,IQ263237879
"Internacional de Cerámica, S.A.B. de C.V.",N. America,IQ392464
"Riyue Heavy Industry Co.,Ltd",APAC,IQ278002392
ISS Global A/S,EMEA,IQ5542078
"Wangli Security & Surveillance Product Co., Ltd",APAC,IQ625720423
"Mitsubishi Kakoki Kaisha, Ltd.",APAC,IQ874390
Forestar Group Inc.,N. America,IQ7910540
ISS A/S,EMEA,IQ26972979
Downer New Zealand Limited,APAC,IQ118795632
FSE Lifestyle Services Limited,APAC,IQ317919404
Shum Yip Group Limited,APAC,IQ51972977
EVA Precision Industrial Holdings Limited,APAC,IQ22226287
Frencken Group Limited,APAC,IQ9441209
China Ecotek Corporation,APAC,IQ9461015
"Cyber Power Systems, Inc.",APAC,IQ23352502
"Henan Pinggao Electric Co.,Ltd.",APAC,IQ5449621
CEVIA Enviro Inc.,APAC,IQ12963072
Indo Count Industries Limited,APAC,IQ20345039
"Shenzhen Tongyi Industry Co., Ltd.",APAC,IQ98367850
"Huachangda Intelligent Equipment Group Co.,Ltd.",APAC,IQ137696084
"Hunan Provincial Expressway Group Co.,Ltd",APAC,IQ41136377
Tianjin Beichen Hi-tech Industrial Park Management Co.Ltd.,APAC,IQ270689031
"Shanghai Zijiang Enterprise Group Co., Ltd.",APAC,IQ5606892
Shihlin Electric & Engineering Corp.,APAC,IQ878569
"Taiwan Secom Co., Ltd.",APAC,IQ9768803
National Aluminium Company Limited,APAC,IQ880178
Fujimak Corporation,APAC,IQ883318
Intertek Group plc,EMEA,IQ30202
Blue Dart Express Limited,APAC,IQ882716
"Korea Marine Transport Co., Ltd.",APAC,IQ5538189
"CoreCivic, Inc.",N. America,IQ166457
"Korea Pallet Pool Co., Ltd.",APAC,IQ544125634
"Fortaleza Materiales, S.A.P.I. de C.V.",N. America,IQ100497521
Chorus Aviation Inc.,N. America,IQ25673298
"Donghee Engineering Co., Ltd.",APAC,IQ88535686
"Zillow Group, Inc.",N. America,IQ20523038
"KC Co., Ltd.",APAC,IQ1570443
"Shandong Hi-Speed Road&Bridge Group Co., Ltd.",APAC,IQ5689951
"Moon Environment Technology Co.,Ltd.",APAC,IQ5410394
IMI plc,EMEA,IQ677583
GFL Environmental Inc.,N. America,IQ58576575
Wacker Neuson SE,EMEA,IQ8293604
"Shenzhen Yinghe Technology Co., Ltd",APAC,IQ83392187
APRR SA,EMEA,IQ876791
HÖRMANN Industries GmbH,EMEA,IQ249880886
L.G. Balakrishnan & Bros Limited,APAC,IQ20356251
Adecco Holdings Pty Ltd,APAC,IQ22637452
"Korea Aerospace Industries, Ltd.",APAC,IQ5490793
Zeda Limited,EMEA,IQ884099
"Landai Technology Group Corp., Ltd.",APAC,IQ266729261
WCT Holdings Berhad,APAC,IQ879755
PT Samudera Indonesia Tbk,APAC,IQ4509281
McLaren Group Limited,EMEA,IQ433898649
"Hangzhou Huawang New Material Technology Co.,Ltd.",APAC,IQ318785849
"Taiwan Hon Chuan Enterprise Co., Ltd.",APAC,IQ9737283
"Sam Dong Co., Ltd.",APAC,IQ5665017
"Hoban Vertium CO.,LTD.",APAC,IQ207432133
BingEx Limited,APAC,IQ1888464492
Airtac International Group,APAC,IQ111658967
Aircastle Limited,N. America,IQ27475527
Textron Inc.,N. America,IQ35303
Sveaskog AB (publ),EMEA,IQ1235644
TI Fluid Systems plc,EMEA,IQ306778181
Tutor Perini Corporation,N. America,IQ295969
"Hulic Co., Ltd.",APAC,IQ34301063
Bayerische Motoren Werke Aktiengesellschaft,EMEA,IQ704634
"Fuzhou Investment Development (Group) Co., Ltd.",APAC,IQ216124046
KiwiRail Holdings Limited,APAC,IQ35732
"Zhejiang Communications Investment Group Co., Ltd",APAC,IQ49924553
Jastrzebska Spólka Weglowa S.A.,EMEA,IQ5496202
Kanematsu Corporation,APAC,IQ873709
Bossard Holding AG,EMEA,IQ876755
"United Company RUSAL, International Public Joint-Stock Company",EMEA,IQ8101878
"Seun Steel Co., Ltd.",APAC,IQ96039767
Ashoka Buildcon Limited,APAC,IQ28491331
Strabag SE,EMEA,IQ881803
Home Group Limited,EMEA,IQ881844
"Kaishan Group Co., Ltd.",APAC,IQ98639594
Hero MotoCorp Limited,APAC,IQ881572
Montana Aerospace AG,EMEA,IQ713433188
"PARK24 Co., Ltd.",APAC,IQ884094
Sojitz Corporation,APAC,IQ873920
Hootech Inc.,APAC,IQ371699703
Hitachi Construction Machinery (Australia) Pty Ltd,APAC,IQ11311978
Canary Wharf Group Investment Holdings plc,EMEA,IQ10334282
Cementir Holding N.V.,EMEA,IQ11211196
Hefei Meyer Optoelectronic Technology Inc.,APAC,IQ52101606
"Guangzhou Communication Investment Group Co.,Ltd",APAC,IQ99152176
Danel (Adir Yeoshua) Ltd,EMEA,IQ5754441
"Qingdao West Coast Public Utility Group Co.,Ltd",APAC,IQ607180464
China Poly Group Corporation Limited,APAC,IQ20852920
Bridgestone Europe NV/SA,EMEA,IQ5522172
"Avic Aviation High-Technology Co., Ltd.",APAC,IQ12963134
"Daikin Industries,Ltd.",APAC,IQ875860
"Hunan Junxin Environmental Protection Co., Ltd.",APAC,IQ581481185
Delhi International Airport Limited,APAC,IQ30887139
"DRB Holding Co., Ltd.",APAC,IQ5647668
"Sumitomo Forestry Co., Ltd.",APAC,IQ877185
"Mayville Engineering Company, Inc.",N. America,IQ4277414
PACCAR Inc,N. America,IQ294721
Smiths Group plc,EMEA,IQ762942
Alamo Group Inc.,N. America,IQ24533
Hamburger Hafen und Logistik Aktiengesellschaft,EMEA,IQ5546991
CDC Habitat SA,EMEA,IQ24320434
GELEX Group Joint Stock Company,APAC,IQ208490884
"China CAMC Engineering Co., Ltd.",APAC,IQ27424175
Azienda Trasporti Milanesi S.p.A.,EMEA,IQ5492157
Escorts Kubota Limited,APAC,IQ878348
"Sungshin Cement Co., Ltd",APAC,IQ7687639
"China Haisum Engineering Co., Ltd.",APAC,IQ32317707
"Tong Yang Industry Co., Ltd.",APAC,IQ9829233
"Yangzhou Economic and Technological Development Zone Development (Group) Co.,Ltd.",APAC,IQ59672545
China Resources Land Limited,APAC,IQ882571
Oranjewoud N.V.,EMEA,IQ8081264
"Express Services, Inc.",N. America,IQ754034
"Namyang Industrial Co.,Ltd",APAC,IQ25127092
"China XD Electric Co., Ltd",APAC,IQ84011137
Kyungshin Corp.,APAC,IQ5607113
"Harbin Boshi Automation Co., Ltd.",APAC,IQ51125876
"ICF International, Inc.",N. America,IQ29703
"Myoung Shin Industrial Co.,Ltd",APAC,IQ99944851
"Shanghai Chengtou Highway Group Co.,Ltd",APAC,IQ681734497
SGS SA,EMEA,IQ1034298
Sansiri Public Company Limited,APAC,IQ4484462
Raya Holding Company for Financial Investments (S.A.E),EMEA,IQ23626811
KNG Steel Corpporation,APAC,IQ100593822
International Workplace Group plc,EMEA,IQ598665
"Integrated Electronic Systems Lab Co., Ltd.",APAC,IQ83754702
Cargojet Inc.,N. America,IQ2557409
Wajax Corporation,N. America,IQ873874
"Daeheung Rubber & Technology Co., Ltd.",APAC,IQ30394737
Knight-Swift Transportation Holdings Inc.,N. America,IQ334744
Double A (1991) Public Company Limited,APAC,IQ881665
"Donaldson Company, Inc.",N. America,IQ174765
Xingye Alloy Materials Group Limited,APAC,IQ39434022
"Sekisui House, Ltd.",APAC,IQ873695
Bharat Dynamics Limited,APAC,IQ23006716
Ausenco Pty Ltd.,APAC,IQ9664255
Lecta Ltd,EMEA,IQ675213
Ramboll Group A/S,EMEA,IQ23881272
"Chongqing Wansheng Construction Investment Co.,Ltd.",APAC,IQ238637699
Tomra Systems ASA,EMEA,IQ878841
Valeo SE,EMEA,IQ688262
Can-One Berhad,APAC,IQ22918416
"Douglas Dynamics, Inc.",N. America,IQ4277141
Reliance Worldwide Corporation Limited,N. America,IQ330654700
Toyota Industries Corporation,APAC,IQ762741
Enviri Corporation,N. America,IQ277575
"Zoucheng Urban Assets Holding Group Co., Ltd.",APAC,IQ118209048
BorgWarner Inc.,N. America,IQ25708
SBS Transit Ltd,APAC,IQ875398
En+ Group International Public Joint-Stock Company,EMEA,IQ34947186
"Changsha Urban Development Group Co.,Ltd.",APAC,IQ644158394
"Yunda Holding Group Co., Ltd.",APAC,IQ129703447
Mobico Group Plc,EMEA,IQ134263
"Xuzhou Jinlong Lake Holding Group Co., Ltd",APAC,IQ688002816
"Sunonwealth Electric Machine Industry Co., Ltd.",APAC,IQ1433479
Vasakronan AB,EMEA,IQ5525305
Capital A Berhad,APAC,IQ6163432
Sunflag Iron and Steel Company Limited,APAC,IQ881090
Transport Corporation of India Limited,APAC,IQ20406555
"KCC Engineering & Construction Co., Ltd.",APAC,IQ20351283
The Supreme Industries Limited,APAC,IQ20375456
"Chengdu Economic and Technology Development Zone Jianshe Development Co., Ltd",APAC,IQ214365004
Afry AB,EMEA,IQ877692
"Shanghai Jinjiang Shipping (Group) Co., Ltd.",APAC,IQ30395383
Sungsan Group Corporation,APAC,IQ98899593
"Pyung Hwa Industrial Co., Ltd.",APAC,IQ5690383
Ningbo Zhoushan Port Company Limited,APAC,IQ12828478
Xingfa Aluminium Holdings Limited,APAC,IQ42410927
PORR AG,EMEA,IQ874119
Avicopter Plc,APAC,IQ8141859
"Posco Future M Co., Ltd.",APAC,IQ5579845
"Dai-Dan Co., Ltd.",APAC,IQ880131
"Jiangsu Alcha Aluminium Group Co., Ltd.",APAC,IQ27163352
"Shenzhen SED Industry Co., Ltd.",APAC,IQ9245635
"Raysum Co., Ltd.",APAC,IQ6470507
"Haiyan State Owned Assets Management Co.,Ltd.",APAC,IQ245834621
"Peixian City Investment Development Co.,Ltd",APAC,IQ316760287
"China Sports Industry Group Co., Ltd.",APAC,IQ20367557
SM Line Corporation,APAC,IQ544451669
GMM Pfaudler Limited,APAC,IQ20343643
Clark Material Handling International Inc.,APAC,IQ83844154
Hanon Systems,APAC,IQ1004932
"INZI Controls Co.,Ltd.",APAC,IQ5411718
"Fuzhou Urban Construction Investment Group Co., Ltd.",APAC,IQ572849526
"Sichuan Road & Bridge Group Co.,Ltd",APAC,IQ9707509
PropNex Limited,APAC,IQ12761257
Oman Cables Industry SAOG,EMEA,IQ20683891
HUAYU Automotive Systems Company Limited,APAC,IQ5533540
"Advanced Energy Solution Holding Co., Ltd.",APAC,IQ657919499
GMB Korea Corp.,APAC,IQ5661649
"Shanghai Highly (Group) Co., Ltd.",APAC,IQ5525416
"Zhejiang Dun'an Artificial Environment Co., Ltd",APAC,IQ35618874
Great Lakes Dredge & Dock Corporation,N. America,IQ29142
Standex International Corporation,N. America,IQ304857
"Shanghai Lujiazui Finance & Trade Zone Development Co.,Ltd.",APAC,IQ879679
RS Group plc,EMEA,IQ874815
"Qingdao Metro Group Co., Ltd",APAC,IQ228285248
Alcan Primary Metal Australia Pty Ltd,APAC,IQ22636613
"Yancheng Oriental Investment & Development Group Co.,Ltd.",APAC,IQ109600672
"Jiangsu Asia-Pacific Light Alloy Technology Co., Ltd.",APAC,IQ75334081
"CITIC Offshore Helicopter Co., Ltd.",APAC,IQ10441081
"RXO, Inc.",N. America,IQ1777056302
"Jiangsu Wuzhong Economic & Technical Development Group Co.,Ltd.",APAC,IQ153929054
Aurizon Holdings Limited,APAC,IQ114127724
Bravida Holding AB (publ),EMEA,IQ49408691
"Hyster-Yale, Inc.",N. America,IQ2125636
"Maeda Kosen Co., Ltd.",APAC,IQ5421864
Ashley Services Group Limited,APAC,IQ54614978
"Hangzhou Cable Co., Ltd.",APAC,IQ47059652
Sterling and Wilson Renewable Energy Limited,APAC,IQ567270629
Atmus Filtration Technologies Inc.,N. America,IQ1826805803
Polytec Holding AG,EMEA,IQ937352
Keumkang Co. Ltd.,APAC,IQ99618468
"Chongqing Machinery & Electric Co., Ltd.",APAC,IQ45568444
Shea Homes Limited Partnership,N. America,IQ704180
"L3Harris Technologies, Inc.",N. America,IQ177934
"Aboitiz Equity Ventures, Inc.",APAC,IQ881457
"SMS Co., Ltd.",APAC,IQ41108571
"Plakor CO., LTD.",APAC,IQ32895645
"Photronics, Inc.",N. America,IQ296511
TVS Supply Chain Solutions Limited,APAC,IQ24350458
"K-Ensol Co., Ltd.",APAC,IQ96182671
"Ningbo Akin Electronic Technology Co.,Ltd.",APAC,IQ303711615
Xian Rail Transit Group Company Limited,APAC,IQ215121887
Taganrog Metallurgical Works Public Joint Stock Company,EMEA,IQ12704212
BASSAC Société anonyme,EMEA,IQ26321718
"Far East Smarter Energy Co., Ltd.",APAC,IQ41132919
Finnlines Plc,EMEA,IQ846095
Acuity Inc.,N. America,IQ1413208
"Chongqing City Transportation Development & Investment Group Co., Ltd.",APAC,IQ128119335
"Shanghai Mobitech Technology Co.,Ltd.",APAC,IQ245866767
Colliers International Holdings (Australia) Limited,APAC,IQ30425506
Nexen Corporation,APAC,IQ20357232
"AECC Aviation Power Co.,Ltd",APAC,IQ24053047
"DEPPON LOGISTICS Co., LTD.",APAC,IQ127255999
Córas Iompair Éireann,EMEA,IQ4469014
Arabian Centres Company,EMEA,IQ36436942
"Autoroutes du Sud de la France, Société Anonyme",EMEA,IQ5476821
"Anhui Yingliu Electromechanical Co., Ltd.",APAC,IQ48767906
LU-VE S.p.A.,EMEA,IQ23270967
"Cixi State-owned Assets Investment Holding Co., Ltd.",APAC,IQ223994585
Ponsse Oyj,EMEA,IQ7653081
"Torishima Pump Mfg. Co., Ltd.",APAC,IQ880868
Guangxi Communications Investment Group Corporation Ltd.,APAC,IQ53363711
The Ramco Cements Limited,APAC,IQ878572
Equifax Inc.,N. America,IQ175749
"Guangxi Investment Group Co.,Ltd",APAC,IQ32432181
CCL Industries Inc.,N. America,IQ873959
"Linyi City Construction Investment Group Co., Ltd",APAC,IQ558601025
"Dun & Bradstreet Holdings, Inc.",N. America,IQ27755
Stolt-Nielsen Limited,EMEA,IQ305831
Vicat S.A.,EMEA,IQ4286769
Ningbo Joyson Electronic Corp.,APAC,IQ118051058
"Exponent, Inc.",N. America,IQ270377
"Aisan Industry Co., Ltd.",APAC,IQ5490302
"Ningbo Jifeng Auto Parts Co., Ltd.",APAC,IQ113740530
"Yangzhou Urban Construction State Owned Assets Holding Group Co., Ltd",APAC,IQ303143979
James Hardie Industries plc,EMEA,IQ1342650
"TCC Group Holdings Co., Ltd.",APAC,IQ877741
"Sinoma International Engineering Co.,Ltd",APAC,IQ13011168
TRUMPF SE + Co. KG,EMEA,IQ2925876
Bowmer & Kirkland Limited,EMEA,IQ5491475
"Camel Group Co., Ltd.",APAC,IQ52419731
Toromont Industries Ltd.,N. America,IQ873897
Votorantim Cimentos International S.A.,EMEA,IQ590963960
"Central Corporation Co., Ltd",APAC,IQ41947077
Placoplatre SA,EMEA,IQ5503942
Ventia Services Group Limited,APAC,IQ657228318
"Changzhou Tianning Construction and Development Group Co., Ltd.",APAC,IQ286499710
AP (Thailand) Public Company Limited,APAC,IQ8517155
Metso Oyj,EMEA,IQ1181130
"Korea Electric Terminal Co., Ltd.",APAC,IQ6537229
"Taizhou East New City Development Group Co., Ltd.",APAC,IQ423551229
"Qingdao Jiaozhou Bay Development Group Co., Ltd",APAC,IQ273586624
ADT CAPS Co.Ltd,APAC,IQ22798911
Hyundai Special Steel Company,APAC,IQ144047543
"Dongyang State-owned Assets Investment Co., Ltd.",APAC,IQ117090154
Xin Point Holdings Limited,APAC,IQ433338877
"Space Co.,Ltd.",APAC,IQ884040
"MORI BUILDING Co., Ltd.",APAC,IQ6456779
Lennox International Inc.,N. America,IQ401541
Cargolux Airlines International S.A.,EMEA,IQ2991292
Monadelphous Group Limited,APAC,IQ878500
"The Greenbrier Companies, Inc.",N. America,IQ332311
Subaru Corporation,APAC,IQ874322
CITIC Limited,APAC,IQ877097
Pall Korea Ltd.,APAC,IQ35512006
"Warrior Met Coal, Inc.",N. America,IQ380779777
"Ningbo Orient Wires & Cables Co.,Ltd.",APAC,IQ101990588
"Jiangsu Xinri E-Vehicle Co., Ltd.",APAC,IQ83278774
Grindwell Norton Limited,APAC,IQ880201
Fulton Hogan Limited,APAC,IQ6463542
Angang Group Mining Co.Ltd,APAC,IQ26048946
Avolon Holdings Limited,EMEA,IQ265837338
HELLA GmbH & Co. KGaA,EMEA,IQ876818
"Tailim Paper Co.,Ltd.",APAC,IQ5854190
Bharat Heavy Electricals Limited,APAC,IQ880166
"Shanghai QiFan Cable Co., Ltd",APAC,IQ54456921
"Obrascón Huarte Lain, S.A.",EMEA,IQ775001
Suzuki Motor Corporation,APAC,IQ667151
Reunert Limited,EMEA,IQ874551
Steel Partners Holdings L.P.,N. America,IQ300991
Mears Group plc,EMEA,IQ881992
"Suzhou Secote Precision Electronic Co.,LTD",APAC,IQ373565520
KWH-yhtymä Oy,EMEA,IQ875625
Reece Limited,APAC,IQ4508928
Dalrymple Bay Infrastructure Management Pty Ltd,APAC,IQ30375489
GM Korea Company Ltd.,APAC,IQ773558
"Hanwha Engine Co., Ltd.",APAC,IQ22340143
"Jinan City Investment Group Co., Ltd.",APAC,IQ563077869
"Yongjin Technology Group Co., Ltd.",APAC,IQ126989414
Verallia Société Anonyme,EMEA,IQ620721448
Wilson Bayly Holmes-Ovcon Limited,EMEA,IQ884145
S. Shlomo Holdings Ltd,EMEA,IQ20501658
Yadea Group Holdings Ltd.,APAC,IQ332157122
"Beijing-Shanghai High-Speed Railway Co., Ltd.",APAC,IQ39928186
Fujikura Ltd.,APAC,IQ876033
"Logista Integral, S.A.",EMEA,IQ5476690
Tianjin Binhai New Area Construction & Investment Group Co.LTD,APAC,IQ116120465
Wonik QnC Corporation,APAC,IQ9535750
Trigano S.A.,EMEA,IQ167444
"Alliance Global Group, Inc.",APAC,IQ1505220
"Toll Brothers, Inc.",N. America,IQ308806
"Goneo Group Co., Ltd.",APAC,IQ551074767
Vietnam Maritime Corporation - Joint Stock Company,APAC,IQ26362859
"Minmetals New Energy Materials(Hunan)Co.,Ltd.",APAC,IQ250435972
Xinjiang NonFerrous Metal Industry (Group) Co.Ltd,APAC,IQ28220418
Engtex Group Berhad,APAC,IQ5383549
Berndorf AG,EMEA,IQ5522578
"Air Transport Services Group, Inc.",N. America,IQ3545047
Richelieu Hardware Ltd.,N. America,IQ2482269
PT Lontar Papyrus Pulp & Paper Industry,APAC,IQ12701095
BESIX Group NV,EMEA,IQ5432196
Asia Green Energy Public Company Limited,APAC,IQ46888252
IDEX Corporation,N. America,IQ29728
Barratt Redrow plc,EMEA,IQ874146
Danfoss A/S,EMEA,IQ873819
Danieli & C. Officine Meccaniche S.p.A.,EMEA,IQ875884
"Avis Budget Group, Inc.",N. America,IQ26268
Property Technologies Inc.,APAC,IQ1814474048
"Dalian Linton NC Machine Co., Ltd.",APAC,IQ154061012
"Shanghai Baosteel Packaging Co., Ltd.",APAC,IQ182667520
"Zhejiang Wanfeng Auto Wheel Co., Ltd.",APAC,IQ23078658
CEWE Stiftung & Co. KGaA,EMEA,IQ881935
Astral Limited,APAC,IQ33302113
3M India Limited,APAC,IQ881351
"Park-Ohio Industries, Inc.",N. America,IQ2727353
Park-Ohio Holdings Corp.,N. America,IQ294994
"Zigong City Construction Investment and Development Group Co., Ltd.",APAC,IQ677703671
Feintool International Holding AG,EMEA,IQ827792
The Brink's Company,N. America,IQ413156
"Yantai Yeda Urban Development Group Co.,Ltd.",APAC,IQ240625419
Elvalhalcor Hellenic Copper and Aluminium Industry S.A.,EMEA,IQ883160
NVH Korea Inc.,APAC,IQ79682109
DFS Deutsche Flugsicherung GmbH,EMEA,IQ5490337
"Jilin Provincial Expressway Group Co.,Ltd",APAC,IQ52035133
"kt estate, LTD.",APAC,IQ116449275
"China National Chemical Engineering Co., Ltd",APAC,IQ97989686
"Zhuhai Huafa Group Co.,Ltd",APAC,IQ242390967
SIS Limited,APAC,IQ39973616
"Tongling Jingda Special Magnet Wire Co., Ltd.",APAC,IQ12745040
Rockwool A/S,EMEA,IQ664372
"Quanzhou Taiwanese Investment Zone Development and Construction Co.,Ltd.",APAC,IQ225930525
Shaoyang City Urban Construction Investment Management Group Company Limited,APAC,IQ242358515
Boyne Smelters Limited,APAC,IQ12419250
"Dongah Construction Industrial,Co.Ltd",APAC,IQ2482239
"Yahagi Construction Co.,Ltd.",APAC,IQ881125
"Kyungshin Holdings Co., Ltd.",APAC,IQ661458393
"State Grid Yingda Co.,Ltd.",APAC,IQ12702117
NIBE Industrier AB (publ),EMEA,IQ4493208
ACC Limited,APAC,IQ873802
British Columbia Ferry Services Inc.,N. America,IQ4220643
"Sinokor Merchant Marine Co., Ltd.",APAC,IQ5720898
DSB,EMEA,IQ5478585
FAWER Automotive Parts Limited Company,APAC,IQ9002485
PT Supreme Cable Manufacturing & Commerce Tbk,APAC,IQ8088599
"Daemyung Chemical Co., Ltd.",APAC,IQ85150032
Aecon Group Inc.,N. America,IQ873917
Bundesimmobiliengesellschaft m.b.H.,EMEA,IQ5886244
"Abertis Infraestructuras, S.A.",EMEA,IQ876861
"Beijing Capital Highway Development Group Co., Ltd.",APAC,IQ35957418
Shenzhen Investment Limited,APAC,IQ7658243
"SunCoke Energy, Inc.",N. America,IQ42757816
"Penta-Ocean Construction Co., Ltd.",APAC,IQ874556
Hiap Teck Venture Berhad,APAC,IQ10438380
"Tieliu Co,.Ltd",APAC,IQ304695559
Zigup Plc,EMEA,IQ876131
Greentown Management Holdings Company Limited,APAC,IQ634797155
Granite Construction Incorporated,N. America,IQ275898
Chuzhou Tongchuang Constructive and Investment Corporation Limited.,APAC,IQ307039990
"XJ Electric Co., Ltd.",APAC,IQ9709857
"Chengdu Aerotropolis Xingcheng Investment Group Co.,Ltd.",APAC,IQ182488101
Fugro N.V.,EMEA,IQ881584
Brady Corporation,N. America,IQ171296
"Shenzhen Han's CNC Technology Co., Ltd.",APAC,IQ715506241
CPMC Holdings Limited,APAC,IQ78940510
"eXp World Holdings, Inc.",N. America,IQ236721760
"Nanjing Yangzi State-owned Investment Group Co., Ltd.",APAC,IQ381862708
Lindab International AB (publ),EMEA,IQ857979
Chiyoda Corporation,APAC,IQ874180
Doosan Bobcat Inc.,APAC,IQ261799982
"Yueyang Huihua Investment Development Co.,Ltd",APAC,IQ533163414
"Axcelis Technologies, Inc.",N. America,IQ416350
"Chongqing Zongshen Power Machinery Co.,Ltd",APAC,IQ12732316
Clarivate Plc,EMEA,IQ373723538
"Anhui Provincial Port&Shipping Group Co.,Ltd",APAC,IQ618010648
Dongbu Corporation,APAC,IQ2580493
"Dongbang Transport Logistics Co., Ltd.",APAC,IQ20342632
"PulteGroup, Inc.",N. America,IQ294550
Asia Allied Infrastructure Holdings Limited,APAC,IQ877895
Komatsu Australia Pty Ltd,APAC,IQ9663755
HL Mando Corporation,APAC,IQ262770719
BUA Cement Plc,EMEA,IQ651059269
Brødrene A & O Johansen A/S,EMEA,IQ2421206
"Xi'an Hi-tech Holding Co.,Ltd",APAC,IQ232667866
Republic Airways Holdings Inc.,N. America,IQ1825362
Sahaviriya Steel Industries Public Company Limited,APAC,IQ884159
Palfinger AG,EMEA,IQ743832
Doosan Corporation,APAC,IQ2160932
"Ruentex Development Co.,Ltd.",APAC,IQ9845333
"Filinvest Land, Inc.",APAC,IQ881897
Balfour Beatty plc,EMEA,IQ682098
"Shanghai Chuangli Group Co., Ltd.",APAC,IQ263432659
"Guangzhou Industry Investment Holding Group Co., Ltd",APAC,IQ39745681
"China Baoan Group Co., Ltd.",APAC,IQ9794058
Globaltrans Investment Plc,EMEA,IQ43037759
Avax S.A.,EMEA,IQ10361608
Stecon Group Public Company Limited,APAC,IQ7834004
daa plc,EMEA,IQ8086856
Lockheed Martin Australia Pty Limited,APAC,IQ25722075
Onto Innovation Inc.,N. America,IQ33946
"Dajin Heavy Industry Co.,Ltd.",APAC,IQ111601227
Marsh Mercer Holdings (Australia) Pty Ltd,APAC,IQ22355583
"HANMI Semiconductor Co., Ltd.",APAC,IQ22985740
TUHU Car Inc.,APAC,IQ1805740102
"Tianjin Keyvia Electric Co.,Ltd",APAC,IQ131717342
Savaria Corporation,N. America,IQ3178568
"Doosan Enerbility Co., Ltd.",APAC,IQ5471052
"China Southern Power Grid Energy Efficiency & Clean Energy Co., Ltd.",APAC,IQ660855130
"Tanseisha Co., Ltd.",APAC,IQ883460
"Guiyang Industrial Investment Co., Ltd.",APAC,IQ112221867
"Jiangsu Huaxicun Co.,Ltd.",APAC,IQ5754230
The Weir Group PLC,EMEA,IQ874522
"Wencan Group Co., Ltd.",APAC,IQ51711756
"LS Automotive Technologies Co.,Ltd.",APAC,IQ52605206
PT Tembaga Mulia Semanan Tbk,APAC,IQ12703512
"Jiangsu Leili Motor Co., Ltd",APAC,IQ59367508
Astra Industrial Group Company,EMEA,IQ47549675
Ducommun Incorporated,N. America,IQ267761
"Resideo Technologies, Inc.",N. America,IQ540151427
AcBel Polytech Inc.,APAC,IQ8936127
Alleima AB (publ),EMEA,IQ1685731432
"Kbi Dongkook Ind.Co.,Ltd.",APAC,IQ13402701
SFK Construction Holdings Limited,APAC,IQ40186161
Kerry Properties Limited,APAC,IQ798466
"CIE Automotive, S.A.",EMEA,IQ878697
China Energy Engineering Corporation Limited,APAC,IQ225955914
"JiaoZuo WanFang Aluminum Manufacturing Co., Ltd",APAC,IQ6466743
Tosei Corporation,APAC,IQ9124124
"Garden Group Co., Ltd.",APAC,IQ263260566
Erbud S.A.,EMEA,IQ30564228
"Shanxi Construction Investment Group Co., Ltd.",APAC,IQ541898660
Steel Strips Wheels Limited,APAC,IQ12703529
"Valeo Kapec Co.,Ltd.",APAC,IQ23035883
"Infraestruturas de Portugal, S.A.",EMEA,IQ5740466
"Franklin Electric Co., Inc.",N. America,IQ273729
Amara Raja Energy & Mobility Limited,APAC,IQ9123249
L.K. Technology Holdings Limited,APAC,IQ29383163
Eagle Materials Inc.,N. America,IQ338134
Matrix Service Company,N. America,IQ31193
Rubix Limited,EMEA,IQ586442301
"Century Iron and Steel Industrial Co.,Ltd.",APAC,IQ30965079
UEM Edgenta Berhad,APAC,IQ2456888
BENTELER International Austria GmbH,EMEA,IQ5433540
Mersen S.A.,EMEA,IQ135269
LS I&D Ltd.,APAC,IQ256679848
Kaiser Aluminum Corporation,N. America,IQ319334
"Astec Industries, Inc.",N. America,IQ251951
"Elementia Materiales, S. A. B. de C. V.",N. America,IQ1680024618
China Hongqiao Group Limited,APAC,IQ118522514
"Micronics Japan Co., Ltd.",APAC,IQ5920083
"Ningbo Qrunning Cable Co.,LTD",APAC,IQ318785117
"HS Hwasung Co., Ltd.",APAC,IQ9548972
"Newmark Group, Inc.",N. America,IQ171030416
"Qingdao Huijintong Power Equipment Co.,Ltd.",APAC,IQ112826057
"Yancheng South District Development and Construction Investment Co.,Ltd.",APAC,IQ226869934
"Nanjing Jiangbei New Area Industrial Investment Group Co.,Ltd.",APAC,IQ212808866
"Hangzhou Yuhang Transportation Investment Group Co.,ltd.",APAC,IQ262834705
"WESCO International, Inc.",N. America,IQ398674
Techno Ryowa Ltd.,APAC,IQ883433
Interpump Group S.p.A.,EMEA,IQ127782
"MonotaRO Co., Ltd.",APAC,IQ30006794
Surbana Jurong Private Limited,APAC,IQ48895257
Régie Autonome des Transports Parisiens,EMEA,IQ5467261
Bonfiglioli S.P.A.,EMEA,IQ5542267
Dätwyler Holding AG,EMEA,IQ876790
"Siasun Robot&Automation Co.,Ltd.",APAC,IQ52592673
Preformed Line Products Company,N. America,IQ3175918
"Cementos Molins, S.A.",EMEA,IQ879158
"Eastern Airport Co., Ltd",APAC,IQ27603596
"China Construction Eighth Engineering Division Corp., Ltd",APAC,IQ22516858
KSB SE & Co. KGaA,EMEA,IQ875960
"Ordos State Owned Assets Investment Holding Group Co., Ltd.",APAC,IQ106843166
"Zhejiang Feida Environmental Science & Technology Co., Ltd.",APAC,IQ12702414
"Hubei Jingmen Urban Construction Group Co., Ltd",APAC,IQ630724319
Jungheinrich Aktiengesellschaft,EMEA,IQ879453
PWO AG,EMEA,IQ879631
Global Industrial Company,N. America,IQ340250
CIMC Enric Holdings Limited,APAC,IQ23554652
UniFirst Corporation,N. America,IQ309966
"Nemak, S. A. B. de C. V.",N. America,IQ12722790
Talaat Moustafa Group Holding,EMEA,IQ35922787
"Barrett Business Services, Inc.",N. America,IQ328132
Bell Equipment Limited,EMEA,IQ884000
Protasco Berhad,APAC,IQ9285248
PT Pindo Deli Pulp and Paper Mills,APAC,IQ3591195
"ZRP Printing Group Co., Ltd",APAC,IQ571895079
"Zhewen Pictures Group co.,ltd",APAC,IQ59368799
"TYC Brother Industrial Co., Ltd.",APAC,IQ9794157
RTA Boyne Limited,APAC,IQ209481485
Hoshizaki Corporation,APAC,IQ5504107
Synergie SE,EMEA,IQ879303
Transurban Group,APAC,IQ881907
"Beijing Lier High-temperature Materials Co.,Ltd.",APAC,IQ100408917
Fulton Hogan Australia Pty Ltd,APAC,IQ317224431
"Zhaoqing Guolian Investment Holding Co.,Ltd",APAC,IQ412817015
Perth Airport Pty Ltd,APAC,IQ20466920
"Dongwon Metal Co., Ltd.",APAC,IQ9221327
"Goldwind Science&Technology Co., Ltd.",APAC,IQ39393567
"The Manitowoc Company, Inc.",N. America,IQ286163
"Anhui Zhongding Sealing Parts Co., Ltd.",APAC,IQ5678563
Asahi India Glass Limited,APAC,IQ9898881
North East Rubber Public Company Limited,APAC,IQ573011869
Vincom Retail Joint Stock Company,APAC,IQ240984700
Cummins South Pacific Pty. Ltd.,APAC,IQ22686629
TREVI - Finanziaria Industriale S.p.A.,EMEA,IQ7885564
Norconsult ASA,EMEA,IQ21935596
Bufab AB (publ),EMEA,IQ7959845
KBR Holdings Pty Ltd,APAC,IQ30350888
"Hwang Chang General Contractor Co., Ltd",APAC,IQ9531569
WILO SE,EMEA,IQ5499069
TML Holdings Pte. Ltd.,APAC,IQ240429786
Zhengzhou jingkai investment development company limited,APAC,IQ309866801
Wallenius Wilhelmsen ASA,EMEA,IQ109864930
Beijing Yizhuang Investment Holdings Limited,APAC,IQ26813492
"SK Rent-a-Car Co., Ltd.",APAC,IQ139446143
"Wuxi Lead Intelligent Equipment CO.,LTD.",APAC,IQ230451834
"Champion Homes, Inc.",N. America,IQ84603703
"Nanjing Metro Group Co.,Ltd",APAC,IQ237830366
"Sebang Global Battery Co., Ltd.",APAC,IQ5553297
"Western (Chongqing) Science City Jiangjin Park Development and Construction Group Co., Ltd.",APAC,IQ1764494384
"Hangzhou Fuyang City Construction Investment Group Co., Ltd.",APAC,IQ261721845
"Prosegur Cash, S.A.",EMEA,IQ413525960
"Good Com Asset Co., Ltd.",APAC,IQ60448343
"Wenzhou Communications Develop Group Co., Ltd.",APAC,IQ243159571
"Yunnan Aluminium Co., Ltd.",APAC,IQ5553098
Technocraft Industries (India) Limited,APAC,IQ26271749
"Lincoln Electric Holdings, Inc.",N. America,IQ338562
Jiangsu Shenghong Science and Technology Corporation Limited,APAC,IQ28388363
"Teixeira Duarte, S.A.",EMEA,IQ111890415
"Ruentex Engineering & Construction Co., Ltd.",APAC,IQ23048493
"Jiangsu Xianxian Holding Group Co.,Ltd.",APAC,IQ636513659
"HWASHIN CO.,Ltd",APAC,IQ5632564
Dexterra Group Inc.,N. America,IQ658050282
Oshkosh Corporation,N. America,IQ294167
"Ryder System, Inc.",N. America,IQ33956
"Huntington Ingalls Industries, Inc.",N. America,IQ363263
Yuexiu Transport Infrastructure Limited,APAC,IQ4484524
Buzzi S.p.A.,EMEA,IQ944114
"Bosung Co.,Ltd.",APAC,IQ26520289
Prestige Estates Projects Limited,APAC,IQ37514015
"Molitec Steel Co., Ltd.",APAC,IQ5636167
DKSH Holdings (Malaysia) Berhad,APAC,IQ879368
"Guangdong Haomei New Materials Co.,Ltd",APAC,IQ61242592
Ardagh Metal Packaging S.A.,EMEA,IQ705112155
"Zhuhai CosMX Battery Co., Ltd.",APAC,IQ116222941
"AMBITION DX HOLDINGS Co., Ltd.",APAC,IQ270361395
"CCCC Design & Consulting Group Co., Ltd.",APAC,IQ12459394
Mobileye Global Inc.,EMEA,IQ1802801041
"SNT Holdings Co., Ltd.",APAC,IQ5756766
Konecranes Plc,EMEA,IQ428507
"LegalZoom.com, Inc.",N. America,IQ11677383
"Sino-Platinum Metals Co.,Ltd",APAC,IQ12763502
Zhejiang Jingu Company Limited,APAC,IQ83425960
"Da-Cin Construction Co.,Ltd.",APAC,IQ9857954
Tadano Ltd.,APAC,IQ874157
"CCCG Real Estate Group Co.,Ltd",APAC,IQ378147172
"Beijing Fashion Holdings Co., Ltd.",APAC,IQ216232172
Wincanton Limited,EMEA,IQ4509300
SNCF Reseau,EMEA,IQ9155989
Strattec Security Corporation,N. America,IQ337346
ARD Finance S.A.,EMEA,IQ132687740
"TENPOS HOLDINGS Co.,Ltd.",APAC,IQ9329898
Burelle SA,EMEA,IQ876860
MIGALO HOLDINGS Inc.,APAC,IQ50275750
Aerospace Industrial Development Corporation,APAC,IQ12962307
"Limbach Holdings, Inc.",N. America,IQ263324968
RHI Magnesita N.V.,EMEA,IQ876031
Elgi Equipments Limited,APAC,IQ9639465
"STX Engine Co.,Ltd.",APAC,IQ20360753
SM Investments Corporation,APAC,IQ11970279
Marketech International Corp.,APAC,IQ2528566
Valmet Oyj,EMEA,IQ241216471
Metso Australia Pty Ltd,APAC,IQ5801874
"Longyan Investment & Development Group Co.,Ltd",APAC,IQ234739424
ANL Container Line Pty Ltd,APAC,IQ6476761
Metair Investments Limited,EMEA,IQ884208
AZ-COM MARUWA Holdings Inc.,APAC,IQ5631616
"Mudanjiang Hengfeng Paper Co.,Ltd",APAC,IQ12709025
"China Construction Sixth Engineering Bureau Corp.,Ltd",APAC,IQ22654291
"CD Cargo, a.s.",EMEA,IQ46294228
"Shang Gong Group Co., Ltd.",APAC,IQ882109
Kellogg Brown & Root Pty Ltd,APAC,IQ5415977
"Jiangsu Tongguang Electronic Wire & Cable Co., Ltd.",APAC,IQ139741704
Disco Corporation,APAC,IQ882580
Systemair AB (publ),EMEA,IQ5577998
Concepcion Industrial Corporation,APAC,IQ246272085
"Shanxi Meijin Energy Co.,Ltd.",APAC,IQ13029326
"DUAL Co., Ltd.",APAC,IQ30424776
"Tangshan Port Industrial Group Co., Ltd.",APAC,IQ128053101
Ever Sunshine Services Group Limited,APAC,IQ592212037
ATS Corporation,N. America,IQ880251
Jiangsu Libert INC.,APAC,IQ673183199
Sarda Energy & Minerals Limited,APAC,IQ20358705
"Huai'an New City Investment and Development Group Co.,Ltd",APAC,IQ306936391
"Heartland Express, Inc.",N. America,IQ277383
"Motrex Co., Ltd",APAC,IQ227962081
"Sintokogio,Ltd.",APAC,IQ880649
Marel hf.,EMEA,IQ12867453
"Samsung Heavy Industries Co., Ltd.",APAC,IQ4149336
"Beijing SPC Environment Protection Tech Co., Ltd.",APAC,IQ128100774
Caterpillar Inc.,N. America,IQ259378
"Feilong Auto Components Co., Ltd.",APAC,IQ52422847
"Sanyang Motor Co., Ltd.",APAC,IQ9870461
"Siemens Co., Ltd.",APAC,IQ46616919
AAPICO Hitech Public Company Limited,APAC,IQ5669264
Yining state-owned Assets Investment and Management Group Co.Ltd,APAC,IQ312184311
MRF Limited,APAC,IQ4456415
Austal Limited,APAC,IQ873691
Lords Group Trading plc,EMEA,IQ647972820
"China Airlines, Ltd.",APAC,IQ882561
"Tianjin Motor Dies Co.,Ltd.",APAC,IQ47065418
ABM Industries Incorporated,N. America,IQ250079
"Fujian Snowman Group Co., Ltd.",APAC,IQ115210707
"FCC Medio Ambiente, S.A.",EMEA,IQ5909135
ZCZL Industrial Technology Group Company Limited,APAC,IQ81848740
"Sichuan Changhong NewEnergy Technology Co.,Ltd.",APAC,IQ60507682
MKS Inc.,N. America,IQ398351
ZF Commercial Vehicle Control Systems India Limited,APAC,IQ38557242
DP World Australia (Holding) Pty Ltd,APAC,IQ309604309
Mullen Group Ltd.,N. America,IQ880134
"Shandong High-Speed Group Co., Ltd.",APAC,IQ108845906
Dong-Ah Geological Engineering Company Ltd.,APAC,IQ6012237
SOCAM Development Limited,APAC,IQ882510
Stabilus SE,EMEA,IQ233632820
"OPENLANE, Inc.",N. America,IQ33402796
KCC GLASS Corporation,APAC,IQ647941655
Sappi Southern Africa Limited,EMEA,IQ115507967
"AMETEK, Inc.",N. America,IQ31860
"Yuan Cheng Cable Co.,Ltd.",APAC,IQ52707896
Groupe Guillin S.A.,EMEA,IQ879232
Nanjing Jiangbei New Area Construction Investment Group Co. Ltd.,APAC,IQ42464204
Brembo N.V.,EMEA,IQ882929
"Dong Yung Shipping Co., Ltd.",APAC,IQ98963454
"Xinyu City Construction Investment Development Co.,Ltd",APAC,IQ213527387
"Shanghai Airport (Group) Co., Ltd.",APAC,IQ22548142
Shinsegae Engineering & Construction Inc.,APAC,IQ12721933
"PACTRA International Co., Ltd.",APAC,IQ104553411
Kadant Inc.,N. America,IQ324610
Hill & Smith PLC,EMEA,IQ877851
Parker-Hannifin Corporation,N. America,IQ295170
Zhejiang Xinao Textiles Inc.,APAC,IQ61542826
"Longhua Technology Group Co.,Ltd.",APAC,IQ139741434
Breedon Group plc,EMEA,IQ45822820
Unifeeder A/S,EMEA,IQ5561112
OHB SE,EMEA,IQ8178755
New Times Corporation Limited,APAC,IQ9638700
"Guangdong Hongtu Technology (holdings) Co.,Ltd.",APAC,IQ30347346
Finning International Inc.,N. America,IQ588096
"Nanchang Jinkai Group Co.,Ltd.",APAC,IQ609702630
Sai Gon VRG Investment Corporation,APAC,IQ225756926
Barnes Group Inc.,N. America,IQ254193
"Hiho Metal Co., Ltd.",APAC,IQ26556243
Taicang Asset Management Group Limited,APAC,IQ242357280
Bureau Veritas SA,EMEA,IQ127102
"Baoding Tianwei Baobian Electric Co.,Ltd.",APAC,IQ9638292
Giti Tire Corporation,APAC,IQ6012398
"Jiangsu Changbao Steeltube Co.,Ltd",APAC,IQ46988543
"Songz Automobile Air Conditioning Co., Ltd",APAC,IQ38612818
Abertis France SAS,EMEA,IQ26971384
Sanef SA,EMEA,IQ9846494
"Qianjiang City Construction&Investment Co.,Ltd",APAC,IQ263418418
PT Summarecon Agung Tbk,APAC,IQ8088598
ZYNP Corporation,APAC,IQ21827185
Chung-Hsin Electric and Machinery Manufacturing Corp.,APAC,IQ12719001
"Iljin Global Co., Ltd.",APAC,IQ640055635
JGC Holdings Corporation,APAC,IQ874070
SOCAR Inc.,APAC,IQ264277701
Heinzel Holding GmbH,EMEA,IQ28072287
Sonoco Products Company,N. America,IQ304124
Kardemir Karabük Demir Çelik Sanayi Ve Ticaret A.S.,EMEA,IQ10288225
"ORG Technology Co.,Ltd.",APAC,IQ204871068
West Japan Railway Company,APAC,IQ881640
"DKC Co.,Ltd.",APAC,IQ99726380
Zall Smart Commerce Group Ltd.,APAC,IQ136757669
Shiyan State-owned Capital Investment Operation Group Co.Ltd.,APAC,IQ206403623
"Watts Water Technologies, Inc.",N. America,IQ313108
"Guizhou Tyre Co.,Ltd.",APAC,IQ5718736
Freudenberg & Co. Kommanditgesellschaft,EMEA,IQ874932
"Changjiang & Jinggong Steel Building (Group) Co., Ltd",APAC,IQ20334432
"World Holdings Co., Ltd.",APAC,IQ13616696
"Bando Holdings Co., Ltd.",APAC,IQ99492418
"Sambo Motors Co., Ltd",APAC,IQ12722092
"Pingxiang Changxing Investment Co.,Ltd.",APAC,IQ330743053
DSV A/S,EMEA,IQ878704
"Baimtec Material Co.,Ltd.",APAC,IQ35228199
"TSP Wind Power Group Co., Ltd.",APAC,IQ108811105
Kingdom Holdings Limited,APAC,IQ30445238
Sarens Bestuur NV,EMEA,IQ261479091
Impro Precision Industries Limited,APAC,IQ232504797
"S.F. Holding Co., Ltd.",APAC,IQ341845043
Subros Limited,APAC,IQ20360735
"Tianjin Jintou State-owned Urban Development Co., Ltd.",APAC,IQ5794364
BLS AG,EMEA,IQ5542689
"The Yokohama Rubber Company, Limited",APAC,IQ874626
Swiss Prime Site AG,EMEA,IQ2444407
"Vidrala, S.A.",EMEA,IQ881570
AviChina Industry & Technology Company Limited,APAC,IQ9673988
UOL Group Limited,APAC,IQ874568
Brunel International N.V.,EMEA,IQ3267025
Dubai Aerospace Enterprise (DAE) Ltd.,EMEA,IQ28643701
"SiteOne Landscape Supply, Inc.",N. America,IQ98514
DLF Cyber City Developers Limited,APAC,IQ37281383
"Tande Co., Ltd.",APAC,IQ9794076
"Shenzhen INVT Electric Co.,Ltd",APAC,IQ58967257
Legrand SA,EMEA,IQ5600655
"Fujian Expressway Group Co.,Ltd.",APAC,IQ32488875
"Wuhan Urban Construction Group Co.,Ltd",APAC,IQ225756234
CAE Inc.,N. America,IQ873741
"GCC, S.A.B. de C.V.",N. America,IQ878496
"Applied Industrial Technologies, Inc.",N. America,IQ254679
Adani Enterprises Limited,APAC,IQ883013
GATX Corporation,N. America,IQ176787
Vonovia SE,EMEA,IQ5537158
Timken India Limited,APAC,IQ8350234
Ahluwalia Contracts (India) Limited,APAC,IQ12454798
Muhibbah Engineering (M) Bhd.,APAC,IQ4481390
Visteon Corporation,N. America,IQ245507
"Jingdezhen City Urban Construction Investment Group Co.,Ltd",APAC,IQ597315679
Wai Kee Holdings Limited,APAC,IQ878287
Colliers International Group Inc.,N. America,IQ369303
Freightways Group Limited,APAC,IQ11312272
Nederman Holding AB (publ),EMEA,IQ606580
Keqiao Development and Operation Group Company Limited,APAC,IQ106685598
Enpro Inc.,N. America,IQ2312985
Eiffage SA,EMEA,IQ874042
China National Chemical Engineering Group Corporation Ltd.,APAC,IQ37993851
CEAT Limited,APAC,IQ874647
Chongqing Changan Automobile Company Limited,APAC,IQ5480667
Ariston Holding N.V.,EMEA,IQ1686141192
"Jiangyin Electrical Alloy Co.,Ltd",APAC,IQ35853714
Stena AB (publ),EMEA,IQ879927
Xinghua City Construction Investment Company Limited,APAC,IQ224474491
WillScot Holdings Corporation,N. America,IQ3735944
Sociedad Estatal de Participaciones Industriales,EMEA,IQ560983
Royal HaskoningDHV,EMEA,IQ5532787
Fastenal Company,N. America,IQ270747
"Shuanglin Co., Ltd.",APAC,IQ49647742
"ZhengZhou Road & Bridge Construction Investment Group Co., Ltd.",APAC,IQ223944564
"FTI Consulting, Inc.",N. America,IQ28754
Veritas (India) Limited,APAC,IQ24509375
Nexteer Automotive Group Limited,N. America,IQ59503383
"Sebo Manufacturing, Engineering & Construction Corp.",APAC,IQ9548760
"Heidrick & Struggles International, Inc.",N. America,IQ401627
General Dynamics Corporation,N. America,IQ274561
BPCE Lease Immo Société anonyme,EMEA,IQ20904544
Forvia SE,EMEA,IQ423663
NBCC (India) Limited,APAC,IQ9663761
"Anhui Conch Material Technology Co., Ltd.",APAC,IQ1859585819
"H-LINE Shipping Co.,Ltd.",APAC,IQ253799536
"Jinlei Technology Co., Ltd.",APAC,IQ262832822
"Controladora Vuela Compañía de Aviación, S.A.B. de C.V.",N. America,IQ37855853
"Guangdong Dongfang Precision Science & Technology Co., Ltd.",APAC,IQ118597153
Manitou BF SA,EMEA,IQ879290
"COFCO Technology & Industry Co., Ltd.",APAC,IQ557948888
Yuexiu Property Company Limited,APAC,IQ878461
"Shandong Hongqiao New Material Co., Ltd",APAC,IQ224956465
Wilh. Wilhelmsen Holding ASA,EMEA,IQ875518
"Dongying Finance Investment Group Co.,Ltd.",APAC,IQ687360864
"Insperity, Inc.",N. America,IQ24320
Guangshen Railway Company Limited,APAC,IQ352821
Godrej Industries Limited,APAC,IQ874188
"AGROFERT, a.s.",EMEA,IQ7916243
Renew Holdings plc,EMEA,IQ875180
Far East Consortium International Limited,APAC,IQ878505
Trelleborg AB (publ),EMEA,IQ874520
"HanmiGlobal Co., Ltd.",APAC,IQ48715953
Clarkson PLC,EMEA,IQ877168
Port of Brisbane Pty Ltd,APAC,IQ874681
"House of Investments, Inc.",APAC,IQ11235284
Time Technoplast Limited,APAC,IQ29253884
KAMAZ Publicly Traded Company,EMEA,IQ30464
Golden Ocean Group Limited,N. America,IQ262789605
Korla City Construction (Group) Company Limited,APAC,IQ222919946
Allegion plc,EMEA,IQ241782379
Allient Inc.,N. America,IQ177779
Israel Railways Corporation Ltd.,EMEA,IQ22831518
"Zhejiang XCC Group Co.,Ltd",APAC,IQ49549512
"Ashton Woods USA, LLC",N. America,IQ23927335
Clarion Housing Group Limited,EMEA,IQ34408907
"Syntec Technology Co., Ltd.",APAC,IQ1848380709
Sweco AB (publ),EMEA,IQ3449723
Waberer's International Nyrt.,EMEA,IQ535233
"W.W. Grainger, Inc.",N. America,IQ276060
"Seojin Automotive Co.,Ltd.",APAC,IQ23315957
"Shenzhen Kingkey Smart Agriculture Times Co.,Ltd",APAC,IQ12709358
Grupa Kety S.A.,EMEA,IQ523521
Shandong Hi-speed Company Limited,APAC,IQ9550102
"Standard Motor Products, Inc.",N. America,IQ304714
"Guixi State Holding Group Co.,Ltd.",APAC,IQ381460295
"NARI Technology Co., Ltd.",APAC,IQ9220344
ÖBB-Infrastruktur Aktiengesellschaft,EMEA,IQ26971375
"Namura Shipbuilding Co., Ltd.",APAC,IQ880882
Orascom Construction PLC,EMEA,IQ285312677
COSCO SHIPPING Ports Limited,APAC,IQ879429
"RAR - Sociedade de Controle (Holding), S.A.",EMEA,IQ7902282
"Centuri Holdings, Inc.",N. America,IQ311215774
"Qingdao Huangdao Development Group Co.,Ltd.",APAC,IQ558685628
Build King Holdings Limited,APAC,IQ34898646
"Xian City Chanba Development Group Co.,Ltd.",APAC,IQ216079860
Berjaya Corporation Berhad,APAC,IQ878306
"Eurocrane (China) Co., Ltd.",APAC,IQ245629323
Calian Group Ltd.,N. America,IQ880387
Bharat Electronics Limited,APAC,IQ8910862
Tusk Corporation Limited,EMEA,IQ7675946
Horizon Construction Development Limited,APAC,IQ1757403377
"TRINECKÉ ZELEZÁRNY, a. s.",EMEA,IQ3602992
Greentown Service Group Co. Ltd.,APAC,IQ330107808
"Loncin Motor Co., Ltd.",APAC,IQ49443406
"Hangzhou Youngsun Intelligent Equipment Co., Ltd.",APAC,IQ262975078
"Star Mica Holdings Co., Ltd.",APAC,IQ28829252
Shanghai Urban Development (Holding) Co. Ltd,APAC,IQ35585362
"Jeil Co., Ltd.",APAC,IQ106668934
Nordex SE,EMEA,IQ5060870
"Fuzhou Water Group Co.,Ltd",APAC,IQ211675134
Lion Rock Group Limited,APAC,IQ136804909
"Guangzhou Baiyun Electric Equipment Co., Ltd.",APAC,IQ6462916
Centre Testing International Group Co. Ltd.,APAC,IQ69229784
Guangzhou Baiyun International Airport Company Limited,APAC,IQ9794121
Jiangsu Expressway Company Limited,APAC,IQ882722
"Entegris, Inc.",N. America,IQ416404
"Shanghai Pudong Development (Group) Co.,Ltd.",APAC,IQ32488945
ASC Pty Ltd,APAC,IQ9460629
IMCD N.V.,EMEA,IQ266245220
"Taiyuan Heavy Machinery Group Co., Ltd.",APAC,IQ29545141
SAF-Holland SE,EMEA,IQ1326404
ADENTRA Inc.,N. America,IQ9447242
"Yong Jie New Material Co.,Ltd.",APAC,IQ47694957
"Shanghai Daimay Automotive Interior Co., Ltd",APAC,IQ49030091
Korea Fuel-Tech Corporation,APAC,IQ99727580
China Nanshan Development (Group) Incorporation,APAC,IQ6479194
Ecoplastic Corporation,APAC,IQ20502304
Cintas Corporation,N. America,IQ260725
Terex Corporation,N. America,IQ307982
AtkinsRéalis Group Inc.,N. America,IQ875120
"Korea Movenex Co., Ltd.",APAC,IQ5545423
BRC Asia Limited,APAC,IQ7657712
Bharat Aluminium Company Limited,APAC,IQ12094487
Würth Group,EMEA,IQ855502
Amcor plc,EMEA,IQ401715
Liebherr-International AG,EMEA,IQ874869
Titan America SA,EMEA,IQ1899386530
Curtiss-Wright Corporation,N. America,IQ265386
"Yancheng City Asset Investment Group Co., Ltd",APAC,IQ117218513
"Pylon Technologies Co., Ltd.",APAC,IQ558836775
"Chengdu Geunion Investment Group Co.,Ltd.",APAC,IQ590943144
Yueqing State Investment Co.Ltd,APAC,IQ274889855
Magellan Aerospace Corporation,N. America,IQ273055
J. Kumar Infraprojects Limited,APAC,IQ37296865
Moog Inc.,N. America,IQ289620
"Topco Scientific Co.,Ltd.",APAC,IQ9870534
Pennar Industries Limited,APAC,IQ20357848
"Ningbo Huaxiang Electronic Co., Ltd.",APAC,IQ22514987
"Gestamp Automoción, S.A.",EMEA,IQ5600108
Bonheur ASA,EMEA,IQ878177
"National Silicon Industry Group Co., Ltd.",APAC,IQ325313512
Montecarlo Limited,APAC,IQ226121140
"Keuremiseu Co., Ltd.",APAC,IQ253804851
Schweizerische Bundesbahnen SBB AG,EMEA,IQ4455928
"Guangdong Rifeng Electric Cable Co., Ltd.",APAC,IQ308770822
"Japan Elevator Service Holdings Co.,Ltd.",APAC,IQ51204628
Greentown China Holdings Limited,APAC,IQ25505392
"Elecnor, S.A.",EMEA,IQ876373
Weir Group (Australian Holdings) Pty Limited,APAC,IQ9570741
"Waste Management, Inc.",N. America,IQ190694
"Hunan Corun New Energy Co., Ltd.",APAC,IQ11313600
"Milkyway Chemical Supply Chain Service Co.,Ltd",APAC,IQ50053223
"China Express Airlines Co.,LTD",APAC,IQ419550369
"EcoPro BM Co., Ltd.",APAC,IQ343267681
"Jiangsu Dingsheng New Materials Joint-Stock Co.,Ltd",APAC,IQ36830418
"China Merchants Expressway Network & Technology Holdings Co.,Ltd.",APAC,IQ53474039
"Hangzhou Lion Electronics Co.,Ltd",APAC,IQ232329304
"Hangzhou Fuchunwan New City Construction Investment Group Co., Ltd.",APAC,IQ675632027
Booz Allen Hamilton Holding Corporation,N. America,IQ160233
Plug Power Inc.,N. America,IQ405483
SAM Engineering & Equipment (M) Berhad,APAC,IQ4481486
"Prosegur Compañía de Seguridad, S.A.",EMEA,IQ879465
Indutrade AB (publ),EMEA,IQ143396
Mahindra Logistics Limited,APAC,IQ46883720
McConnell Dowell Corporation Limited,APAC,IQ875723
Knife River Corporation,N. America,IQ635662
"Nanning Communications Investment Group Co.,Ltd.",APAC,IQ685092498
Finolex Cables Limited,APAC,IQ878366
Bird Construction Inc.,N. America,IQ3103369
OPmobility SE,EMEA,IQ876758
"Saia, Inc.",N. America,IQ3079228
The Davey Tree Expert Company,N. America,IQ921791
"National Presto Industries, Inc.",N. America,IQ291023
"Zhejiang Yunzhongma Co.,Ltd.",APAC,IQ1683159988
Kingspan Group plc,EMEA,IQ664385
"Arcosa, Inc.",N. America,IQ546410010
"Xinjiang Production and Construction Corps 12th Division Stateowned Assets Management Co.,Ltd.",APAC,IQ270143666
Southern Cross Electrical Engineering Limited,APAC,IQ38925325
Fives S.A.S.,EMEA,IQ135385
"Jinhua Rongsheng Investment Development Group Co.,Ltd",APAC,IQ548168963
"Orion Group Holdings, Inc.",N. America,IQ10393155
Y.H. Dimri Construction & Development Ltd,EMEA,IQ20413148
Titan Machinery Inc.,N. America,IQ4497349
"Sichuan Furong Technology Co., Ltd.",APAC,IQ314816623
"Nuode New Materials Co.,Ltd.",APAC,IQ20334488
"Hyundai Engineering & Construction Co.,Ltd.",APAC,IQ875574
Rorze Corporation,APAC,IQ7909218
"ShenZhen Woer Heat-Shrinkable Material Co.,Ltd.",APAC,IQ34429063
Daiichi Kensetsu Corporation,APAC,IQ880783
"Aedas Homes, S.A.",EMEA,IQ538081673
Hyundai Materials Corporation,APAC,IQ111848093
Prinx Chengshan Holdings Limited,APAC,IQ580694046
"Trinity Industries, Inc.",N. America,IQ309456
Thoresen Thai Agencies Public Company Limited,APAC,IQ8088664
Guangzhou Pearl River Enterprises Group Ltd.,APAC,IQ6488977
Brambles Limited,APAC,IQ34536531
ITT Inc.,N. America,IQ280322
CEVA Logistics (Australia) Pty Ltd,APAC,IQ27162560
Vossloh AG,EMEA,IQ879553
PT Bumi Serpong Damai Tbk,APAC,IQ25391974
ES-CON JAPAN Ltd.,APAC,IQ1340556
"Zhejiang Wanma Co., Ltd.",APAC,IQ60494801
"Huzhou New City Investment Development Group Co., Ltd.",APAC,IQ544565445
"Tianjin Lingang Investment Holding Group Co., Ltd.",APAC,IQ214962652
"Jiangsu Asset Management Co.,Ltd.",APAC,IQ568466832
"Ziyang State-owned Assets Operation and Investment Administrator Co.,Ltd",APAC,IQ689841218
"Henan Daily Group Co., Ltd",APAC,IQ226558893
Westinghouse Air Brake Technologies Corporation,N. America,IQ36437
Onewo Inc.,APAC,IQ1801044346
"Cadre Holdings, Inc.",N. America,IQ1673742616
OJSC RUSAL Bratsk,EMEA,IQ84058217
"Wuhu Fuchun Dye and Weave Co.,Ltd.",APAC,IQ61636153
Shibaura Mechatronics Corporation,APAC,IQ873717
"Zhuhai Huafa Properties Co.,Ltd",APAC,IQ20344708
Guangdong Land Holdings Limited,APAC,IQ883066
Hexcel Corporation,N. America,IQ278513
KSS Line Ltd.,APAC,IQ38550197
Goodluck India Limited,APAC,IQ20905981
"Shang Hai New Chang Ning Group.,Ltd",APAC,IQ47898042
"Sunbelt Rentals Holdings, Inc.",N. America,IQ642957
Vulcan Materials Company,N. America,IQ312769
J.K. Cement Limited,APAC,IQ22972371
ECOVE Environment Corp.,APAC,IQ47789376
Sansera Engineering Limited,APAC,IQ31109993
"Lishui City Construction Investment Group Co., Ltd.",APAC,IQ241484789
"Yizumi Holdings Co., Ltd.",APAC,IQ60957283
Gentherm Incorporated,N. America,IQ339745
"Shenzhen Airport Co., Ltd.",APAC,IQ9011689
"Changan Minsheng APLL Logistics Co., Ltd.",APAC,IQ26016918
GE Vernova T&D India Limited,APAC,IQ20365672
LEG Immobilien SE,EMEA,IQ226294613
Metrostav a.s.,EMEA,IQ883198
"China Automotive Systems, Inc.",APAC,IQ5914368
"Huai'an Development Holdings Co.,Ltd.",APAC,IQ132900523
CRCC High-Tech Equipment Corporation Limited,APAC,IQ39102448
Cochin Shipyard Limited,APAC,IQ12168909
"Henan Mingtai Al.Industrial Co.,Ltd.",APAC,IQ46948797
"Shanghai Chengtou Holding Co.,Ltd",APAC,IQ5711194
Shenzhen Airlines Company Limited,APAC,IQ7714563
"Zhejiang Founder Motor Co., Ltd.",APAC,IQ38323045
"Weihai City Investment Group Co.,Ltd.",APAC,IQ327844824
"Henan Hengxing Science & Technology Co.,Ltd.",APAC,IQ34336301
KEC International Limited,APAC,IQ42109771
"Jiangsu Xianxing Construction Co., Ltd.",APAC,IQ594874512
"GMéxico Transportes, S.A.B. de C.V.",N. America,IQ424863820
Befesa S.A.,EMEA,IQ540018083
SL Corporation,APAC,IQ20359968
Changzhou Nrb Corporation,APAC,IQ11128769
"Huaming Power Equipment Co.,Ltd",APAC,IQ53471368
"Poly Property Services Co., Ltd.",APAC,IQ542811439
Arcadis NV,EMEA,IQ374279
Sobha Limited,APAC,IQ26749941
"Fomento de Construcciones y Contratas, S.A.",EMEA,IQ693671
Modine Manufacturing Company,N. America,IQ288838
Mirbud S.A.,EMEA,IQ51859448
Air Lease Corporation,N. America,IQ106582399
Schaeffler India Limited,APAC,IQ9429928
"ChangZhi Financial Circulation Investment Holding Group Co.,Ltd.",APAC,IQ718545502
Linamar Corporation,N. America,IQ876406
"Guangzhou Zhiguang Electric Co.,Ltd.",APAC,IQ36631561
Tire Company Debica S.A.,EMEA,IQ883211
Vistry Group PLC,EMEA,IQ883123
"Nanjing Chervon Auto Precision Technology Co., Ltd",APAC,IQ548315281
Son Ha International Corporation,APAC,IQ51190459
V-Guard Industries Limited,APAC,IQ24052858
Hamburger Hochbahn Aktiengesellschaft,EMEA,IQ874284
Wärtsilä Oyj Abp,EMEA,IQ876135
Xinyi Solar Holdings Limited,APAC,IQ142662712
Shikun & Binui Ltd.,EMEA,IQ883941
"Industrias Peñoles, S.A.B. de C.V.",N. America,IQ874324
"Streamax Technology Co., Ltd.",APAC,IQ99093563
China State Construction International Holdings Limited,APAC,IQ22715127
"Zhejiang Weiming Environment Protection Co., Ltd.",APAC,IQ265740883
"Chengdu Wenjiang Xingrongxi City Operation Group Co., Ltd",APAC,IQ680581039
"Poly Property Group Co., Limited",APAC,IQ875391
KUKA SE & Co. KGaA,EMEA,IQ876589
Rosenbauer International AG,EMEA,IQ882005
Cleanaway Waste Management Limited,APAC,IQ22277298
Bilfinger SE,EMEA,IQ876815
Instalco AB (publ),EMEA,IQ421684281
Azelis Group NV,EMEA,IQ1679639783
QinetiQ Group plc,EMEA,IQ25667953
ESL Steel Limited,APAC,IQ51329168
Axel Johnson AB,EMEA,IQ875758
"Yichun Development Investment Group Co., Ltd.",APAC,IQ575096610
"Caofeidian State Holding Investment Group Co.,Ltd",APAC,IQ607509489
Man Industries (India) Limited,APAC,IQ10438202
Fastighets AB Balder (publ),EMEA,IQ23675944
"Rush Enterprises, Inc.",N. America,IQ365852
"Gold cup Electric Apparatus Co.,Ltd.",APAC,IQ48895452
"Shanghai Zhang Jiang (Group) Co., Ltd.",APAC,IQ42677927
"Fuda Alloy Materials Co.,Ltd",APAC,IQ58970106
"Ningbo Ocean Shipping Co., Ltd.",APAC,IQ20951256
China Asset Leasing Company Limited,APAC,IQ306252562
Elbit Systems Ltd.,EMEA,IQ645738
Public Joint Stock Company Research and Production Corporation United Wagon Company,EMEA,IQ264933592
Go Innovate Asia Berhad,APAC,IQ626538362
Simpac Engineering Company Ltd,APAC,IQ41956105
Höegh Autoliners ASA,EMEA,IQ1759291216
"Huaian Huaiyin District City Asset Operation Co., Ltd.",APAC,IQ143640476
"EIT Environmental Development Group Co.,Ltd",APAC,IQ311817553
JOST Werke SE,EMEA,IQ531449637
"Copart, Inc.",N. America,IQ27023
STEF SA,EMEA,IQ4493076
Star Cement Limited,APAC,IQ36344234
"Guangdong Shunna Electric Co., Ltd",APAC,IQ10404487
Trane Technologies plc,EMEA,IQ280944
"NBTM New Materials Group Co., Ltd.",APAC,IQ10247048
"CBRE Group, Inc.",N. America,IQ4204816
KG Mobility Corp.,APAC,IQ881719
MT Højgaard Holding A/S,EMEA,IQ4459632
Patel Engineering Limited,APAC,IQ12704301
"Chongqing City Construction Investment (Group)Co.,Ltd.",APAC,IQ140984600
"Kunshan Kinglai Hygienic Materials Co.,Ltd.",APAC,IQ58285161
Shyam Metalics and Energy Limited,APAC,IQ109021660
"Corporación Moctezuma, S.A.B. de C.V.",N. America,IQ4508866
Titagarh Rail Systems Limited,APAC,IQ28244283
"Beijing Urban Construction Investment & Development Co., Ltd.",APAC,IQ5632659
"Shehong County State-Owned Assets Management Group Co.,Ltd.",APAC,IQ546207336
Gentex Corporation,N. America,IQ274926
MYR Group Inc.,N. America,IQ290202
Danaos Corporation,EMEA,IQ28245722
Greenlam Industries Limited,APAC,IQ247965768
"Armstrong World Industries, Inc.",N. America,IQ3023697
PT Sumber Global Energy Tbk,APAC,IQ289521856
"Mesnac Co., Ltd.",APAC,IQ29383135
"Guian New District Development And Investment Co.,Ltd",APAC,IQ322632107
"GRG Metrology & Test Group Co., Ltd.",APAC,IQ247016359
Loomis AB (publ),EMEA,IQ25837432
"HangZhou Nbond Nonwovens Co., Ltd.",APAC,IQ62529765
ZTO Express (Cayman) Inc.,APAC,IQ403424124
Billerud AB (publ),EMEA,IQ4038384
GDI Integrated Facility Services Inc.,N. America,IQ290183001
"Graybar Electric Company, Inc.",N. America,IQ164137
"Republic Services, Inc.",N. America,IQ386225
Electra Limited,EMEA,IQ1076846
Endurance Technologies Limited,APAC,IQ28722981
C&U Company Limited,APAC,IQ26722512
Electrolux Professional AB (publ),EMEA,IQ5403234
"Estun Automation Co., Ltd",APAC,IQ262974615
Galfar Engineering & Contracting SAOG,EMEA,IQ5548308
"Xuancheng State Owned Capital Investment and Operation Holding Group Co., Ltd.",APAC,IQ697436053
"Yancheng High-Tech Zone Investment Group Co., Ltd.",APAC,IQ319437196
CACI International Inc,N. America,IQ93425
Morimatsu International Holdings Company Limited,APAC,IQ704393022
Century Plyboards (India) Limited,APAC,IQ20334312
Assystem S.A.,EMEA,IQ159671
Shapir Engineering and Industry Ltd,EMEA,IQ5687041
"Tianjin Pengling Group Co.,Ltd",APAC,IQ51200267
"Yixing Development Investment Co., Ltd.",APAC,IQ242373649
CNQC International Holdings Limited,APAC,IQ302158999
Belrise Industries Limited,APAC,IQ226402686
HGV Hamburger Gesellschaft für Vermögens- und Beteiligungsmanagement mbH,EMEA,IQ5467158
"Xingye Leather Technology Co., Ltd.",APAC,IQ115166622
"MUGEN ESTATE Co.,Ltd.",APAC,IQ23298611
PowerChina Zhongnan Engineering Corporation Limited,APAC,IQ129684143
"Changzhou Jinling Investment Group Co.,Ltd",APAC,IQ639902604
"Hangzhou Xiaoshan Economic and Technological Development Zone State-owned Assets Management Co.,Ltd.",APAC,IQ227923922
"Shanghai Yongye Enterprise (Group) Co.,Ltd.",APAC,IQ28402752
Qingdao East Steel Tower Stock Co.Ltd,APAC,IQ47014164
The Guinness Partnership Limited,EMEA,IQ6153743
"Chengdu Xiangcheng Investment Group Co.,Ltd.",APAC,IQ641922266
"Yueyang City Construction Investment Group Co., Ltd.",APAC,IQ640703029
El Sewedy Electric Company,EMEA,IQ27366771
"NV5 Global, Inc.",N. America,IQ206492532
"Shanghai Fengxian Development (Group) Co., Ltd.",APAC,IQ650555527
Hyundai Transys Inc.,APAC,IQ32587566
"Hyundai Engineering Co.,Ltd.",APAC,IQ6488402
"Shandong Luqiao Group Co.,Ltd.",APAC,IQ228736620
Ningxiang City Investment Group,APAC,IQ286086705
Ratnamani Metals & Tubes Limited,APAC,IQ20358750
Ingersoll Rand Inc.,N. America,IQ334158
"Hubei Qingneng Investment and Development Group Co.,Ltd",APAC,IQ412830045
"Xiamen King Long Motor Group Co., Ltd.",APAC,IQ12458589
"Hubei Chutian Smart Communication Co.,Ltd.",APAC,IQ12763737
"Zhefu Holding Group Co., Ltd.",APAC,IQ39103600
Unipart Group of Companies Limited,EMEA,IQ94889
"New DaZheng Property Group Co., LTD",APAC,IQ432455770
"BTR New Material Group Co., Ltd",APAC,IQ50241936
"CTT - Correios De Portugal, S.A.",EMEA,IQ5875548
"DOOWON CLIMATE CONTROL Co., Ltd.",APAC,IQ3541976
Xiamen Airlines,APAC,IQ5504253
Stiftelsen Det Norske Veritas,EMEA,IQ879277
"Kumho Tire Co., Inc.",APAC,IQ1587862
Megaworld Corporation,APAC,IQ880159
Gränges AB (publ),EMEA,IQ874894
EuroGroup Laminations S.p.A.,EMEA,IQ139017013
"Henan Airport Investment Group Co., Ltd.",APAC,IQ376765260
Palm Hills Developments S.A.E.,EMEA,IQ42434857
Volvo Group Australia Pty Ltd,APAC,IQ9087077
"Hebi Investment Group Co.,Ltd.",APAC,IQ58088870
Comer Industries S.p.A.,EMEA,IQ6476632
"Zhejiang Shuanghuan Driveline Co.,Ltd.",APAC,IQ78902915
"SkyWest, Inc.",N. America,IQ303803
UNIBEP S.A.,EMEA,IQ43222087
Carel Industries S.p.A.,EMEA,IQ117330928
Great Wall Motor Company Limited,APAC,IQ8985578
Kirby Corporation,N. America,IQ283986
"Aotecar New Energy Technology Co., Ltd.",APAC,IQ44679423
NRW Holdings Limited,APAC,IQ36186760
"Nanjing City Construction Investment Holding (Group) Co.,Ltd.",APAC,IQ41569438
Refrigeration Electrical Engineering Corporation,APAC,IQ33511790
"Ceské dráhy, a.s.",EMEA,IQ9051027
"Dongguan Yiheda Automation Co., Ltd",APAC,IQ578922284
Autoneum Holding AG,EMEA,IQ128861678
Dezhou Financial Investment Holding Group Limited,APAC,IQ629721068
Lisi S.A.,EMEA,IQ881767
"Tatung Co., Ltd.",APAC,IQ5522544
Foxsemicon Integrated Technology Inc.,APAC,IQ20343345
"Chongqing Qianjiang City Construction Investment Group Co.,Ltd",APAC,IQ182969985
Morgan Sindall Group plc,EMEA,IQ875700
Melisron Ltd.,EMEA,IQ12517466
"Fujian Jinjiang Urban Construction Investment and Development Group Co., Ltd.",APAC,IQ240750731
"Array Technologies, Inc.",N. America,IQ51751457
"BWX Technologies, Inc.",N. America,IQ33424519
Precision Wires India Limited,APAC,IQ10336805
"Henan Zhongfu Industrial Co.,Ltd",APAC,IQ12763368
China Southern Air Holding Company Limited,APAC,IQ13010003
"Installed Building Products, Inc.",N. America,IQ10040674
"Ferrocarril Mexicano, S. A. de C. V.",N. America,IQ5491499
Mott MacDonald Group Limited,EMEA,IQ5497936
Zhejiang Geely Holding Group Limited,APAC,IQ24602571
"Jiaxing Industrial Development Group Co.,Ltd",APAC,IQ268813611
Hengyang Hongxiang State-owned Investment (holding) Group Co. Ltd,APAC,IQ242629542
"Shandong Commercial Group Co.,Ltd.",APAC,IQ41133377
Press Metal Aluminium Holdings Berhad,APAC,IQ5750742
BAUER Aktiengesellschaft,EMEA,IQ715219
"Woory Industrial Holdings Co.,Ltd.",APAC,IQ9549730
ComfortDelGro Corporation Limited,APAC,IQ6256800
Alta Equipment Group Inc.,N. America,IQ4320390
"China State Construction International Investment Group Co., Ltd.",APAC,IQ692575329
"Chuzhou Urban Investment Holding Group Co., Ltd",APAC,IQ280187556
Danya Cebus Ltd.,EMEA,IQ5551589
Guangzhou Hi-tech Investment Group Corporation Limited,APAC,IQ109128029
"Guang An Jincai Investment and Financing (Group) Co., Ltd.",APAC,IQ605328534
NPR-Riken Corporation,APAC,IQ880403
"Runjian Co., Ltd.",APAC,IQ318875103
"East China Engineering Science and Technology Co., Ltd.",APAC,IQ35226490
Dar Al Arkan Real Estate Development Company,EMEA,IQ39759904
SGH Limited,APAC,IQ241286069
"Zhejiang Asia-Pacific Mechanical & Electronic Co.,Ltd",APAC,IQ47097960
"Henan Senyuan Electric Co., Ltd.",APAC,IQ85075005
Nantong Industries Holding Group Co.Ltd,APAC,IQ117804855
"Harbin Electric Corporation Jiamusi Electric Machine CO.,Ltd",APAC,IQ12763363
"Qingdao TGOOD Electric Co., Ltd.",APAC,IQ65944536
"Zhejiang Chint Electrics Co., Ltd.",APAC,IQ26536601
"Shandong Sacred Sun Power Sources Co.,Ltd",APAC,IQ52096758
"Montrose Environmental Group, Inc.",N. America,IQ226287897
ALS Limited,APAC,IQ875027
"Shenzhen S.F. Taisen Holding (Group) Co.,Ltd",APAC,IQ557957927
BaoDing Great Wall Holding Group Company Limited,APAC,IQ274145116
"Inventronics (Hangzhou), Inc.",APAC,IQ51742167
Country Garden Services Holdings Company Limited,APAC,IQ556524314
SD Worx NV,EMEA,IQ567187201
"Jingzhou Municipal Urban Development & Investment Co., Ltd.",APAC,IQ242384888
CellMark AB,EMEA,IQ4509064
Raksul Inc.,APAC,IQ200734720
Scentre Design and Construction Pty Limited,APAC,IQ5510527
Dongfang Electric Corporation Limited,APAC,IQ8178307
"Shengzhou Investment Holdings Co., Ltd.",APAC,IQ264632226
Per Aarsleff Holding A/S,EMEA,IQ4481273
"Construcciones y Auxiliar de Ferrocarriles, S.A.",EMEA,IQ8274485
Allegiant Travel Company,N. America,IQ666631
"Tianjin TEDA City Development Group Co., Ltd",APAC,IQ667782320
"Pacific Electric Wire & Cable Co., Ltd.",APAC,IQ2388339
Beijing Capital International Airport Company Limited,APAC,IQ5540849
LSI Industries Inc.,N. America,IQ283721
CJ Darcl Logistics Limited,APAC,IQ37130815
"Daewon Kang Up Co., Ltd.",APAC,IQ5546719
Holding Graz - Kommunale Dienstleistungen GmbH,EMEA,IQ876982
Villeroy & Boch AG,EMEA,IQ874956
nVent Electric plc,EMEA,IQ542155250
SONASID S.A.,EMEA,IQ20501689
"Shantui Construction Machinery Co., Ltd.",APAC,IQ5555750
"H&E Equipment Services, Inc.",N. America,IQ129318
"Zhejiang Taihua New Material Group Co., Ltd.",APAC,IQ319747417
"Higashi Holdings Co., Ltd.",APAC,IQ5668192
L. Possehl & Co. MbH,EMEA,IQ877936
Dalrymple Bay Infrastructure Limited,APAC,IQ695792386
"Cebu Landmasters, Inc.",APAC,IQ320959987
Nandan Denim Limited,APAC,IQ22676227
"Anhui Zhongyuan New Materials Co., Ltd.",APAC,IQ307197933
"LS ELECTRIC Co., Ltd.",APAC,IQ2482140
Lifco AB (publ),EMEA,IQ5462429
"Qingdao China Prosperity State-Owned Capital Investment Operation Group Co.,Ltd.",APAC,IQ117081075
Tube Investments of India Limited,APAC,IQ408539962
Komax Holding AG,EMEA,IQ668648
New Power Plasma,APAC,IQ98570154
"Waste Connections, Inc.",N. America,IQ384586
"Hangzhou Urban Construction and Investment Group Co.,Ltd",APAC,IQ131729934
NLEX Corporation,APAC,IQ10199993
"Liaocheng Antai Urban and Rural Investment and Development Co., Ltd.",APAC,IQ330746264
IJM Corporation Berhad,APAC,IQ875864
"Ningbo Xusheng Group Co., Ltd.",APAC,IQ331872331
SMA Solar Technology AG,EMEA,IQ9830176
"Beijing United Information Technology Co.,Ltd.",APAC,IQ304223900
NFI Group Inc.,N. America,IQ1368335
"Neway CNC Equipment (Suzhou) Co., Ltd.",APAC,IQ206914988
Galliford Try Holdings plc,EMEA,IQ2420925
"Hebei Huatong Wires and Cables Group Co., Ltd.",APAC,IQ114897571
"Anhui Province Railway Development Fund Co., Ltd.",APAC,IQ424683361
"Ningbo Tongshang Holding Group Co., Ltd.",APAC,IQ675789945
"Woory Industrial Co., Ltd.",APAC,IQ275636785
"Top Frontier Investment Holdings, Inc.",APAC,IQ83476473
Hubei Port Group Company Limited,APAC,IQ659078942
"Qingdao Sentury Tire Co., Ltd.",APAC,IQ154060628
Woojin Co. Ltd,APAC,IQ52001948
"Jiangsu Port Group Co.,Ltd",APAC,IQ701511009
Ramkrishna Forgings Limited,APAC,IQ22762101
"Shandong Provincial Airport Management Group Co., Ltd.",APAC,IQ636579262
"Rollins, Inc.",N. America,IQ300753
"Kehua Data Co., Ltd.",APAC,IQ83490793
TopBuild Corp.,N. America,IQ273640140
Krones AG,EMEA,IQ876993
"Anhui Transportation Holding Group Co.,Ltd.",APAC,IQ31096798
Kirloskar Oil Engines Limited,APAC,IQ61379378
Anhui Expressway Company Limited,APAC,IQ5836723
Chengdu Xinkaiyuan Urban Construction Investment Company Limited,APAC,IQ270291379
KG Chemical Corporation,APAC,IQ9275275
"Sansei Technologies, Inc.",APAC,IQ878656
"JiangSu Zhenjiang New Energy Equipment Co., Ltd.",APAC,IQ132220588
Kazakhstan Temir Zholy National Company JSC,APAC,IQ26936433
Regal Rexnord Corporation,N. America,IQ299702
"Guangzhou Municipal Construction Group Co.,Ltd.",APAC,IQ12916137
Filinvest Development Corporation,APAC,IQ11235690
"Ki-Star Real Estate Co.,Ltd",APAC,IQ317427051
Jaguar Land Rover Limited,EMEA,IQ1519242
KLA Corporation,N. America,IQ282225
"Cavco Industries, Inc.",N. America,IQ258733
"Zhejiang Jinfei Kaida Wheel Co.,Ltd.",APAC,IQ59264207
"Xinzhi Group Co., Ltd.",APAC,IQ79010025
"Hangzhou Industrial Investment Group Co.,Ltd",APAC,IQ4423317
"Dalian Huarui Heavy Industry Group Co., LTD.",APAC,IQ214297397
"Liaoning Fangda Group Industrial Co., Ltd.",APAC,IQ41556114
SHAPE Australia Corporation Limited,APAC,IQ46989787
Upwork Inc.,N. America,IQ425007667
TECOM Group PJSC,EMEA,IQ27276079
Vinhomes Joint Stock Company,APAC,IQ558275164
Ion Exchange (India) Limited,APAC,IQ20345316
"SEPCOIII Electric Power Construction Co., Ltd.",APAC,IQ46987211
Bombardier Inc.,N. America,IQ695204
Luyuan Group Holding (Cayman) Limited,APAC,IQ254532801
"PNC Process Systems Co., Ltd.",APAC,IQ227955597
Huaibei City Construction Investment Holding Group Company Limited,APAC,IQ401906426
"Jinhua City Construction Investment Group Co., Ltd.",APAC,IQ558833243
Ballast Nedam N.V.,EMEA,IQ874121
Israel Aerospace Industries Ltd,EMEA,IQ1828859
Elis SA,EMEA,IQ27989
AQ Group AB (publ),EMEA,IQ9383603
UGL Pty Limited,APAC,IQ882551
Beijing Enterprises Urban Resources Group Limited,APAC,IQ646848559
"Guangdong Hoshion Industrial Aluminium Co., Ltd.",APAC,IQ61632481
"S-Enjoy Service Group Co., Limited",APAC,IQ587381213
"NWPX Infrastructure, Inc.",N. America,IQ367138
Diehl Verwaltungs-Stiftung,EMEA,IQ874150
China CSSC Holdings Limited,APAC,IQ12963103
ABB India Limited,APAC,IQ878520
"Dayu Irrigation Group Co.,Ltd",APAC,IQ73586507
"Zhejiang VIE Science & Technology Co., Ltd.",APAC,IQ59368962
IOI Properties Group Berhad,APAC,IQ239953501
ManpowerGroup Greater China Limited,APAC,IQ617988450
"Yutong Bus Co.,Ltd.",APAC,IQ5545031
"Huaihe Energy (Group) Co.,Ltd",APAC,IQ11419648
Epiroc South Pacific Holdings Pty Limited,APAC,IQ52005834
Sinarmas Land Limited,APAC,IQ4493033
"ILJIN Holdings Co.,Ltd.",APAC,IQ5722728
"Power Solutions International, Inc.",N. America,IQ131731858
"SK oceanplant Co.,Ltd",APAC,IQ47194475
"Dorman Products, Inc.",N. America,IQ299160
"Korea Airport Service Co.,Ltd.",APAC,IQ20383722
"AIMA Technology Group CO., LTD",APAC,IQ60035727
"Clean Harbors, Inc.",N. America,IQ26565
"Luoyang GuoHong Investment Holding Group Co.,Ltd",APAC,IQ580777817
Koninklijke Heijmans N.V.,EMEA,IQ879988
Westports Holdings Berhad,APAC,IQ6113820
Séché Environnement SA,EMEA,IQ882517
Sona BLW Precision Forgings Limited,APAC,IQ29078975
"Ayala Land, Inc.",APAC,IQ878755
"Shanghai Yuantong Jiaolong Investment Development (Group) Co.,Ltd",APAC,IQ330615920
"SIMPAC Co., Ltd.",APAC,IQ41660870
"Guangzhou Public Transport Group Co.,Ltd.",APAC,IQ684016408
Samvardhana Motherson International Limited,APAC,IQ20356896
SNCB SA,EMEA,IQ874583
Motability Operations Group Plc,EMEA,IQ46650332
APL Apollo Tubes Limited,APAC,IQ20459294
"Daelim Co., Ltd.",APAC,IQ5478641
"Te Chang Construction Co., Ltd.",APAC,IQ9819906
Y.H.K Investments-Limited Partnership,EMEA,IQ228307087
"Ameresco, Inc.",N. America,IQ1795267
"Shanghai Foreign Service Holding Group Co., Ltd.",APAC,IQ20406488
"APT Electronics Co., Ltd.",APAC,IQ538340574
Hyosung Heavy Industries Corporation,APAC,IQ557844158
TKP Corporation,APAC,IQ42196665
"YTO Express Group Co.,Ltd.",APAC,IQ144735147
Raubex Group Limited,EMEA,IQ33011576
JK Paper Limited,APAC,IQ20374089
Taiwan High Speed Rail Corporation,APAC,IQ9532370
"Acter Technology Integration Group Co., Ltd.",APAC,IQ667283181
"Jiangsu Yueda Group Co., Ltd.",APAC,IQ28369258
"Sunwoda Electronic Co.,Ltd",APAC,IQ48710623
"Suzhou Xiangcheng Political Construction Investment (Group) Co.,Ltd.",APAC,IQ574229773
"Thermon Group Holdings, Inc.",N. America,IQ105613224
Aktien-Gesellschaft der Dillinger Hüttenwerke,EMEA,IQ2458107
"China Shipbuilding Industry Group Power Co., Ltd.",APAC,IQ20343159
Central Japan Railway Company,APAC,IQ882414
ESCO Technologies Inc.,N. America,IQ269960
Zhong An Group Limited,APAC,IQ38686023
Technoprobe S.p.A.,EMEA,IQ47336430
"Impulsora del Desarrollo y el Empleo en América Latina, S.A.B. de C.V.",N. America,IQ23899653
Laing O'Rourke Corporation Limited,EMEA,IQ5481700
"Daeha Co.,Ltd.",APAC,IQ106891705
Suzhou Rail Transit Group Company Limited,APAC,IQ318843593
"Zhejiang Dingli Machinery Co.,Ltd",APAC,IQ98342089
"Chongqing High-tech Development and Construction Investment Group Co., Ltd.",APAC,IQ713464657
Beijer Alma AB (publ),EMEA,IQ4481256
Pan-United Corporation Ltd,APAC,IQ878883
"Bazhong State owned Capital Operation Group Co., Ltd",APAC,IQ265097291
Banco Products (India) Limited,APAC,IQ20333421
"Ascendum, S.A.",EMEA,IQ5702992
"Keda Industrial Group Co., Ltd.",APAC,IQ12752632
"Kukdong Engineering & Construction Co., Ltd",APAC,IQ4149425
Lodha Developers Limited,APAC,IQ73049509
China Eastern Air Holding Company Limited,APAC,IQ9205994
RATIONAL Aktiengesellschaft,EMEA,IQ5577768
WSP Australia Pty Limited,APAC,IQ35186958
Alfa Laval AB (publ),EMEA,IQ419896
Tata International Limited,APAC,IQ22560859
"Luoyang Xinqianglian Slewing Bearing Co., Ltd.",APAC,IQ114704974
"Flat Glass Group Co., Ltd.",APAC,IQ171747553
"Qingdao Economic-Technological Development Area Investment Holding Group Co.,Ltd",APAC,IQ700826280
"Shenzhen Highpower Technology Co., Ltd.",APAC,IQ49649711
"Shenzhen Honor Electronic Co., Ltd.",APAC,IQ579506117
China Southern Airlines Company Limited,APAC,IQ365056
Scania AB (publ),EMEA,IQ408768
"Nanning Lvgang Construction Investment Group Co,.Ltd",APAC,IQ412830344
People & Technology Inc.,APAC,IQ9848446
Hitachi Energy India Limited,APAC,IQ605258434
"Poly Property Group Co.,Limited",APAC,IQ223760146
PT Hexindo Adiperkasa Tbk,APAC,IQ9833749
Viettel Construction Joint Stock Corporation,APAC,IQ279319985
"Chongqing Shunbo Aluminum Co.,Ltd.",APAC,IQ307854936
TeamLease Services Limited,APAC,IQ13484317
CSSC Offshore & Marine Engineering (Group) Company Limited,APAC,IQ878636
Kirloskar Industries Limited,APAC,IQ10328378
Kirloskar Ferrous Industries Limited,APAC,IQ20348536
"Lizhong Sitong Light Alloys Group Co., Ltd.",APAC,IQ266733971
Cummins India Limited,APAC,IQ878459
BELIMO Holding AG,EMEA,IQ882035
"Hunan Valin Wire & Cable Co.,Ltd.",APAC,IQ54879423
"Yushan Investment Holding Group Co.,Ltd",APAC,IQ612140238
Chamberlain Holdings Limited,APAC,IQ22398976
"Qingdao West Coast New Area Ronghe Holding Group Co., Ltd.",APAC,IQ635340050
"Lanzhou LS Heavy Equipment Co., Ltd",APAC,IQ270572176
Tai Sin Electric Limited,APAC,IQ4492828
"Chenzhou Industry Investment Group Co., Ltd.",APAC,IQ250846730
"TBEA Co., Ltd.",APAC,IQ5576856
"Shenzhen Minglida Precision Technology Co., Ltd.",APAC,IQ715803586
"Windey Energy Technology Group Co., Ltd.",APAC,IQ61900938
SPR Auto Technologies Limited,APAC,IQ30438910
"Seoyon Co., Ltd.",APAC,IQ5554352
"Shenzhen KSTAR Science and Technology Co., Ltd.",APAC,IQ49759036
Skoda Auto a.s.,EMEA,IQ3329004
ATI Inc.,N. America,IQ348893
Cedar Woods Properties Limited,APAC,IQ4508960
Garda World Security Corporation,N. America,IQ642036364
NCC Limited,APAC,IQ9609661
"Xiamen Haicang Investment Group Co.,Ltd.",APAC,IQ39185615
"Jinneng Science&Technology Co.,Ltd",APAC,IQ54659741
"Wuxi Zhenhua Auto Parts Co.,Ltd.",APAC,IQ130641091
WSP Global Inc.,N. America,IQ27248096
"Allis Electric Co.,Ltd.",APAC,IQ9830452
Suprajit Engineering Limited,APAC,IQ8751848
"Hunan Shanshan Energy Technology Co., Ltd.",APAC,IQ39093518
"Quanzhou Jiaofa Group Co., Ltd",APAC,IQ655651293
"Cangzhou Construction and Investment Group Co.,Ltd.",APAC,IQ307033980
"Gansu Provincial State-owned Asset Investment Group Co.,Ltd.",APAC,IQ171180900
Addtech AB (publ.),EMEA,IQ1371274
"GSP Automotive Group Wenzhou Co.,Ltd.",APAC,IQ317521129
Hyundai Corporation,APAC,IQ876813
"ADD Industry (Zhejiang) CO., LTD",APAC,IQ109123379
Stantec Inc.,N. America,IQ880059
Tin Nghia Corporation,APAC,IQ98126832
Shengfeng Development Limited,APAC,IQ1675049393
"Shanghai Yongmaotai Automotive Technology Co., Ltd.",APAC,IQ51481651
Motherson Sumi Wiring India Limited,APAC,IQ653088835
"Zigong State-Owned Capital Investment Operation Group Co.,Ltd.",APAC,IQ78706451
"China Merchants Property Operation & Service Co., Ltd.",APAC,IQ9673512
"Juneyao Airlines Co., Ltd",APAC,IQ35926778
"Zhangjiagang Guangda Special Material Co., Ltd.",APAC,IQ615621673
DEME Group NV,EMEA,IQ7866341
Hong Leong Industries Berhad,APAC,IQ875887
"Taizhou Huangyan State-owned Capital Investment and Operation Group Co., Ltd.",APAC,IQ225836235
Ram Ratna Wires Limited,APAC,IQ20684091
Jiangxi Provincial Water Conservancy Investment Group Corp.,APAC,IQ208351664
Sandhar Technologies Limited,APAC,IQ25321428
"United Rentals, Inc.",N. America,IQ36005
"Arch Resources, Inc.",N. America,IQ218812
"Xi'an International Land Port Investment Development Group Co.,Ltd.",APAC,IQ272950992
Groupe CRIT SA,EMEA,IQ884247
"HD Korea Shipbuilding & Offshore Engineering Co., Ltd.",APAC,IQ2444237
"Kratos Defense & Security Solutions, Inc.",N. America,IQ36652
Howmet Aerospace Inc.,N. America,IQ416264458
"BCR - Brisa Concessao Rodoviaria, S.A.",EMEA,IQ115154575
Bangkok Expressway and Metro Public Company Limited,APAC,IQ8032694
"Sichuan Province Airports Group Co.,Limited",APAC,IQ22226800
Sichuan Chengfei Integration Technology Corp.Ltd,APAC,IQ35228208
Hilan Ltd.,EMEA,IQ1734261
"China General Technology (Group) Holding Co.,Ltd.",APAC,IQ5480634
Wenzhou Modern Services Investment Group Company Limited,APAC,IQ225850741
"Jiangsu Railway Group Co.,Ltd.",APAC,IQ651042440
OSK Holdings Berhad,APAC,IQ879361
"MATSUDA SANGYO Co., Ltd.",APAC,IQ884031
"Hanyang Corporation Co., Ltd.",APAC,IQ22548524
"China Resources Land Holdings Co., Ltd.",APAC,IQ570028122
Combined Group Contracting Company - K.S.C. (Public),EMEA,IQ25601614
Hensoldt AG,EMEA,IQ328775146
"Custom Truck One Source, Inc.",N. America,IQ609585883
Schneider Electric Infrastructure Limited,APAC,IQ129799649
Mühlbauer Holding AG,EMEA,IQ882972
Peabody Trust,EMEA,IQ22885503
Maruti Suzuki India Limited,APAC,IQ4863668
"Hainan Airlines Holding Co., Ltd.",APAC,IQ113673
"Himile Mechanical Science and Technology (Shandong) Co., Ltd",APAC,IQ60423564
Evergreen Aviation Technologies Corporation,APAC,IQ20725771
Azrieli Group Ltd.,EMEA,IQ7321129
"Zhangjiagang Furui Special Equipment Co., Ltd.",APAC,IQ109095458
"CoStar Group, Inc.",N. America,IQ387127
Rentokil Initial plc,EMEA,IQ411004
Yau Lee Holdings Limited,APAC,IQ878495
NG Nordic AS,EMEA,IQ22686251
"Liangshan Development (Holding) Group Co.,Ltd",APAC,IQ129544047
Heimstaden AB (publ),EMEA,IQ20562059
Chaowei Power Holdings Limited,APAC,IQ108326137
Jinhua Communications Investment Group Company Limited,APAC,IQ684193887
"Spring Airlines Co., Ltd.",APAC,IQ23043309
Hyundai Rotem Company,APAC,IQ5503384
"Long Bon International Co.,Ltd",APAC,IQ11500564
"Gaona Aero Material Co.,Ltd.",APAC,IQ79284118
Greaves Cotton Limited,APAC,IQ878644
Minth Group Limited,APAC,IQ23021272
"Shanghai International Airport Co., Ltd.",APAC,IQ5601556
Singapore Technologies Engineering Ltd,APAC,IQ782401
Gabriel India Limited,APAC,IQ880175
"Zhuhai Da Heng Qin Group Co., Ltd",APAC,IQ129923946
"Guangzhou Lingnan Commerce & Tourism Investment Group Co.,Ltd.",APAC,IQ53941832
DFDS A/S,EMEA,IQ874558
Oberoi Realty Limited,APAC,IQ40128492
"Jiangmen Traffic Construction Investment Group Co., Ltd.",APAC,IQ315495301
"Shanghai Lingang Holdings Co.,Ltd.",APAC,IQ5422030
"Ningbo KBE Electrical Technology Co.,Ltd.",APAC,IQ98348460
Action Construction Equipment Limited,APAC,IQ26813921
Adris grupa d. d.,EMEA,IQ12828401
"Chengdu Chenghua Huimin Redevelopment and Construction Co., Ltd.",APAC,IQ656030425
"Ortiz Construcciones y Proyectos, S.A.",EMEA,IQ5704739
Element Fleet Management Corp.,N. America,IQ130397436
"Shenzhen SDG Service Co.,Ltd.",APAC,IQ628381488
"Tetra Tech, Inc.",N. America,IQ196872
Guangzhou Development District Holding Group Limited,APAC,IQ106295170
PT Jasa Marga (Persero) Tbk,APAC,IQ13634014
Sarkuysan Elektrolitik Bakir Sanayi ve Ticaret A.S.,EMEA,IQ879445
Global Link Management Inc.,APAC,IQ52100369
Evergreen International Storage & Transport Corporation,APAC,IQ12720730
"Shanghai Lingang Economic Development (Group) Co., Ltd.",APAC,IQ13526331
"Spirit AeroSystems Holdings, Inc.",N. America,IQ27860587
"Guangrao County Economic Development Investment Co.,Ltd.",APAC,IQ403718762
"Japan Airlines Co., Ltd.",APAC,IQ27127924
APM Automotive Holdings Berhad,APAC,IQ6464907
JBM Auto Limited,APAC,IQ20345769
DongFang Electric Corporation,APAC,IQ24821819
Arval Service Lease SA,EMEA,IQ6463297
Minda Corporation Limited,APAC,IQ24705408
"Seoyon E-Hwa Co., Ltd.",APAC,IQ109403307
Emaar Development PJSC,EMEA,IQ541052066
Etalon Group PLC,EMEA,IQ128872099
"Grupo Empresarial San José, S.A.",EMEA,IQ12092071
Metrod Holdings Berhad,APAC,IQ8087483
Hi-Tech Pipes Limited,APAC,IQ146240131
Yangzijiang Shipbuilding (Holdings) Ltd.,APAC,IQ33774691
"CSW Industrials, Inc.",N. America,IQ278895334
"GT Capital Holdings, Inc.",APAC,IQ163809709
"Zhejiang Yinlun Machinery Co.,Ltd.",APAC,IQ25727223
"EMCOR Group, Inc.",N. America,IQ28014
Kelsian Group Limited,APAC,IQ139746435
"Beijing GeoEnviron Engineering & Technology, Inc.",APAC,IQ262609153
"Cathay Real Estate Development Co.,Ltd.",APAC,IQ9460839
"Chengdu Haoneng Technology Co., Ltd.",APAC,IQ232018380
"Nanjing Luhe District State-Owned Assets Management (Holding) Co., Ltd.",APAC,IQ428600790
"Qingdao Jinshui Holding Group Co., Ltd.",APAC,IQ614739108
"Jiangsu Communications Holding Co., Ltd",APAC,IQ32427882
"Leshan State - owned Assets Investment and Operation (Group) Co., Ltd",APAC,IQ130653348
Dongtai Urban Construction Investment Development Group Company Limited,APAC,IQ234779596
"Changzhou Tenglong AutoPartsCo.,Ltd.",APAC,IQ99201972
Koninklijke Boskalis B.V.,EMEA,IQ130834
Redox Limited,APAC,IQ26722559
Malaysia Steel Works (KL) Bhd.,APAC,IQ31063
Greentown Real Estate Group Co. Ltd,APAC,IQ35696136
Intron Technology Holdings Limited,APAC,IQ571932432
Seibu Holdings Inc.,APAC,IQ27586555
"Beijing Sifang Automation Co.,Ltd",APAC,IQ46988191
"Beijing Fengtai State-owned Capital Operation Group Co., Ltd.",APAC,IQ237680328
Public Joint Stock Company Center for Cargo Container Traffic TransContainer,EMEA,IQ30447442
"International Container Terminal Services, Inc.",APAC,IQ777110
"A-Jin Industrial Co.,Ltd.",APAC,IQ21008721
"Xiamen Seashine Group Co.,Ltd",APAC,IQ38023873
Liebherr-Australia Pty. Ltd.,APAC,IQ6478696
Parsons Corporation,N. America,IQ199424
"Shaanxi Tonly Heavy Industries Co., Ltd.",APAC,IQ137696240
PT Dharma Polimetal Tbk,APAC,IQ113637406
Guangzhou City Construction Investment Group,APAC,IQ239848606
Xylem Inc.,N. America,IQ118218449
Metropolitan Washington Airports Authority,N. America,IQ4219087
Miller Homes Limited,EMEA,IQ108712774
"StandardAero, Inc.",N. America,IQ4264275
Peoplein Limited,APAC,IQ540229736
Tata Steel Downstream Products Limited,APAC,IQ9776962
Amotiv Limited,APAC,IQ877143
Guangzhou City Construction & Development Co.Ltd.,APAC,IQ30608937
"Hebei State-owned Asset Holding & Operation Co.,Ltd.",APAC,IQ99804048
Canadian Pacific Kansas City Limited,N. America,IQ884393
"Neway Valve (Suzhou) Co., Ltd.",APAC,IQ46999568
"Shandong Port Yantai Port Group Co., Ltd.",APAC,IQ33111428
LANDNET Inc.,APAC,IQ228764655
"Shanghai Putuo District Urban Construct Investment Co.,Ltd",APAC,IQ557888090
Tropicana Corporation Berhad,APAC,IQ878305
"Xinjiang TBEA Group CO.,Ltd",APAC,IQ138940217
Izmir Demir Çelik Sanayi Anonim Sirketi,EMEA,IQ9673417
"Snt Dynamics Co.,Ltd.",APAC,IQ5577222
"JinChuan Group Co.,Ltd",APAC,IQ10714559
"Zhuzhou CRRC Times Electric Co., Ltd.",APAC,IQ30585735
"Grupo Carso, S.A.B. de C.V.",N. America,IQ877275
Hu Lane Associate Inc.,APAC,IQ9776651
"Sun Country Airlines Holdings, Inc.",N. America,IQ1319018
Alimak Group AB (publ),EMEA,IQ303301138
"Toyota Caetano Portugal, S.A.",EMEA,IQ875084
"Wenling the state owned assets Investment Group Co., ltd",APAC,IQ217363543
Ferrotec Corporation,APAC,IQ779527
Heimstaden Bostad AB,EMEA,IQ256827815
ASML Holding N.V.,EMEA,IQ388904
"Dongfang Electronics Co., Ltd.",APAC,IQ6034395
Rheinmetall AG,EMEA,IQ8185600
"Guangzhou Finance Holdings Group Co.,Ltd.",APAC,IQ224930959
CR Construction Group Holdings Limited,APAC,IQ568309226
Yueyang City Construction Investment Company Limited,APAC,IQ317009717
"Shandong Airlines Co., Ltd.",APAC,IQ7714576
McGrath RentCorp,N. America,IQ286976
AAR Corp.,N. America,IQ168154
Advanced Building Industries Co.,EMEA,IQ5522990
Power Construction Corporation Of China,APAC,IQ145317143
CCCG Real Estate Company Limited,APAC,IQ44788519
"Sterling Infrastructure, Inc.",N. America,IQ322372
"Fuyao Glass Industry Group Co., Ltd.",APAC,IQ5646981
"Kedge Construction Co., Ltd.",APAC,IQ9829222
BPCE Lease Société anonyme,EMEA,IQ30945498
"Tesla, Inc.",N. America,IQ27444752
Kanzhun Limited,APAC,IQ715953746
PT Kawasan Industri Jababeka Tbk,APAC,IQ879447
CIMIC Group Limited,APAC,IQ876903
"Xuzhou City-Industry Development Group Co., Ltd",APAC,IQ114651533
China Overseas Property Holdings Limited,APAC,IQ306064708
"Jiangsu General Science Technology Co., Ltd.",APAC,IQ47109467
"China Construction Infrastructure Co., Ltd.",APAC,IQ281131711
"Fuzhou Financial Holdings Group Co., Ltd.",APAC,IQ590229450
BIG Shopping Centers Ltd,EMEA,IQ30537526
Salik Company P.J.S.C.,EMEA,IQ1800360194
"Dycom Industries, Inc.",N. America,IQ268141
"Guangzhou Yuexiu Group Co., Ltd.",APAC,IQ115563189
"Yingkou Jinchen Machinery Co., Ltd.",APAC,IQ127189931
"Anhui Ankai Automobile Co., Ltd",APAC,IQ5399070
Dongguan Industrial Investment Holding Group,APAC,IQ529223444
Shanghai Huafon Aluminium Corporation,APAC,IQ645996613
Morson Group Limited,EMEA,IQ1354875
"Kintetsu Group Holdings Co.,Ltd.",APAC,IQ9817020
"Guangzhou Great Power Energy and Technology Co., Ltd",APAC,IQ253783512
"Feixi County Urban and Rural Construction Investment (Group) Co., Ltd.",APAC,IQ364698715
China Shipbuilding Industry Company Limited,APAC,IQ61471030
"Zhejiang Sanhua Intelligent Controls Co.,Ltd",APAC,IQ145576057
Dubai Taxi Company P.J.S.C.,EMEA,IQ22276446
SFS Group AG,EMEA,IQ22547847
Lindsay Australia Limited,APAC,IQ9438601
HOCHTIEF Aktiengesellschaft,EMEA,IQ875295
Guoco Group Limited,APAC,IQ29224
PT Kereta Api Indonesia (Persero),APAC,IQ26809639
"Yunnan Airport Group Co.,Ltd.",APAC,IQ50014591
KEI Industries Limited,APAC,IQ20346519
"Shenzhen Clou Electronics Co., Ltd.",APAC,IQ32501980
"Zhejiang Taotao Vehicles Co., Ltd.",APAC,IQ698597033
Eversendai Corporation Berhad,APAC,IQ104645708
"Shenzhen Jianyi Decoration Group Co., Ltd.",APAC,IQ263761739
NAV CANADA,N. America,IQ4204032
The Peninsular and Oriental Steam Navigation Company,EMEA,IQ410998
Federal Signal Corporation,N. America,IQ271329
Storskogen Group AB (publ),EMEA,IQ708776255
"Shenzhen Hopewind Electric Co., Ltd.",APAC,IQ128529977
"MasTec, Inc.",N. America,IQ171604
Forward Air Corporation,N. America,IQ333309
"Frontier Group Holdings, Inc.",N. America,IQ335578
Wates Group Limited,EMEA,IQ7024784
"Nanjing Communications Construction&Investment Holdings(Group) Co.,Ltd.",APAC,IQ99212971
DHS - Dillinger Hutte Saarstahl AG,EMEA,IQ5478007
The Gorman-Rupp Company,N. America,IQ275858
"JSL Construction & Development Co., Ltd.",APAC,IQ9870886
Enka Insaat ve Sanayi A.S.,EMEA,IQ7658688
"Zhejiang Yonggui Electric Equipment Co., Ltd.",APAC,IQ131596594
"Iljin Electric Co.,Ltd",APAC,IQ47632874
"DXP Enterprises, Inc.",N. America,IQ382071
"Hyundai LNG Shipping Co., Ltd.",APAC,IQ263831777
Acter Group Corporation Limited,APAC,IQ61317722
"Ningbo City Haishu Construction Investment Group Co., Ltd.",APAC,IQ715547216
Construction Corporation No.1 Company Limited,APAC,IQ114660623
"Jiangsu JieJie Microelectronics Co., Ltd.",APAC,IQ111319355
"Global Ship Lease, Inc.",EMEA,IQ27194602
407 International Inc.,N. America,IQ3063928
MPI Corporation,APAC,IQ9681468
Johns Lyng Group Limited,APAC,IQ54207704
"Dear Life Co.,Ltd.",APAC,IQ35412386
Rolls-Royce Holdings plc,EMEA,IQ408374
Rolls-Royce plc,EMEA,IQ127292745
IPH Limited,APAC,IQ60301190
Avio S.p.A.,EMEA,IQ304311150
"HD Hyundai Heavy Industries Co., Ltd.",APAC,IQ621468472
Navios Maritime Partners L.P.,EMEA,IQ38594586
Ashok Leyland Limited,APAC,IQ878449
Meiwa Estate Company Limited,APAC,IQ883147
"Everus Construction Group, Inc.",N. America,IQ1032554
"Inner Mongolia North Hauler Joint Stock Co., Ltd.",APAC,IQ9406753
"Nan 'an Energy Industry and Trade Investment Development Group Co.,Ltd.",APAC,IQ40220564
Rane Holdings Limited,APAC,IQ9438364
"Sewon Technology Co., Ltd.",APAC,IQ98967335
"Hoban Construction Industry Co., Ltd.",APAC,IQ30564152
"L&F Co., Ltd.",APAC,IQ20351561
"KG Eco Solution Co.,Ltd.",APAC,IQ95148848
Badger Infrastructure Solutions Ltd.,N. America,IQ880104
RHI Magnesita India Limited,APAC,IQ116961257
"Eukor Car Carriers, Inc.",APAC,IQ11746814
ASM International NV,EMEA,IQ322899
Cirrus Aircraft Limited,N. America,IQ1857289887
W.T.H. Pty Limited,APAC,IQ39596578
"Red de Carreteras de Occidente, S.A.P.I. de C.V.",N. America,IQ112267228
Huron Consulting Group Inc.,N. America,IQ2413126
Sunrun Inc.,N. America,IQ44576381
"Paycom Software, Inc.",N. America,IQ254225545
Hertz Investment (Holdings) Pty Ltd,APAC,IQ23035622
"Promotora y Operadora de Infraestructura, S. A. B. de C. V.",N. America,IQ328108
General Motors Australia and New Zealand Pty Ltd,APAC,IQ22510485
"CCCC Third Harbor Engineering Co.,Ltd.",APAC,IQ51274254
"American Airlines, Inc.",N. America,IQ1579389
China Resources Mixc Lifestyle Services Limited,APAC,IQ685513285
Al-Babtain Power and Telecommunications Company,EMEA,IQ24443716
"J.S. Corrugating Machinery Co., Ltd.",APAC,IQ11459253
Yuexiu Services Group Limited,APAC,IQ707191846
"Yankey Engineering Co., Ltd.",APAC,IQ51619226
"Nanshan Group Co.,Ltd",APAC,IQ26024271
"Visional, Inc.",APAC,IQ709562908
Eicher Motors Limited,APAC,IQ8983678
"Argan, Inc.",N. America,IQ298718
"Jiangsu Yinbao Holding Group Co.,Ltd",APAC,IQ380833517
PSA International Pte Ltd,APAC,IQ20743004
Brisa Bridgestone Sabanci Lastik Sanayi ve Ticaret A.S.,EMEA,IQ879818
"Xianhe Co.,Ltd.",APAC,IQ425057196
"Shuangdeng Group Co., Ltd.",APAC,IQ285236352
"SPX Technologies, Inc.",N. America,IQ274818
Jindal Stainless Limited,APAC,IQ8791149
Domtar Corporation,N. America,IQ34490826
China National Aviation Corporation Limited,APAC,IQ22511256
"JL Mag Rare-Earth Co., Ltd.",APAC,IQ144736144
Zurn Elkay Water Solutions Corporation,N. America,IQ46888354
"Fujian Zhanglong Group Co.,Ltd.",APAC,IQ59270274
"Meishan Development Holding Group CO.,Ltd",APAC,IQ319386967
Dom Development S.A.,EMEA,IQ27242007
TransDigm Group Incorporated,N. America,IQ22800180
NGE SAS,EMEA,IQ13011842
Kardex Holding AG,EMEA,IQ877946
"Changzhou Xingyu Automotive Lighting Systems Co., Ltd.",APAC,IQ52210519
"Weichai Heavy Machinery Co., Ltd.",APAC,IQ5547795
"Daehan Shipbuilding Co., Ltd.",APAC,IQ34539451
"Changzhou Eastern New City Construction Group Co., Ltd.",APAC,IQ605271981
Rane (Madras) Limited,APAC,IQ25759997
"Bingshan Refrigeration & Heat Transfer Technologies Co., Ltd.",APAC,IQ883288
EVA Airways Corp.,APAC,IQ3748359
"Ecopro Co., Ltd.",APAC,IQ32429481
Welspun Enterprises Limited,APAC,IQ20356922
"Quzhou Qutong Transportation Investment Development Co., Ltd",APAC,IQ662907489
Sixt SE,EMEA,IQ876832
ECARX Holdings Inc.,EMEA,IQ1681278395
Power Mech Projects Limited,APAC,IQ82103077
Ningbo Industrial Investment Group Company Limited,APAC,IQ268937064
Air Astana Joint Stock Company,APAC,IQ27465086
Mazagon Dock Shipbuilders Limited,APAC,IQ550579596
Atlas Corp.,EMEA,IQ23181614
Taiwan Puritic Corp.,APAC,IQ699029143
"JD Logistics, Inc.",APAC,IQ548426941
"Beijing Career International Co., Ltd",APAC,IQ49529836
"Century Wind Power Co., Ltd.",APAC,IQ606894364
Shanghai Baolong Automotive Corporation,APAC,IQ49616217
Green Landscaping Group AB (publ),EMEA,IQ115793673
"Nanjing Jiangning State owned Assets Management Group Co.,Ltd",APAC,IQ144411110
"Wenzhou High-Tech Industrial Development Zone State-Owned Holding Group Co.,Ltd",APAC,IQ687481671
Orascom Development Holding AG,EMEA,IQ44306609
"Yinbang Clad Material Co.,Ltd",APAC,IQ204874424
Carpenter Technology Corporation,N. America,IQ258937
"Zhejiang Jingsheng Mechanical & Electrical Co., Ltd.",APAC,IQ204710210
"Chint Group Co.,Ltd.",APAC,IQ21770606
Blue Star Limited,APAC,IQ878554
"Ramaco Resources, Inc.",N. America,IQ384479410
Able Engineering Holdings Limited,APAC,IQ415639076
PJSC LSR Group,EMEA,IQ26992807
"Zhejiang Communications Construction Group Co., Ltd",APAC,IQ46949366
Lumax Industries Limited,APAC,IQ11764465
"CNGR Advanced Material Co., Ltd.",APAC,IQ636979455
Johnson Service Group PLC,EMEA,IQ876284
"China Construction Third Engineering Bureau Co., Ltd.",APAC,IQ28383976
"Shanghai Ace Investment&Development Co.,Ltd",APAC,IQ109460679
Singha Estate Public Company Limited,APAC,IQ262355240
"Yantai Zhenghai Magnetic Material Co., Ltd.",APAC,IQ113533159
"Shenzhen Special Economic Zone Construction Development Group Co., Ltd",APAC,IQ266403648
"Sailun Group Co., Ltd.",APAC,IQ30339992
Diploma PLC,EMEA,IQ876539
"Chongqing Wangbian Electric (Group) Corp., Ltd.",APAC,IQ308082018
ANA Holdings Inc.,APAC,IQ874001
"Mirae Asset Consulting Co., Ltd.",APAC,IQ99620828
C&D Real Estate Corporation Limited,APAC,IQ52492005
Baguio Green Group Limited,APAC,IQ263488507
SUSS MicroTec SE,EMEA,IQ423241
"Jiangsu Rainbow Heavy Industries Co., Ltd.",APAC,IQ106405861
"Guangdong Shenling Environmental Systems Co., Ltd.",APAC,IQ529292141
"Daechang Seat Co.,Ltd",APAC,IQ428886814
"Hebei Transportation Investment Group Co., Ltd.",APAC,IQ280102763
"Hyundai G.F. Holdings Co., Ltd.",APAC,IQ22562545
OPUS GLOBAL Nyrt.,EMEA,IQ9171565
"Jee Technology Co., Ltd.",APAC,IQ145691467
Eco World Development Group Berhad,APAC,IQ8087265
NKT A/S,EMEA,IQ874058
Uno Minda Limited,APAC,IQ20356761
"Zhongtong Bus Holding Co.,LTD",APAC,IQ12677556
The St. Joe Company,N. America,IQ188196
"Willdan Group, Inc.",N. America,IQ4331586
Xuzhou Communications Holding Group,APAC,IQ264487979
China Eastern Airlines Corporation Limited,APAC,IQ380395
"Shijiazhuang Kelin Electric Co., Ltd.",APAC,IQ111848660
Sime Darby Property Berhad,APAC,IQ53750136
Astronics Corporation,N. America,IQ252033
KoMiCo Ltd.,APAC,IQ253215051
Stagecoach Group Limited,EMEA,IQ128034
"GEM Co., Ltd.",APAC,IQ83754814
Advantest Corporation,APAC,IQ875505
"Shandong Heavy Industry Group Co., Ltd.",APAC,IQ39951737
Glenveagh Properties PLC,EMEA,IQ539302818
Chongqing Millison Technologies INC.,APAC,IQ79058640
Mega Union Technology Inc.,APAC,IQ570638340
Sanming State-owned Assets Investment Management Company,APAC,IQ136664369
"Guangzhou Metro Group Co.,Ltd.",APAC,IQ5684432
"Autel Intelligent Technology Corp., Ltd.",APAC,IQ316485848
"LIG Nex1 Co., Ltd.",APAC,IQ26340410
BRCK Group plc,EMEA,IQ610032396
CATRION Catering Holding Company,EMEA,IQ207431601
Changchun Urban Development & Investment Holdings (Group) Company Limited,APAC,IQ305922297
Kenya Airways Plc,EMEA,IQ9067432
Cenergy Holdings SA,EMEA,IQ406791090
RENK Group AG,EMEA,IQ1798826927
Harbin Electric Company Limited,APAC,IQ882070
"Guangyuan Investment Development Group Co., Ltd",APAC,IQ215874390
CMR Green Technologies Limited,APAC,IQ1680952194
ICM S.p.A.,EMEA,IQ22783740
"Dayforce, Inc.",N. America,IQ246737890
"GAON CABLE Co., Ltd.",APAC,IQ20343478
"Lyft, Inc.",N. America,IQ58995029
"Zhengzhou Construction Investment Group Co.,Ltd",APAC,IQ310559647
"Jiangyin Hengrun Heavy Industries Co., Ltd",APAC,IQ119116687
Shandong Public Holdings Limited,APAC,IQ262490359
Pricol Limited,APAC,IQ279144894
FACC AG,EMEA,IQ233324810
Tecnoglass Inc.,N. America,IQ262551869
"Jiujiang Fuhe Construction Investment Co.,Ltd",APAC,IQ241308261
"A.D.Works Group Co.,Ltd.",APAC,IQ644039311
ID Logistics Group SA,EMEA,IQ1746003
"STO Express Co.,Ltd",APAC,IQ24918966
Irish Continental Group plc,EMEA,IQ878869
"KEBODA TECHNOLOGY Co., Ltd.",APAC,IQ134276024
SAS AB,EMEA,IQ3800339
"Hainan Jinpan Smart Technology Co., Ltd.",APAC,IQ667800882
Polycab India Limited,APAC,IQ23092349
"Qingdao City North Urban Development Group Co., Ltd.",APAC,IQ659206117
Keepmoat Limited,EMEA,IQ5545970
"L&K Engineering (Suzhou) Co.,Ltd.",APAC,IQ50138125
APi Group Corporation,N. America,IQ537628097
Nanjing Gaochun State-owned Assets Management Holding Group,APAC,IQ132902955
CPI Europe AG,EMEA,IQ883156
"Nanjing Guohao Decoration Installation Engineering CO.,Ltd.",APAC,IQ244110470
"Shenzhen FRD Science & Technology Co., Ltd.",APAC,IQ51542751
"Xianheng International Science&Technology Co., Ltd.",APAC,IQ145555279
CS Wind Corporation,APAC,IQ61538167
"USAS Building System (Shanghai) Co., Ltd.",APAC,IQ263935955
GRK Infra Oyj,EMEA,IQ640874950
Wang On Group Limited,APAC,IQ881502
THN Corporation,APAC,IQ20342655
"Paycor HCM, Inc.",N. America,IQ141561
Sterlite Electric Limited,APAC,IQ301512498
"JDZ CCT Co.,Ltd",APAC,IQ413492890
Ichigo Inc.,APAC,IQ9884895
Burckhardt Compression Holding AG,EMEA,IQ1453091
"IKD Co., Ltd.",APAC,IQ61165457
Hexatronic Group AB (publ),EMEA,IQ43221929
Vertiv Holdings Co,N. America,IQ579312452
JSW Infrastructure Limited,APAC,IQ61106753
Nova Ltd.,EMEA,IQ124752
LS Corp.,APAC,IQ2488839
Polimex-Mostostal S.A.,EMEA,IQ20358459
"IES Holdings, Inc.",N. America,IQ377023
HL Klemove Corporation,APAC,IQ107135232
Mitsubishi International Corporation,N. America,IQ742986
Georgiou Group Pty Ltd,APAC,IQ30487886
"Ningbo Sanxing Medical Electric Co.,Ltd.",APAC,IQ83348415
Safran SA,EMEA,IQ874864
Fraport AG,EMEA,IQ876719
"Casella Waste Systems, Inc.",N. America,IQ26175
Shankara Building Products Limited,APAC,IQ13526618
"Guizhou Golden Phoenix Industry Investment Co.,Ltd",APAC,IQ633049327
"Huayuan International Land Port Group Co.,Ltd",APAC,IQ217250583
"Wuxi Taihu New City Development Group Co., Ltd",APAC,IQ225802674
Türkiye Sise Ve Cam Fabrikalari A.S.,EMEA,IQ880107
"Grupo Aeroportuario del Centro Norte, S.A.B. de C.V.",N. America,IQ30210261
Central Pattana Public Company Limited,APAC,IQ8087551
Leasys Italia S.p.A.,EMEA,IQ5854318
"Jiangsu Rongtai Industry Co., Ltd.",APAC,IQ330141958
"Zhejiang JIULI Hi-tech Metals Co., Ltd",APAC,IQ47060886
MTU Aero Engines AG,EMEA,IQ3254805
"Ginlong Technologies Co., Ltd.",APAC,IQ243280507
"Wuhu Construction Investment Co.,Ltd",APAC,IQ37089926
"Shin Ruenn development Co., LTD",APAC,IQ5013319
Yiwu State-Owned Capital Operation Co.Ltd,APAC,IQ141537212
Qube Holdings Limited,APAC,IQ143872411
GMR Power And Urban Infra Limited,APAC,IQ660078331
Altrad Investment Authority S.A.S.,EMEA,IQ24161368
"Chengdu Mengjiang Investment Group Co.,Ltd.",APAC,IQ408597391
"SM Prime Holdings, Inc.",APAC,IQ882388
Herc Holdings Inc.,N. America,IQ320141334
SJ AB,EMEA,IQ20999298
PT Alamtri Minerals Indonesia Tbk,APAC,IQ1762534776
Duratec Limited,APAC,IQ246921904
"Shandong Development Investment Holding Group Co., Ltd.",APAC,IQ560920353
Sofidra sa,EMEA,IQ46667444
"Zhejiang Huayou Cobalt Co., Ltd",APAC,IQ262239046
"Hangzhou Binjiang Real Estate Group Co.,Ltd",APAC,IQ45316530
Air China Limited,APAC,IQ12436039
ACV Auctions Inc.,N. America,IQ290035001
Riyadh Cables Group Company,EMEA,IQ43613393
Ninebot Limited,APAC,IQ671267324
Texmaco Rail & Engineering Limited,APAC,IQ61604838
Volex plc,EMEA,IQ875509
"Linyi Mining Group Co,.LTD",APAC,IQ54230691
Alstom SA,EMEA,IQ387473
"Infore Group Co., Ltd.",APAC,IQ264552255
"Qingdao Gaoce Technology Co., Ltd",APAC,IQ317542611
"Shenzhen Megmeet Electrical Co., LTD",APAC,IQ83421531
Paylocity Holding Corporation,N. America,IQ254957567
Exchange Income Corporation,N. America,IQ21948508
"Mianyang Jingkai Investment Holding Co.,Ltd",APAC,IQ599190718
"Tianjin Hi-Tech Holding Group Co.,Ltd",APAC,IQ42081642
The Sandur Manganese & Iron Ores Limited,APAC,IQ24883530
"Anhui Provincial Investment Group Holding Co., Ltd.",APAC,IQ64906193
"Dream Finders Homes, Inc.",N. America,IQ549296186
Service Stream Limited,APAC,IQ13401178
"Shenzhen SunXing Light Alloys Materials Co.,Ltd.",APAC,IQ139398844
Primoris Services Corporation,N. America,IQ4236188
"Eaglerise Electric & Electronic (China) Co., Ltd",APAC,IQ62029441
Sany Heavy Equipment International Holdings Company Limited,APAC,IQ79084700
ANE (Cayman) Inc.,APAC,IQ1681850886
"Inmobiliaria Ruba, S.A. De C.V.",N. America,IQ26589740
Cemindia Projects Limited,APAC,IQ10840799
KLM Royal Dutch Airlines,EMEA,IQ282779
APAR Industries Limited,APAC,IQ12704255
SG Fleet Group Limited,APAC,IQ23007488
"Qingdao Jinjialing Holding Group Co., Ltd.",APAC,IQ420224960
"Grupo Visabeira, SA",EMEA,IQ22312164
Hammond Power Solutions Inc.,N. America,IQ3156668
"Yichang HighTech Investment Development Co.,Ltd.",APAC,IQ319549794
"Zhuhai Gree Group Co.,Ltd",APAC,IQ5476859
Türk Hava Yollari Anonim Ortakligi,EMEA,IQ884162
"Hansol Holdings Co., Ltd.",APAC,IQ2482159
PT Blue Bird Tbk,APAC,IQ224516269
Blue Bird Corporation,N. America,IQ272634010
"Jinmao Property Services Co., Limited",APAC,IQ1770299928
NIO Inc.,APAC,IQ311626862
"Zhangzhou Economic Development Co.,Ltd",APAC,IQ60806707
BizLink Holding Inc.,APAC,IQ127066964
"Fujian Investment & Development Group Co.,Ltd",APAC,IQ143367481
"Nanjing Liuhe New City Construction (Group)Co., Ltd.",APAC,IQ668411735
"Both Engineering Technology Co.,Ltd.",APAC,IQ128240185
GenusPlus Group Ltd,APAC,IQ645788030
MiCo Ltd.,APAC,IQ9549183
Perth Airport Development Group Pty Ltd,APAC,IQ304429652
BAC Holdings Limited,APAC,IQ9245444
First Advantage Corporation,N. America,IQ4069597
"Sieyuan Electric Co., Ltd.",APAC,IQ11342040
Alliance Aviation Services Limited,APAC,IQ143635400
Afcons Infrastructure Limited,APAC,IQ23008716
Far-Eastern Shipping Company PLC.,EMEA,IQ7099644
Cairn Homes plc,EMEA,IQ302547247
Flughafen Zürich AG,EMEA,IQ4481887
"Ruijin Urban Development and Investment Group Co., Ltd.",APAC,IQ402915957
"AVIC Airborne Systems Co., Ltd.",APAC,IQ5510594
"Ezhou City Construction Investment Co., Ltd.",APAC,IQ242385183
Alia- The Royal Jordanian Airlines Plc,EMEA,IQ1059094
Oron Group Investments & Holdings Ltd,EMEA,IQ50915792
"Friedman Industries, Incorporated",N. America,IQ273703
"Grupo Traxión, S.A.B. de C.V.",N. America,IQ347117983
Samvardhana Motherson Automotive Systems Group B.V.,EMEA,IQ264439671
"Grupo Aeroportuario del Sureste, S. A. B. de C. V.",N. America,IQ958929
Colt CZ Group SE,EMEA,IQ667726720
C&D Property Management Group Co. Limited,APAC,IQ697803843
Avianca Group International Limited,EMEA,IQ112877603
"Ningbo Tuopu Group Co.,Ltd.",APAC,IQ128034042
"Suining Kaida Investment Co.,Ltd",APAC,IQ264865654
CTP N.V.,EMEA,IQ702788761
"UETD Construction & Development Stateowned Capital Investment Operation(Group) Co., Ltd",APAC,IQ546240655
"Grupo Viva Aerobus, S.A. de C.V.",N. America,IQ256435073
C&D International Investment Group Limited,APAC,IQ224763225
SRG Global Limited,APAC,IQ4509916
"United Integrated Services Co., Ltd.",APAC,IQ20406646
"Chongqing Afari Technology Co., Ltd.",APAC,IQ9817194
Public Joint Stock Company PIK-specialized homebuilder,EMEA,IQ26492952
"Zhejiang Haikong Nanke Huatie Digital Intelligence and Technology Co., Ltd.",APAC,IQ140455750
Estithmar Holding Q.P.S.C.,EMEA,IQ1685076290
Polestar Automotive Holding UK PLC,EMEA,IQ248971669
Maharah for Human Resources Company,EMEA,IQ596168194
Vingroup Joint Stock Company,APAC,IQ37311645
Gallantt Ispat Limited,APAC,IQ26221902
"Alaska Air Group, Inc.",N. America,IQ248501
VSE Corporation,N. America,IQ311426
Adif Alta Velocidad,EMEA,IQ261035246
GL Events SA,EMEA,IQ167042
ISMT Limited,APAC,IQ12704493
"Fujian Highton Development Co., Ltd.",APAC,IQ309255619
"Shaanxi Transportation Holding Group Co.,Ltd (Operating 1)",APAC,IQ1673520083
PT Garuda Maintenance Facility Aero Asia Tbk,APAC,IQ31214120
"Shenzhen Inovance Technology Co.,Ltd",APAC,IQ105607416
"Jiayou International Logistics Co.,Ltd",APAC,IQ107146491
Kwoon Chung Bus Holdings Limited,APAC,IQ882664
"Grupo Aeroméxico, S.A.B. de C.V.",N. America,IQ130367928
"Bohai Leasing Co., Ltd.",APAC,IQ107466550
"Hanwha Ocean Co., Ltd.",APAC,IQ5871297
"Shanghai Daning Asset Management (Group) Co.,Ltd",APAC,IQ241485047
"Qihe Urban Operation, Construction & Investment Pty., Ltd.",APAC,IQ327954991
YURA Corporation,APAC,IQ23037863
Kerjaya Prospek Group Berhad,APAC,IQ7683338
"Grupo Aeroportuario del Pacífico, S.A.B. de C.V.",N. America,IQ10331338
"Powell Industries, Inc.",N. America,IQ297711
"Yiwu Market Development Group Co.,Ltd",APAC,IQ263971464
United International Transportation Company,EMEA,IQ36685040
"Wuzhou Special Paper Group Co., Ltd.",APAC,IQ145588814
Air Arabia PJSC,EMEA,IQ9141250
ASTM SpA,EMEA,IQ5717895
Swedavia AB,EMEA,IQ23839769
Greater Toronto Airports Authority,N. America,IQ6461803
Vinacomin - Northern Coal Trading Joint Stock Company,APAC,IQ410352271
"Dezhou Deda Investment Holding Group Co., Ltd.",APAC,IQ145018282
"Fortune Electric Co., Ltd.",APAC,IQ9917173
Suzlon Energy Limited,APAC,IQ11685662
HEICO Corporation,N. America,IQ278143
"Pingxiang City Construction Investment Group Co.,Ltd.",APAC,IQ225937578
"Jiangsu Changshu Automotive Trim Group Co., Ltd.",APAC,IQ23297957
Soilbuild Construction Group Ltd.,APAC,IQ239297956
"COSCO SHIPPING Specialized Carriers Co.,Ltd.",APAC,IQ5863738
Ayvens,EMEA,IQ128001
RBC Bearings Incorporated,N. America,IQ22323846
"Woosim Industrial Development Co., Ltd.",APAC,IQ84062225
Aeroports de Paris SA,EMEA,IQ874778
"Suzhou Agricultural Development Group Co.,Ltd",APAC,IQ413688263
"Aleatica, S.A.B. de C.V.",N. America,IQ115774349
Kowloon Development Company Limited,APAC,IQ4508837
"Shenzhen Envicool Technology Co., Ltd.",APAC,IQ143092473
Vietnam Construction and Import-Export Joint Stock Corporation,APAC,IQ12784160
"Shanghai GenTech Co., Ltd.",APAC,IQ146014080
"Fuzhou Metro Group Co., Ltd.",APAC,IQ324541008
Full Truck Alliance Co. Ltd.,APAC,IQ560353894
The Global Ltd.,APAC,IQ41312724
"United Airlines, Inc.",N. America,IQ26977
Tourism Holdings Limited,APAC,IQ882251
"Hankook Tire & Technology Co., Ltd.",APAC,IQ205040264
"Wuhan Financial Holding (Group) Co., Ltd.",APAC,IQ138937046
Lasertec Corporation,APAC,IQ5382211
"Quanzhou Development Group Co.,Ltd",APAC,IQ599162761
"FreightCar America, Inc.",N. America,IQ30409
"Sany Renewable Energy Co.,Ltd.",APAC,IQ276424836
"Huangshi Urban Development Investment Group Co.,Ltd.",APAC,IQ560442122
"Meishan Huantian Industry Co.,Ltd.",APAC,IQ669373117
Force Motors Limited,APAC,IQ877787
Anzhou Investment Holding Group,APAC,IQ568248801
Welspun Corp Limited,APAC,IQ8888523
GMR Enterprises Private Limited,APAC,IQ214596910
"Shanghai SK Automation Technology Co.,Ltd",APAC,IQ532875242
"Changsha Lushan Investment Holding Group Co.,Ltd.",APAC,IQ263432960
Mader Group Limited,APAC,IQ586885356
"CBIZ, Inc.",N. America,IQ361972
"Nomura Micro Science Co., Ltd.",APAC,IQ5630582
GDH Guangnan (Holdings) Limited,APAC,IQ881778
J&T Global Express Limited,APAC,IQ710867932
"Xinya Electronic Co., Ltd.",APAC,IQ79009808
Great Eagle Holdings Limited,APAC,IQ875972
CJ Engineering & Construction Corporation,APAC,IQ99798629
"SPIC Hydropower Co., Ltd.",APAC,IQ11500486
PT. Garuda Indonesia (Persero) Tbk,APAC,IQ9239923
Yiwu China Small Commodity City Holding Co Ltd,APAC,IQ668045619
Smurfit Westrock Plc,EMEA,IQ30384
"Shuangliang Eco-Energy Systems Co.,Ltd",APAC,IQ9285045
"Qingyuan Desheng Investment Group Co., Ltd.",APAC,IQ531314272
"China Southern Power Grid Technology Co.,Ltd",APAC,IQ718116748
Piovan S.p.A.,EMEA,IQ23049610
"Hangzhou SF Intra-city Industrial Co., Ltd.",APAC,IQ1694587334
"Zhijiang City, The State-Owned Assets Management Center",APAC,IQ328143406
"Shengtak New Material Co., Ltd",APAC,IQ127679548
"Shanghai Yanpu Metal Products Co.,Ltd",APAC,IQ591778010
Attica Holdings S.A.,EMEA,IQ882783
"Quzhou State-owned Capital Operation Co., Ltd.",APAC,IQ263351666
Lumax Auto Technologies Limited,APAC,IQ31162498
Terna S.A.,EMEA,IQ20410964
Longhai State-Owned Assets Investment Operation Co.Ltd,APAC,IQ215806700
"Aena S.M.E., S.A.",EMEA,IQ136994486
AG Anadolu Grubu Holding A.S.,EMEA,IQ6523430
Jazeera Airways K.S.C.P.,EMEA,IQ24053440
Skipper Limited,APAC,IQ54550160
"Changzhou Fusion New Material Co., Ltd.",APAC,IQ667821144
"Huizhou Communications Investment Group Co., Ltd.",APAC,IQ343936205
"Suzhou Maxwell Technologies Co., Ltd.",APAC,IQ529408420
"Ningbo Development & Investment Group Co., Ltd.",APAC,IQ118168379
Freelance.com SA,EMEA,IQ6313154
Xi S&D Inc.,APAC,IQ609543976
Confidence Petroleum India Limited,APAC,IQ20478372
Tata AutoComp Systems Limited,APAC,IQ12934137
Foryou Corporation,APAC,IQ22533869
Binjiang Service Group Co. Ltd.,APAC,IQ603044991
ASELSAN Elektronik Sanayi ve Ticaret Anonim Sirketi,EMEA,IQ879838
"Yongtaiyun Chemical Logistics Co.,Ltd",APAC,IQ704426085
"Anhui Anfu Battery Technology Co.,Ltd",APAC,IQ262977214
Veridis Environment Ltd,EMEA,IQ83841238
"Ningbo Deye Technology Group Co., Ltd.",APAC,IQ537037933
RAIFFEISEN-HOLDING NIEDERÖSTERREICH-WIEN registrierte Genossenschaft mit beschränkter Haftung,EMEA,IQ12784836
Corporación América Airports S.A.,EMEA,IQ543556126
Fujian Zhangzhou City Investment Group Company Limited,APAC,IQ237384587
"AAON, Inc.",N. America,IQ320500
Burkhalter Holding AG,EMEA,IQ22676272
Koncar - distributivni i specijalni transformatori d.d.,EMEA,IQ20405266
GMR Hyderabad International Airport Limited,APAC,IQ29703786
"Zhang Zhou Jiu Long Jiang Group Co.,Ltd.",APAC,IQ114764086
NATS Holdings Limited,EMEA,IQ11019236
Zhongshan Investment Holdings Group Company Limited,APAC,IQ49035456
JBT Marel Corporation,N. America,IQ4259332
Narita International Airport Corporation,APAC,IQ5478818
"BHI Co., Ltd.",APAC,IQ24425056
Entidad Pública Empresarial ENAIRE,EMEA,IQ22915158
Nextpower Inc.,N. America,IQ257530966
Indian Railway Catering & Tourism Corporation Limited,APAC,IQ26171986
Renshou Development of Investment Group Co.Ltd,APAC,IQ272000643
AZZ Inc.,N. America,IQ252588
Malayan Cement Berhad,APAC,IQ875029
Southern Cable Group Berhad,APAC,IQ690160566
"Aier Medical Investment Group Co., Ltd.",APAC,IQ228440941
Flughafen München GmbH,EMEA,IQ20702643
Linyi Investment Development Group Company Limited,APAC,IQ183135998
Aegean Airlines S.A.,EMEA,IQ20593891
"Hefei Industrial Investment Holding (Group) Co., Ltd.",APAC,IQ671907997
"Wuxi Longsheng Technology Co.,Ltd",APAC,IQ81948143
"Vertium Construction Co.,Ltd.",APAC,IQ227959204
"Henan Water Conservancy Investment Group Co., Ltd.",APAC,IQ229014161
"Taizhou State-owned Capital Operation Group Co., Ltd",APAC,IQ606449449
"PAL Holdings, Inc.",APAC,IQ9329903
"Henan Railway Construction & Investment Group Co., Ltd.",APAC,IQ142830569
"Hubei Communications Investment Group Co.,Ltd",APAC,IQ217359774
Flynas Company,EMEA,IQ43602495
KONCAR - Elektroindustrija d.d.,EMEA,IQ5575390
"Wuxi Autowell Technology Co.,Ltd.",APAC,IQ328960030
"Wetown Electric Group Co., Ltd.",APAC,IQ126842390
Kimlun Corporation Berhad,APAC,IQ52567384
"Xiamen Siming State Owned Holding Group Co., Ltd.",APAC,IQ331293695
China First Capital Group Limited,APAC,IQ142752395
"Chongqing Yufu Holding Group Co.,Ltd",APAC,IQ382401671
Heathrow Finance plc,EMEA,IQ111598099
Heathrow (SP) Limited,EMEA,IQ65072422
"L&K Engineering Co., Ltd.",APAC,IQ9845417
"Shandong Port Group Co.,Ltd.",APAC,IQ634106972
Redrow plc,EMEA,IQ876559
"Sakura Development Co.,Ltd",APAC,IQ9794106
"Rayhoo Motor Dies Co.,Ltd.",APAC,IQ61795522
Zhejiang Shibao Company Limited,APAC,IQ27146259
Borusan Birlesik Boru Fabrikalari Sanayi ve Ticaret A.S.,EMEA,IQ20393454
SIA Engineering Company Limited,APAC,IQ664952
"SNT Energy Co., Ltd.",APAC,IQ40451241
Xinchen China Power Holdings Limited,APAC,IQ229109788
"Bestway Marine & Energy Technology Co.,Ltd",APAC,IQ66319805
Coteccons Construction Joint Stock Company,APAC,IQ49652785
"Bortala Mongolia Autonomous Prefecture State-Owned Assets Investment Management Co.,Ltd.",APAC,IQ245738501
Amata Corporation Public Company Limited,APAC,IQ8080042
Shanghai Jinqiao Group Company Limited,APAC,IQ25614297
"Comfort Systems USA, Inc.",N. America,IQ100935
Tangshan Financial Holding Group Inc.,APAC,IQ327789787
Athens International Airport S.A.,EMEA,IQ13705160
"Changchun City Development (Group) Co., Ltd.",APAC,IQ32484016
Craftsman Automation Limited,APAC,IQ40975106
"Huizhou Desay SV Automotive Co., Ltd.",APAC,IQ6068638
"Tahoe Group Co., Ltd.",APAC,IQ13029350
"GoodWe Technologies Co., Ltd.",APAC,IQ379563187
"Yuhuan State Owned Assets Investment Management Group Co.,Ltd",APAC,IQ593761322
"Construction Partners, Inc.",N. America,IQ5537074
"Ningbo Yincheng Group Co.,Ltd.",APAC,IQ244524831
"BEH-Property Co.,Ltd.",APAC,IQ20376117
Color Group AS,EMEA,IQ12505788
Avia Solutions Group (ASG) PLC,EMEA,IQ47422476
Assemblin Caverion Group AB,EMEA,IQ641446975
"Shinry Technologies Co., Ltd.",APAC,IQ428676690
"Hangzhou Changchuan Technology Co.,Ltd",APAC,IQ141210626
"Henan Tong-Da Cable Co., Ltd.",APAC,IQ54546733
Geely Automobile Holdings Limited,APAC,IQ9834980
"Thai AirAsia Co., Ltd.",APAC,IQ9011201
"Shenzhen Kedali Industry Co., Ltd.",APAC,IQ113745012
Southern Cross Airports Corporation Holdings Limited,APAC,IQ26523434
"Bethel Automotive Safety Systems Co., Ltd",APAC,IQ64734463
TAV Havalimanlari Holding A.S.,EMEA,IQ13638584
Københavns Lufthavne A/S,EMEA,IQ881546
"Guangdong Jiayuan Technology Co.,Ltd.",APAC,IQ318391829
"Xometry, Inc.",N. America,IQ316229534
"Shenzhen Sinexcel Electric Co.,Ltd.",APAC,IQ304450946
Shin Yang Group Berhad,APAC,IQ50308612
MDA Space Ltd.,N. America,IQ708681388
"Sanhe Tongfei Refrigeration Co., Ltd.",APAC,IQ699041705
"Shanghai Shibei Hi-Tech Co.,Ltd.",APAC,IQ877800
Sunway Construction Group Berhad,APAC,IQ5629662
"Shanghai Infrastructure Construction and Development (Group) Co., Ltd.",APAC,IQ129804698
Qatar Airways Group Q.C.S.C.,EMEA,IQ208544939
Air Canada,N. America,IQ6491293
MAAS Group Holdings Limited,APAC,IQ694387796
"Lucky Harvest Co., Ltd.",APAC,IQ235776015
Tofas Türk Otomobil Fabrikasi Anonim Sirketi,EMEA,IQ878178
"Sichuan Suining Tiantai Industrial Co.,Ltd",APAC,IQ528872876
Icelandair Group hf.,EMEA,IQ29621915
"ShenZhen Click Technology Co.,LTD.",APAC,IQ52068699
"Suzhou Recodeal Interconnect System Co.,Ltd",APAC,IQ304028125
"Grupo HYC, S. A. de C. V.",N. America,IQ410495048
"Axon Enterprise, Inc.",N. America,IQ885779
Southern Housing Group Limited,EMEA,IQ5460191
"Chart Industries, Inc.",N. America,IQ322735
"BAIC BluePark New Energy Technology Co., Ltd.",APAC,IQ307449949
DN Automotive Corporation,APAC,IQ5630559
"CSSC Science& Technology Co., Ltd",APAC,IQ12742986
"Jiangsu Xinquan Automotive Trim Co.,Ltd.",APAC,IQ301069055
Çalik Enerji Sanayi ve Ticaret Anonim Sirketi,EMEA,IQ8121428
"Hornbeck Offshore Services, Inc.",N. America,IQ278553
"China World Trade Center Real Estate Group Co.,ltd.",APAC,IQ382171482
"EVE Energy Co., Ltd.",APAC,IQ60954244
Brussels Airport Company NV/SA,EMEA,IQ5534268
"Tianjin Free Trade Zone Investment Holding Group Co., Ltd",APAC,IQ327048085
XPeng Inc.,APAC,IQ682614209
KSL Holdings Berhad,APAC,IQ8070459
"Hainan Strait Shipping Co.,Ltd.",APAC,IQ82030328
Società per Azioni Esercizi Aeroportuali - SEA S.p.A.,EMEA,IQ21864821
Astor Enerji A.S.,EMEA,IQ50095061
Flughafen Wien Aktiengesellschaft,EMEA,IQ881804
"Sungrow Power Supply Co., Ltd.",APAC,IQ100540285
Garden Reach Shipbuilders & Engineers Limited,APAC,IQ13414695
"Farasis Energy (Gan Zhou) Co., Ltd.",APAC,IQ639782533
Royal Schiphol Group N.V.,EMEA,IQ4468991
Crowell Development Corp.,APAC,IQ9735927
"Shenzhen VMAX New Energy Co., Ltd.",APAC,IQ309164369
"Ningbo Zhenyu Technology Co., Ltd.",APAC,IQ319649576
BYD Company Limited,APAC,IQ5575412
NATS (En Route) plc,EMEA,IQ22533465
CITIC Resources Holdings Limited,APAC,IQ8275373
"Jianyang Development (Holdings) Co.,Ltd",APAC,IQ412363943
"Fluence Energy, Inc.",N. America,IQ1683252955
"Shandong Railway Investment Holding Group Co., Ltd.",APAC,IQ329725916
"ACM Research, Inc.",N. America,IQ380776488
Société québécoise des infrastructures,N. America,IQ261275344
Time Interconnect Technology Limited,APAC,IQ278956047
Ford Otomotiv Sanayi A.S.,EMEA,IQ882932
"Concesionaria Mexiquense, S.A. de C.V.",N. America,IQ13484095
"Kunshan Huguang Auto Harness Co.,Ltd.",APAC,IQ51736865
"Hangzhou Liangzhu Cultural City Group Co.,Ltd.",APAC,IQ575690049
Tasmea Limited,APAC,IQ38802572
Mafatlal Industries Limited,APAC,IQ20356379
NMDC Group PJSC,EMEA,IQ22654008
Northam Platinum Limited,EMEA,IQ717596866
"Anhui Xinbo Aluminum Co., Ltd.",APAC,IQ672528799
"Changjiang Industrial Investment Co.,Ltd",APAC,IQ145411122
"AeroVironment, Inc.",N. America,IQ1674636
OYAK Çimento Fabrikalari A.S.,EMEA,IQ882741
Enter Air S.A.,EMEA,IQ145636942
"Ilji Technology Co., Ltd.",APAC,IQ20344834
"Beijing New Building Material Co.,Ltd.",APAC,IQ145535628
Advanced Micro-Fabrication Equipment Inc. China,APAC,IQ24022175
Chin Hin Group Berhad,APAC,IQ297950156
"Jiangxi Province Hukou County Shizhong Investment Development Co., Ltd.",APAC,IQ545106012
Qantas Airways Limited,APAC,IQ874341
Çimsa Çimento Sanayi ve Ticaret A.S.,EMEA,IQ878879
Hubei Science Technology Investment Group Co. Ltd,APAC,IQ42155625
SigmaRoc plc,EMEA,IQ23246648
VseInstrumenti.ru Limited Liability Company,EMEA,IQ217095863
"Shanghai Pudong New Area Real Estate (Group) Co., Ltd.",APAC,IQ216219106
"Shijiazhuang State-Owned City Development Investment Group Co.,Ltd",APAC,IQ265821039
CH. Karnchang Public Company Limited,APAC,IQ882145
"Beijing SOJO Electric Co., Ltd.",APAC,IQ234728321
Li Auto Inc.,APAC,IQ676755414
Tomson Group Limited,APAC,IQ877887
International Holding Company PJSC,EMEA,IQ603641347
Shenzhen S.C New Energy Technology Corporation,APAC,IQ182789995
"Distribution Solutions Group, Inc.",N. America,IQ1762833848
Hesai Group,APAC,IQ1822052880
"ACM Research (Shanghai), Inc.",APAC,IQ537469384
PT Daaz Bara Lestari Tbk,APAC,IQ1770308781
Robinsons Land Corporation,APAC,IQ878767
"ANA - Aeroportos de Portugal, S.A.",EMEA,IQ876771
Aéroports de Montréal,N. America,IQ4269427
Viet Phat Import Export Trading Investment Joint Stock Company,APAC,IQ332318524
Australia Pacific Airports Corporation Limited,APAC,IQ22759100
"Public Joint Stock Company ""Ilyushin Aviation Complex""",EMEA,IQ20929964
"Shenyang Fortune Precision Equipment Co., Ltd.",APAC,IQ619063473
Australia Pacific Airports (Melbourne) Pty Limited,APAC,IQ22727840
El Al Israel Airlines Ltd.,EMEA,IQ20342789
"Zhangzhou Transportation Development Group CO.,LTD.",APAC,IQ264567457
"Hunan Zhongke Electric Co., Ltd.",APAC,IQ82083256
"Hubei Optics Valley East State-owned Capital Investment Operation Group Co., Ltd.",APAC,IQ663095354
"NAURA Technology Group Co., Ltd.",APAC,IQ50182116
CITIC Resources Australia Pty Ltd,APAC,IQ20952896
"Hanwha Aerospace Co., Ltd.",APAC,IQ4149141
"Beijing Science Park Development (Group) Co., Ltd",APAC,IQ113934710
"Shangrao City State-owned Assets Management Group Co.,Ltd.",APAC,IQ324626973
"Henan Transport Investment Group Co.,Ltd",APAC,IQ118905512
Learning Technologies Group plc,EMEA,IQ135538
Tian An China Investments Company Limited,APAC,IQ4497139
Alpha Dhabi Holding PJSC,EMEA,IQ636554658
"Hunan Rail Transit Holding Group Co.,Ltd",APAC,IQ560727570
Ryanair Holdings plc,EMEA,IQ413817
"Guangdong Mingyang Electric Co.,Ltd.",APAC,IQ45249272
Realm Resources Limited,APAC,IQ28558237
Singapore Airlines Limited,APAC,IQ664951
Univentures Public Company Limited,APAC,IQ8088974
Agility Global PLC,EMEA,IQ1876975218
PT Angkasa Pura II (Persero),APAC,IQ36396714
FTAI Infrastructure Inc.,N. America,IQ1780969641
"Ningbo Rail Transit Group Co., Ltd",APAC,IQ244525252
"Gotion High-tech Co.,Ltd.",APAC,IQ99943908
"Jinan Rail Transit Group Co.,Ltd",APAC,IQ571275021
Travaux Généraux de Construction de Casablanca S.A,EMEA,IQ49680009
"Damac Real Estate Development Limited, DIFC",EMEA,IQ10494978
"Yibin Cuiping District State-owned Assets Management Co., Ltd.",APAC,IQ606965830
dnata,EMEA,IQ11687749
Clough Projects Australia Pty Ltd,APAC,IQ13634259
"Xi'an Taijin New Energy & Materials Sci-Tech Co., Ltd.",APAC,IQ286514073
DO & CO Aktiengesellschaft,EMEA,IQ883069
"Jianyang Modern Industrial Investment Development Co.,Ltd.",APAC,IQ430865144
"Vinte Viviendas Integrales, S.A.B. de C.V.",N. America,IQ109233637
Sichuan Chengnan Expressway Limited Liability Company,APAC,IQ649711715
Pegasus Hava Tasimaciligi Anonim Sirketi,EMEA,IQ23221023
"Zhejiang Tourism Investment Group Co.,Ltd.",APAC,IQ217076339
"Changchun Chengtou Construction Investment (Group) Co.,Ltd.",APAC,IQ311163594
Changi Airport Group (Singapore) Pte. Ltd.,APAC,IQ6720321
"Jianshe Industry Group (Yunnan) Co., Ltd.",APAC,IQ47266068
Guangdong Shunde Holding Group Company,APAC,IQ636558790
"Hubei United Development Investment Group Co.,Ltd.",APAC,IQ97527280
Gek Terna S.A.,EMEA,IQ20343506
"Zhuhai Enpower Electric Co.,Ltd.",APAC,IQ313141047
Emirates,EMEA,IQ7672958
Samolet Group Public Joint Stock Company,EMEA,IQ402803927
"Fulin Precision Co., Ltd.",APAC,IQ108327185
"Guangdong Construction Engineering Group Co., Ltd.",APAC,IQ28607095
"Sineng Electric Co.,Ltd.",APAC,IQ408957694
Chenqi Technology Limited,APAC,IQ1686517198
PT Astrindo Nusantara Infrastruktur Tbk,APAC,IQ79057865
"Knowledge City (Guangzhou) Investment Group Co., Ltd.",APAC,IQ618713829
Airports Corporation of Vietnam,APAC,IQ257068285
"Hubei Wanrun New Energy Technology Co.,Ltd.",APAC,IQ253636183
HMS Bergbau AG,EMEA,IQ47135933
"Sichuan Port and Shipping Investment Group Co., Ltd.",APAC,IQ698257307
"Shiyan Juxin State Owned Capital Investment and Operation Group Co., Ltd",APAC,IQ682325970
Metro Pacific Tollways Corporation,APAC,IQ11132019
Avinor AS,EMEA,IQ22562119
VinFast Auto Ltd.,APAC,IQ1780007243
"Jiangsu Zenergy Battery Technologies Group Co., Ltd.",APAC,IQ1890415603
"Dalian City Construction Investment Group Co., Ltd.",APAC,IQ42952352
Tata Power Solar Systems Limited,APAC,IQ23297467
Wizz Air Holdings Plc,EMEA,IQ264416006
"Kasumigaseki Capital Co.,Ltd.",APAC,IQ428898431
"Inner Mongolia Transportation Group Co., Ltd.",APAC,IQ109134391
Inox Wind Limited,APAC,IQ61450736
"Hangzhou Fortune Gas Cryogenic Group Co., Ltd.",APAC,IQ1672264158
"Japan Airport Terminal Co., Ltd.",APAC,IQ877042
"Guangyuan Industrial Park Construction Investment Group Co., Ltd",APAC,IQ271463875
"Organización de Proyectos de Infraestructura, S.A.P.I de C.V.",N. America,IQ253191076
"Wuxi DK Electronic Materials Co.,Ltd.",APAC,IQ623088643
SCGJWD Logistics Public Company Limited,APAC,IQ289636624
Gamuda Berhad,APAC,IQ879147
"YeaShin International Development Co., Ltd.",APAC,IQ9709003
Dawon Design Co. Ltd.,APAC,IQ98514285
Vinacomin - Coal Import Export Joint Stock Company,APAC,IQ51912770
"Jungheung Togun Co.,Ltd.",APAC,IQ657401737
"KCH Energy Co., Ltd",APAC,IQ131464585
"Chengdu Rail Transit Group Co.,Ltd.",APAC,IQ304908357
"Beijing Future Science City Development Group Co., Ltd",APAC,IQ248276796
"Quanzhou Water Affair Group Co.,Ltd",APAC,IQ1773614472
"Vueling Airlines, S.A.",EMEA,IQ9872487
Chengdu Shuzhou Urban Construction Investment Corporation Limited,APAC,IQ380947759
VietJet Aviation Joint Stock Company,APAC,IQ46486182
Jiangsu Leadmicro Nano-Equipment Technology Ltd,APAC,IQ657421174
"Baoji Investment Group Co.,Ltd.",APAC,IQ128097007
Manchester Airports Holdings Limited,EMEA,IQ5503592
"Hiconics Eco-energy Technology Co., Ltd.",APAC,IQ83671470
SATS Ltd.,APAC,IQ2445833
"CALB Group Co., Ltd.",APAC,IQ701667804
"Nanchang Traffic Investment Group Co., Ltd.",APAC,IQ242928328
easyJet plc,EMEA,IQ2089681
Jiangsu SOHO Holding Group Corp.Ltd,APAC,IQ54868187
"Chelyabinsk Forge-and-Press Plant, Public Joint Stock Company",EMEA,IQ22583382
"Zhongshan Torch Public Assets Management Group Co., Ltd.",APAC,IQ597876797
"Shenzhen Public Housing Group Co., Ltd",APAC,IQ561608933
Jupiter Wagons Limited,APAC,IQ84201683
Norwegian Air Shuttle ASA,EMEA,IQ9002664
"Wuxi Xinhongye Wire & Cable Co., Ltd.",APAC,IQ133891024
Shanghai Pudong Exploration Group Company Limited,APAC,IQ646730672
Nanshan Aluminium International Holdings Limited,APAC,IQ1892057570
Stanmore Resources Limited,APAC,IQ81596125
"Consorcio Aristos, S.A.B. de C.V.",N. America,IQ13746330
"T'Way Air Co., Ltd.",APAC,IQ84125879
Chengdu Wuhou Capital Investment Management Group Limited,APAC,IQ232567309
"Quzhou Kecheng District State Owned Assets Management Co., Ltd",APAC,IQ643703305
"BengBu Investment Group Co.,Ltd",APAC,IQ268815097
"Jiangsu Bojun Industrial Technology Co., Ltd",APAC,IQ314998047
British Airways Plc,EMEA,IQ256565
LAMDA Development S.A.,EMEA,IQ9329882
FTAI Aviation Ltd.,N. America,IQ253706543
Symbotic Inc.,N. America,IQ247089947
Almawarid Manpower Company,EMEA,IQ1819703702
"Fujian Jinjiang Xinjiayuan Holdings Co, Ltd.",APAC,IQ632368722
PHM Group Holding Oyj,EMEA,IQ713947584
Chengdu Dongfang Guangyi Investment Co.Ltd,APAC,IQ119041462
AirAsia X Berhad,APAC,IQ31048072
"C&D Holsin Engineering Consulting Co., Ltd",APAC,IQ262943201
"Baoding Technology Co., Ltd.",APAC,IQ117149460
"Innovation New Material Technology Co., Ltd.",APAC,IQ9681484
"Rothwell International Co., Limited",APAC,IQ311767000
CNNC International Limited,APAC,IQ8084623
Thai Airways International Public Company Limited,APAC,IQ874610
Qingdao North District City Construction and Investment Limited Company,APAC,IQ608849399
"Seres Group Co.,Ltd",APAC,IQ280085286
Bangkok Airways Public Company Limited,APAC,IQ8378033
"Shijiazhuang Shangtai Technology Co., Ltd.",APAC,IQ631189571
Airports of Thailand Public Company Limited,APAC,IQ9681501
Rocket Lab Corporation,N. America,IQ533835000
Central New Energy Holding Group Limited,APAC,IQ556523434
"Hainan Development Holdings Co.,Ltd",APAC,IQ24861825
"China-Malaysia Qinzhou Industrial Park (Guangxi) Investment Holding Group Co., Ltd.",APAC,IQ692895257
"REPT BATTERO Energy Co., Ltd.",APAC,IQ1772401364
"Chery Automobile Co., Ltd.",APAC,IQ13413384
PT AirAsia Indonesia Tbk,APAC,IQ31272492
PT Pelabuhan Indonesia I (Persero),APAC,IQ62562945
"Meishan Asset Operation Co., Ltd.",APAC,IQ41262534
Transat A.T. Inc.,N. America,IQ876225
CSG N.V.,EMEA,IQ332001243
WB Electronics S.A.,EMEA,IQ113907443
"Bioto, Inc.",APAC,IQ99852955
Asia Aviation Public Company Limited,APAC,IQ8683066
"Beijing HyperStrong Technology Co., Ltd.",APAC,IQ324629601
"Sanil Electric Co., Ltd.",APAC,IQ99550947
"WIZIT Co., Ltd.",APAC,IQ9559935
Swan Corp Limited,APAC,IQ876362
"State-owned Assets Management Co.,ltd Jinhua City Council",APAC,IQ225835917
R R Kabel Limited,APAC,IQ32850556
"Jiujiang Defu Technology Co., Limited",APAC,IQ656476462
Jet2 plc,EMEA,IQ877559
"Shenzhen Futian Investment Holdings Co.,Ltd",APAC,IQ41109052
"Fuzhou Zuohai Holding Group Co.,Ltd",APAC,IQ597302527
The Real Brokerage Inc.,N. America,IQ633151331
Two Point Zero Group P.J.S.C,EMEA,IQ672387522
Xiamen Rail Transit Construction & Development Group Corporation Limited,APAC,IQ530389689
"Zhejiang Leapmotor Technology Co., Ltd.",APAC,IQ528509581
Lloyds Metals and Energy Limited,APAC,IQ881176
"Huatu Cendes CO., LTD",APAC,IQ263243635
"Hunan Yuneng New Energy Battery Material Co.,Ltd.",APAC,IQ539471318
"Chengdu Jiaozi Park Financial And Business Zone Investment & Development Co.,Ltd",APAC,IQ306814493
Tasco Joint Stock Company,APAC,IQ47770140
"Fuzhou Gucuo Group Co., Ltd.",APAC,IQ325899967
Shandong Hongqiao Aluminum Industry Holding Company Limited,APAC,IQ49527425
"LAPLACE Renewable Energy Technology Co., Ltd.",APAC,IQ1872819322
"STARLUX Airlines Co., Ltd.",APAC,IQ638215630
"FESCO Group Co., Ltd.",APAC,IQ5577425
"Tigerair Taiwan Co., Ltd.",APAC,IQ273625293
"Rivian Automotive, Inc.",N. America,IQ144746614
"QXO, Inc.",N. America,IQ9794870
"Yiwu Economic and Technological Development Zone Development Co.,Ltd",APAC,IQ679125815
Unifreight Africa Limited,EMEA,IQ20385591
"China Xiongan Group Co., Ltd",APAC,IQ593735378
National Tyre Services Limited,EMEA,IQ20383771
Samra Midas Group,APAC,IQ227978354
SG Mart Limited,APAC,IQ20933638
Loco Hong Kong Holdings Limited,APAC,IQ268666606
A.P. Møller - Mærsk A/S,EMEA,IQ875418
China Communications Construction Company Limited,APAC,IQ26361431
"Kuo, S.A.B. de C.V.",N. America,IQ379939
MISC Berhad,APAC,IQ874986
"Automatic Data Processing, Inc.",N. America,IQ126269
Rotork plc,EMEA,IQ879273
"Grupo Lamosa, S.A.B. de C.V.",N. America,IQ4481542
VR-Yhtymä Oyj,EMEA,IQ22516141
Vietnam Airlines JSC,APAC,IQ8182368
Sime Darby Berhad,APAC,IQ38326431
GS Global Corp.,APAC,IQ4458048
"SK On Co., Ltd.",APAC,IQ1685836593
Saudi Ground Services Company,EMEA,IQ296830935
InPost S.A.,EMEA,IQ37897459
Johnson Controls International plc,EMEA,IQ282590
Owens Corning,N. America,IQ294338
CRH plc,EMEA,IQ257151
"Mueller Water Products, Inc.",N. America,IQ10404838
Siam City Cement Public Company Limited,APAC,IQ874882
Vestas Wind Systems A/S,EMEA,IQ36246
Nexans S.A.,EMEA,IQ5419323
Thales S.A.,EMEA,IQ23479
Hyundai Motor India Limited,APAC,IQ9003490
"Hyundai Bng Steel Co., Ltd.",APAC,IQ5524447
Hyundai Steel Company,APAC,IQ879820
"Samsung E&A Co., Ltd.",APAC,IQ6562030
"Hyundai Mobis Co.,Ltd",APAC,IQ2482271
Hyundai Motor Company,APAC,IQ874828
Kia Corporation,APAC,IQ2481334
Emerson Electric Co.,N. America,IQ269231
"Radius Recycling, Inc.",N. America,IQ334984
JetBlue Airways Corporation,N. America,IQ106437
"Uber Technologies, Inc.",N. America,IQ144524848
Posten Bring AS,EMEA,IQ881021
Siemens Aktiengesellschaft,EMEA,IQ394038
AIXTRON SE,EMEA,IQ138633
Siemens Energy AG,EMEA,IQ612920998
Compagnie de Saint-Gobain S.A.,EMEA,IQ875777
Air France-KLM SA,EMEA,IQ4463198
Hongkong Land Holdings Limited,N. America,IQ410364
Jardine Matheson Holdings Limited,N. America,IQ873710
Jardine Cycle & Carriage Limited,APAC,IQ874084
Renault SA,EMEA,IQ428034
Latécoère S.A.,EMEA,IQ7669087
ASSA ABLOY AB (publ),EMEA,IQ620284
Quanex Building Products Corporation,N. America,IQ40084670
Aker ASA,EMEA,IQ12074458
ManpowerGroup Inc.,N. America,IQ320570
bpost NV/SA,EMEA,IQ24378138
Bawan Company,EMEA,IQ249877509
Bloom Energy Corporation,N. America,IQ28543927
Nampak Limited,EMEA,IQ874442
Heidelberger Druckmaschinen Aktiengesellschaft,EMEA,IQ875024
Zehnder Group AG,EMEA,IQ876682
dormakaba Holding AG,EMEA,IQ882603
GMS INC.,N. America,IQ8032784
China North Industries Group Corporation Limited,APAC,IQ22432370
Grammer AG,EMEA,IQ884197
Magna International Inc.,N. America,IQ285880
Knorr-Bremse AG,EMEA,IQ1532771
Loxam SAS,EMEA,IQ30950
Saab AB (publ),EMEA,IQ874497
Nucor Corporation,N. America,IQ184945
"Apogee Enterprises, Inc.",N. America,IQ251050
The Toro Company,N. America,IQ190268
"GXO Logistics, Inc.",N. America,IQ697414712
"Paychex, Inc.",N. America,IQ295368
DiDi Global Inc.,APAC,IQ1672242889
Deceuninck NV,EMEA,IQ879119
Webuild S.p.A.,EMEA,IQ879826
Vesuvius plc,EMEA,IQ410182
Mah Sing Group Berhad,APAC,IQ879655
Sunway Berhad,APAC,IQ116206338
SK Networks Company Limited,APAC,IQ167483
POSCO Holdings Inc.,APAC,IQ381388
Posco International Corporation,APAC,IQ5466505
SeAH Besteel Holdings Corporation,APAC,IQ5518864
LX International Corp.,APAC,IQ882765
"Pantos Logistics Co.,Ltd.",APAC,IQ84583419
LS Mtron Ltd.,APAC,IQ52604918
SeAH Steel Holdings Corporation,APAC,IQ5497505
"LG Energy Solution, Ltd.",APAC,IQ697370904
LG Corp.,APAC,IQ879409
"HD Hyundai Electric Co., Ltd.",APAC,IQ409904250
Eugene Corporation,APAC,IQ20384549
"Hanwha Systems Co., Ltd.",APAC,IQ6464442
"Taihan Cable & Solution Co., Ltd.",APAC,IQ2444560
"HD HYUNDAI Marine Solution CO.,LTD.",APAC,IQ416182164
"Jeju Air Co., Ltd.",APAC,IQ22550070
UEM Sunrise Berhad,APAC,IQ51025880
RELX PLC,EMEA,IQ380521
Bouygues SA,EMEA,IQ953488
AGCO Corporation,N. America,IQ317519
"United Parcel Service, Inc.",N. America,IQ238570
Ferguson Enterprises Inc.,N. America,IQ875151
Colas SA,EMEA,IQ875148
Graphic Packaging Holding Company,N. America,IQ33880
"Acerinox, S.A.",EMEA,IQ831357
Garrett Motion Inc.,EMEA,IQ578432369
Fluor Corporation,N. America,IQ655659
Dauch Corporation,N. America,IQ24704
"Hertz Global Holdings, Inc.",N. America,IQ30396158
Lear Corporation,N. America,IQ30727
Amrize AG,EMEA,IQ1869794901
EnerSys,N. America,IQ617490
ASMPT Limited,APAC,IQ877037
Seatrium Limited,APAC,IQ874960
Air New Zealand Limited,APAC,IQ874051
Ferrari N.V.,EMEA,IQ280003133
Virgin Australia Holdings Limited,APAC,IQ8424628
PostNL N.V.,EMEA,IQ401130
KION GROUP AG,EMEA,IQ29228863
GEA Group Aktiengesellschaft,EMEA,IQ874290
CIR S.p.A. - Compagnie Industriali Riunite,EMEA,IQ5060441
CNH Industrial N.V.,EMEA,IQ102326862
Iveco Group N.V.,EMEA,IQ1682858327
"China Fortune Land Development Co., Ltd.",APAC,IQ140997394
SIG Group AG,EMEA,IQ874468
Claas Kommanditgesellschaft Auf Aktien Mbh,EMEA,IQ4469003
Triton International Limited,N. America,IQ7913356
Clearwater Paper Corporation,N. America,IQ27447874
Deere & Company,N. America,IQ266112
International Paper Company,N. America,IQ61036
DNOW Inc.,N. America,IQ247252999
Ayala Corporation,APAC,IQ878942
"JG Summit Holdings, Inc.",APAC,IQ878735
Italmobiliare S.p.A.,EMEA,IQ876781
GLP Pte. Ltd.,APAC,IQ113816702
"V2X, Inc.",N. America,IQ262353065
Honeywell International Inc.,N. America,IQ1340740
Epta S.p.A.,EMEA,IQ33225772
Nilfisk Holding A/S,EMEA,IQ2217148
Epiroc AB (publ),EMEA,IQ417010627
Intrum AB (publ),EMEA,IQ124640
San Miguel Corporation,APAC,IQ692709
Cushman & Wakefield Limited,N. America,IQ280899653
Aperam S.A.,EMEA,IQ116848217
Aramex PJSC,EMEA,IQ20787980
Abu Dhabi Ports Company PJSC,EMEA,IQ34825007
"TriNet Group, Inc.",N. America,IQ124565
American Airlines Group Inc.,N. America,IQ168569
"Builders FirstSource, Inc.",N. America,IQ34817
Commercial Metals Company,N. America,IQ262639
"Public Joint Stock Company ""Novolipetsk Steel""",EMEA,IQ20406761
Alcoa Corporation,N. America,IQ369991357
Grafton Group plc,EMEA,IQ877087
Robert Bosch GmbH,EMEA,IQ630409
Bosch Limited,APAC,IQ9830297
Recticel SA/NV,EMEA,IQ126855
AerCap Holdings N.V.,EMEA,IQ896178
Jones Lang LaSalle Incorporated,N. America,IQ363003
"Hub Group, Inc.",N. America,IQ347555
Türk Traktör ve Ziraat Makineleri A.S.,EMEA,IQ11367507
Koç Holding A.S.,EMEA,IQ874285
Otokar Otomotiv ve Savunma Sanayi A.S.,EMEA,IQ884322
DKSH Holding AG,EMEA,IQ775375
Die Schweizerische Post AG,EMEA,IQ27020443
Korn Ferry,N. America,IQ396922
The AZEK Company Inc.,N. America,IQ27194630
"Contemporary Amperex Technology Co., Limited",APAC,IQ325839958
Lockheed Martin Corporation,N. America,IQ285827
Flowserve Corporation,N. America,IQ267555
Mannai Corporation Q.P.S.C.,EMEA,IQ6478959
Boyd Group Services Inc.,N. America,IQ1456919
Giesecke+Devrient GmbH,EMEA,IQ951194
Masco Corporation,N. America,IQ181478
"Martin Marietta Materials, Inc.",N. America,IQ31153
Carlisle Companies Incorporated,N. America,IQ258791
RTX Corporation,N. America,IQ159230
Orora Limited,APAC,IQ243994227
MINEBEA MITSUMI Inc.,APAC,IQ874000
Lam Research Corporation,N. America,IQ30655
Cimpress plc,EMEA,IQ21009761
Grab Holdings Limited,APAC,IQ600742257
Tokyu Fudosan Holdings Corporation,APAC,IQ248116292
Nippon Steel Corporation,APAC,IQ874183
"AEON Mall Co., Ltd.",APAC,IQ5554184
Guala Closures S.p.A.,EMEA,IQ541458714
Toshiba Corporation,APAC,IQ873792
Mitsubishi Corporation,APAC,IQ524161
Mitsubishi Motors Corporation,APAC,IQ876160
Ahlstrom Oyj,EMEA,IQ874908
Prysmian S.p.A.,EMEA,IQ520105
"Mitsui & Co., Ltd.",APAC,IQ91829
Spirax Group plc,EMEA,IQ874584
Kumba Iron Ore Limited,EMEA,IQ29733157
Kier Group plc,EMEA,IQ129432
Mitie Group plc,EMEA,IQ877699
Singapore Post Limited,APAC,IQ4941714
DP World Limited,EMEA,IQ35226827
Modon Holding PSC,EMEA,IQ24981777
Georg Fischer AG,EMEA,IQ874356
Babcock International Group PLC,EMEA,IQ873887
BAE Systems plc,EMEA,IQ874091
CJ Logistics Corporation,APAC,IQ2482177
CJ Corporation,APAC,IQ883245
Tekfen Holding Anonim Sirketi,EMEA,IQ7913033
Hubbell Incorporated,N. America,IQ279750
Mercedes-Benz South Africa Limited,EMEA,IQ13515646
Wolters Kluwer N.V.,EMEA,IQ428487
"O-I Glass, Inc.",N. America,IQ32583
Nexen Tire Corporation,APAC,IQ884332
"Kakao Mobility Co., Ltd.",APAC,IQ529085054
Heraeus Holding GmbH,EMEA,IQ694408
Andritz AG,EMEA,IQ717451
FLSmidth & Co. A/S,EMEA,IQ874582
Husqvarna AB (publ),EMEA,IQ677207
Norsk Hydro ASA,EMEA,IQ292387
AB Volvo (publ),EMEA,IQ312375
Volvo Car AB (publ.),EMEA,IQ378762903
Atlas Copco AB (publ),EMEA,IQ418524
Munters Group AB (publ),EMEA,IQ429634516
EPL Limited,APAC,IQ9515549
JSW Steel Limited,APAC,IQ881242
Delhivery Limited,APAC,IQ208748340
"C.H. Robinson Worldwide, Inc.",N. America,IQ368470
Titan S.A.,EMEA,IQ874331
Metlen Energy & Metals PLC,EMEA,IQ4493091
Aktor Societe Anonyme Holding Company Technical and Energy Projects,EMEA,IQ1375353
Keppel Management Ltd.,APAC,IQ874764
Keppel Ltd.,APAC,IQ874117
"SK Square Co., Ltd.",APAC,IQ711395770
Samsung C&T Corporation,APAC,IQ5494822
"Asiana Airlines, Inc.",APAC,IQ5471363
"Korean Airlines Co.,Ltd.",APAC,IQ874387
NCC AB (publ),EMEA,IQ874893
Hiab Oyj,EMEA,IQ20462559
Stora Enso Oyj,EMEA,IQ683733
Huhtamäki Oyj,EMEA,IQ873955
Kalmar Oyj,EMEA,IQ6561833
Finnair Oyj,EMEA,IQ874077
Compagnie Générale des Établissements Michelin Société en commandite par actions,EMEA,IQ874842
SPIE SA,EMEA,IQ874506
Vinci SA,EMEA,IQ877769
"Luolai Lifestyle Technology Co., Ltd.",APAC,IQ47870716
G4S Limited,EMEA,IQ876890
Umm Al Qura for Development and Construction Company,EMEA,IQ1800290701
Public Joint Stock Company ALROSA,EMEA,IQ8379759
Fortescue Ltd,APAC,IQ4484407
"ACS, Actividades de Construcción y Servicios, S.A.",EMEA,IQ780678
gategroup Holding AG,EMEA,IQ41838515
RUAG International Holding AG,EMEA,IQ21811866
OC Oerlikon Corporation AG,EMEA,IQ874363
"Hitachi, Ltd.",APAC,IQ142747
Semperit Aktiengesellschaft Holding,EMEA,IQ877235
Adecco Group AG,EMEA,IQ389218
ABB Ltd,EMEA,IQ18527
Sulzer AG,EMEA,IQ875059
Schneider Electric S.E.,EMEA,IQ682078
Ford Motor Company,N. America,IQ106335
The Boeing Company,N. America,IQ370857
"Janus International Group, Inc.",N. America,IQ6613086
"Grupo Industrial Saltillo, S.A.B. de C.V.",N. America,IQ604283
EMSTEEL Building Materials PJSC,EMEA,IQ31023904
Avery Dennison Corporation,N. America,IQ252978
"Amkor Technology, Inc.",N. America,IQ124219
Northrop Grumman Corporation,N. America,IQ97199
Downer EDI Limited,APAC,IQ879131
"Nippon Sheet Glass Company, Limited",APAC,IQ875303
NV Bekaert SA,EMEA,IQ765841
Etex N.V.,EMEA,IQ974163
Ackermans & Van Haaren NV,EMEA,IQ4481312
TransUnion,N. America,IQ170928919
ITOCHU Corporation,APAC,IQ874397
TOPPAN Holdings Inc.,APAC,IQ874644
"Gibraltar Industries, Inc.",N. America,IQ334367
Worley Limited,APAC,IQ7072263
Mercer International Inc.,N. America,IQ251849
"AptarGroup, Inc.",N. America,IQ326230
Joint Stock Company Transmashholding,EMEA,IQ12784153
"Hankyu Hanshin Holdings, Inc.",APAC,IQ877063
Auckland International Airport Limited,APAC,IQ883101
Maire S.p.A.,EMEA,IQ5542594
"Mitsubishi Heavy Industries, Ltd.",APAC,IQ739758
"Core & Main, Inc.",N. America,IQ2504079
"Simpson Manufacturing Co., Inc.",N. America,IQ334277
"Yanmar Holdings Co., Ltd.",APAC,IQ5468356
Tata Projects Limited,APAC,IQ30376898
Tata Steel Limited,APAC,IQ874170
Tata Motors Passenger Vehicles Limited,APAC,IQ874652
Voltas Limited,APAC,IQ874030
Godrej Properties Limited,APAC,IQ27958527
"Yamato Holdings Co., Ltd.",APAC,IQ875449
Kinden Corporation,APAC,IQ880745
Mazda Motor Corporation,APAC,IQ729388
ArcelorMittal S.A.,EMEA,IQ364040
Experian plc,EMEA,IQ8122148
BE Semiconductor Industries N.V.,EMEA,IQ393455
Renewi Limited,EMEA,IQ134228
Deutsche Post AG,EMEA,IQ1901010
Aalberts N.V.,EMEA,IQ881736
Rekeep S.p.A.,EMEA,IQ9156703
DS SMITH LIMITED,EMEA,IQ877603
"CRA International, Inc.",N. America,IQ383501
MRC Global Inc.,N. America,IQ44459271
"The Navigator Company, S.A.",EMEA,IQ881520
"Miura Co., Ltd.",APAC,IQ880792
"SECIL - Companhia Geral de Cal e Cimento, S.A.",EMEA,IQ875379
"Tubacex, S.A.",EMEA,IQ876943
Airbus SE,EMEA,IQ561001
Industrie De Nora S.p.A.,EMEA,IQ29245668
Hays plc,EMEA,IQ128420
Keller Group plc,EMEA,IQ881691
Pentair plc,EMEA,IQ295688
"Allison Transmission Holdings, Inc.",N. America,IQ13529856
NTG Nordic Transport Group A/S,EMEA,IQ381402526
PostNord AB,EMEA,IQ1031744
Svenska Cellulosa Aktiebolaget SCA (publ),EMEA,IQ420144
AB SKF (publ),EMEA,IQ248270
"Autoliv, Inc.",EMEA,IQ361581
Sandvik AB (publ),EMEA,IQ621806
"Verisk Analytics, Inc.",N. America,IQ1027055
Koenig & Bauer AG,EMEA,IQ876002
VAT Group AG,EMEA,IQ328213506
Ball Corporation,N. America,IQ170352
"Xignux, S.A. de C.V.",N. America,IQ7910400
Bharat Forge Limited,APAC,IQ878487
Southwest Airlines Co.,N. America,IQ31726
FirstService Corporation,N. America,IQ284804601
Hindalco Industries Limited,APAC,IQ878428
UltraTech Cement Limited,APAC,IQ13192517
Adani Ports and Special Economic Zone Limited,APAC,IQ27674009
G R Infraprojects Limited,APAC,IQ128309579
Prism Johnson Limited,APAC,IQ882659
DLF Limited,APAC,IQ26505741
Kalpataru Projects International Limited,APAC,IQ9440441
Brigade Enterprises Limited,APAC,IQ33841052
GMR Airports Limited,APAC,IQ23927626
TKH Group N.V.,EMEA,IQ879436
"Teradyne, Inc.",N. America,IQ94728
Mercedes-Benz Group AG,EMEA,IQ106772
Daimler Truck Holding AG,EMEA,IQ585329047
BayWa Aktiengesellschaft,EMEA,IQ874886
Beijer Ref AB (publ),EMEA,IQ9238097
Columbus McKinnon Corporation,N. America,IQ346334
Securitas AB (publ),EMEA,IQ621976
Cathay Pacific Airways Limited,APAC,IQ874695
"Cebu Air, Inc.",APAC,IQ5455169
Science Applications International Corporation,N. America,IQ231691952
"Quanta Services, Inc.",N. America,IQ33509
Varroc Engineering Limited,APAC,IQ23378507
"Leonardo DRS, Inc.",N. America,IQ144258
Fincantieri S.p.A.,EMEA,IQ716830
Leonardo S.p.a.,EMEA,IQ688713
Caltagirone SpA,EMEA,IQ1330172
"MasterBrand, Inc.",N. America,IQ1921847
"Cornerstone Building Brands, Inc.",N. America,IQ31926
Rexel S.A.,EMEA,IQ876205
Aldar Properties PJSC,EMEA,IQ24309338
Carrier Global Corporation,N. America,IQ620281
UL Solutions Inc.,N. America,IQ838935
"RB Global, Inc.",N. America,IQ381848
Red Sea International Company,EMEA,IQ24904782
"Woodward, Inc.",N. America,IQ314690
CECO Environmental Corp.,N. America,IQ247170
Enerpac Tool Group Corp.,N. America,IQ251258
Emaar Properties PJSC,EMEA,IQ8182765
InterGlobe Aviation Limited,APAC,IQ8285079
Kirloskar Brothers Limited,APAC,IQ8859544
Praj Industries Limited,APAC,IQ141129
Godrej & Boyce Manufacturing Company Limited,APAC,IQ2985204
Bajaj Auto Limited,APAC,IQ32669680
Havells India Limited,APAC,IQ9237256
TVS Holdings Limited,APAC,IQ4481656
Larsen & Toubro Limited,APAC,IQ874836
L&T Technology Services Limited,APAC,IQ256490655
TVS Motor Company Limited,APAC,IQ878598
Mahindra & Mahindra Limited,APAC,IQ878402
CG Power and Industrial Solutions Limited,APAC,IQ874738
Thermax Limited,APAC,IQ882790
Schaeffler AG,EMEA,IQ226852452
"Leidos Holdings, Inc.",N. America,IQ110741
Trivium Packaging B.V.,EMEA,IQ629129310
"Semapa - Sociedade de Investimento e Gestão, SGPS, S.A.",EMEA,IQ7234215
Public Joint Stock Company Aeroflot - Russian Airlines,EMEA,IQ2947378
"Dai Nippon Printing Co., Ltd.",APAC,IQ874054
"Recruit Holdings Co., Ltd.",APAC,IQ2862877
CMA CGM S.A.,EMEA,IQ5468463
thyssenkrupp AG,EMEA,IQ841504
Schindler Holding AG,EMEA,IQ781747
Accelleron Industries AG,EMEA,IQ31252725
Salzgitter AG,EMEA,IQ874855
ZF Friedrichshafen AG,EMEA,IQ874679
"Nissan Motor Co., Ltd.",APAC,IQ291331
Voestalpine AG,EMEA,IQ5126590
AUDI AG,EMEA,IQ874002
Volkswagen AG,EMEA,IQ377732
Traton SE,EMEA,IQ575130752
Europcar Mobility Group S.A.,EMEA,IQ36567370
AECOM,N. America,IQ701179
Benefit Systems S.A.,EMEA,IQ127137878
Elopak ASA,EMEA,IQ22675652
Skillsoft Corp.,N. America,IQ620407835
Sylvamo Corporation,N. America,IQ697354917
"Grupo Antolin-Irausa, S.A.U.",EMEA,IQ784869
Budimex SA,EMEA,IQ231533
Ferrovial SE,EMEA,IQ883809
MTR Corporation Limited,APAC,IQ875191
UPM-Kymmene Oyj,EMEA,IQ402182
Bystronic AG,EMEA,IQ874962
Deutsche Lufthansa AG,EMEA,IQ410152
PT Astra International Tbk,APAC,IQ706870
Aliaxis SA,EMEA,IQ8187211
Brenntag SE,EMEA,IQ2033420
Tarkett S.A.,EMEA,IQ20801517
Autostrade per l'Italia S.p.A.,EMEA,IQ10405454
Ferrovie dello Stato Italiane SpA,EMEA,IQ5505847
Mundys S.p.A.,EMEA,IQ875407
ENAV S.p.A.,EMEA,IQ9896437
Aeroporti di Roma S.p.A.,EMEA,IQ1588711
Randstad N.V.,EMEA,IQ682095
DRB-HICOM Berhad,APAC,IQ4217270
Getlink SE,EMEA,IQ33737463
"Delta Air Lines, Inc.",N. America,IQ266311
Transcontinental Inc.,N. America,IQ874940
Ardagh Group S.A.,EMEA,IQ264902411
"Niterra Co., Ltd.",APAC,IQ875416
Eaton Corporation plc,EMEA,IQ175265
Adient plc,EMEA,IQ332155942
Illinois Tool Works Inc.,N. America,IQ280561
Aptiv PLC,EMEA,IQ59502420
Cummins Inc.,N. America,IQ265253
"Lucid Group, Inc.",N. America,IQ83747444
International Distribution Services Limited,EMEA,IQ876551
"United Airlines Holdings, Inc.",N. America,IQ309845
International Consolidated Airlines Group S.A.,EMEA,IQ131475881
"Berry Global Group, Inc.",N. America,IQ141108755
Fortive Corporation,N. America,IQ318505463
General Electric Company,N. America,IQ177031
GE Vernova Inc.,N. America,IQ1818848396
"Tailim Packaging Co., Ltd.",APAC,IQ5689333
Toll Holdings Limited,APAC,IQ878513
Serco Group Pty Limited,APAC,IQ22760109
Boral Limited,APAC,IQ392930
Bridgestone Corporation,APAC,IQ873649
"Honda Motor Co., Ltd.",APAC,IQ278933
LOTTE Corporation,APAC,IQ2444399
"Advanced Drainage Systems, Inc.",N. America,IQ24355
PHINMA Corporation,APAC,IQ875070
"Harley-Davidson, Inc.",N. America,IQ277444
General Motors Company,N. America,IQ61206100
China Motor Corporation,APAC,IQ9221998
Fletcher Building Limited,APAC,IQ386287
Qingdao West Coast New Area Ocean Holdings Group Co.Ltd,APAC,IQ631214769
"d'Alba Global Co., Ltd.",APAC,IQ1890593102
Chung Ho Nais Co. Ltd,APAC,IQ23037391
Dh Global Co. Ltd,APAC,IQ331958318
LG Electronics India Limited,APAC,IQ8865416
"Aux Electric Co., Ltd.",APAC,IQ1956119578
GDH Supertime Group Company Limited,APAC,IQ1672266534
"Oriental Brewery Co., Ltd.",APAC,IQ968247
"3M Korea, Ltd.",APAC,IQ5523583
Hankook EMC Computer Systems Chusik Hoesa,APAC,IQ98371412
Premier Foods Group Limited,EMEA,IQ53849162
Hoa Phat Agriculture Development Joint Stock Company,APAC,IQ1966532250
Rainbow Chicken Limited,EMEA,IQ1873501141
SOC Caves Producteurs Reunis Roquefort,EMEA,IQ5490662
"Kilcoy Global Foods, Ltd.",APAC,IQ1757431004
Kundan Minerals and Metals Limited,APAC,IQ20480151
"Nonghyup Feed, Inc.",APAC,IQ47077325
Nestlé Hungária Kft.,EMEA,IQ5567249
"Cargill Agri Purina, Inc.",APAC,IQ54541262
Advanced Fresh Concepts Franchise Corp.,N. America,IQ1917377309
Platform Bidco Limited,EMEA,IQ718855782
Buchun village farming accounting Corp.,APAC,IQ1956424109
Canada Packers Inc.,N. America,IQ1951599585
Premier Group Limited,EMEA,IQ43966358
"Lushang Freda Pharmaceutical Co.,Ltd.",APAC,IQ12763496
JS Global Lifestyle Company Limited,APAC,IQ639004385
Goodman Fielder Pty Limited,APAC,IQ677550
RLX Technology Inc.,APAC,IQ699936631
"Viomi Technology Co., Ltd",APAC,IQ579118862
"Shenzhen Cereals Holdings Co.,Ltd.",APAC,IQ8080815
"Shandong Longda Meishi Co., Ltd.",APAC,IQ54114165
"Jinjian Cereals Industry Co.,Ltd.",APAC,IQ9776619
Oriflame Holding AG,EMEA,IQ124636
Pitney Bowes Inc.,N. America,IQ297018
"Beijing Shunxin Agriculture Co.,Ltd",APAC,IQ5705497
"Nanfang Black Sesame Group Co.,Ltd.",APAC,IQ11418931
"Cricut, Inc.",N. America,IQ4319784
"Nu Skin Enterprises, Inc.",N. America,IQ352094
"Calavo Growers, Inc.",N. America,IQ2765632
"Xiamen Comfort Science&Technology Group Co., Ltd",APAC,IQ37892791
Kimberly-Clark Pacific Holdings Pty Limited,APAC,IQ22400128
"WW International, Inc.",N. America,IQ754046
"Bestore Co.,Ltd",APAC,IQ572625300
HKFoods Oyj,EMEA,IQ883753
"Hainan Jingliang Holdings Co., Ltd.",APAC,IQ883372
"Shenzhen Fenda Technology Co., Ltd.",APAC,IQ204880782
PT Gudang Garam Tbk,APAC,IQ6388015
"Zhanjiang Guolian Aquatic Products Co., Ltd.",APAC,IQ50884641
"Pengdu Agriculture & Animal Husbandry Co.,Ltd.",APAC,IQ113870819
Shimano Inc.,APAC,IQ878671
"Kawai Musical Instruments Manufacturing Co., Ltd.",APAC,IQ880657
Earth Corporation,APAC,IQ3428769
"SK Magic Co., Ltd",APAC,IQ5600656
"Giant Manufacturing Co., Ltd.",APAC,IQ9549315
ZJLD Group Inc,APAC,IQ1826737581
"Shanghai Yaoji Technology Co., Ltd.",APAC,IQ126949367
Callaway Golf Company,N. America,IQ25981
"Xiwang Foodstuffs Co.,Ltd.",APAC,IQ46513615
BAT South Pty Ltd,APAC,IQ317230713
"Beijing Sanyuan Foods Co., Ltd.",APAC,IQ5722756
Yatsen Holding Limited,APAC,IQ693574910
"Lock&Lock Co., Ltd.",APAC,IQ54140747
"Sigma Foods, S.A.B. de C.V.",N. America,IQ874230
"Nihon Shokuhin Kako Co., Ltd.",APAC,IQ883366
PT Unilever Indonesia Tbk,APAC,IQ6140557
Bénéteau S.A.,EMEA,IQ4317478
Venky's (India) Limited,APAC,IQ12704330
"Opple Lighting Co.,LTD",APAC,IQ128161810
"Joyoung Co.,Ltd",APAC,IQ45316546
"XIANGPIAOPIAO Food Co.,Ltd",APAC,IQ60861185
RCL Foods Limited,EMEA,IQ877629
"Traeger, Inc.",N. America,IQ1673203795
"Fujicco Co., Ltd.",APAC,IQ882425
Standard Foods Corporation,APAC,IQ882370
Amorepacific Corporation,APAC,IQ25330813
China Feihe Limited,APAC,IQ431778099
"Aishida Co., Ltd",APAC,IQ103415631
"KleanNara Co., Ltd.",APAC,IQ4458113
"Jiangsu Yanghe Distillery Co., Ltd.",APAC,IQ61639513
"V V Food & Beverage Co.,Ltd",APAC,IQ5632262
"Bright Food (Group) Co., Ltd.",APAC,IQ37242192
Yantai Changyu Pioneer Wine Company Limited,APAC,IQ883399
Chong Kun Dang Healthcare Corp.,APAC,IQ83970363
"Jiangsu Yanghe Group Co., Ltd.",APAC,IQ47824859
Bajaj Hindusthan Sugar Limited,APAC,IQ8665405
Beijing Capital Agribusiness & Food Group,APAC,IQ79161126
"Tech-Bank Food Co., Ltd.",APAC,IQ32386736
PT Uni-Charm Indonesia Tbk,APAC,IQ30938635
"Sturm, Ruger & Company, Inc.",N. America,IQ305647
"Bright Dairy & Food Co.,Ltd",APAC,IQ5533215
KIDO Group Corporation,APAC,IQ12763519
"Shanghai Jahwa United Co., Ltd.",APAC,IQ5575384
"Lifetime Brands, Inc.",N. America,IQ315654
ACCO Brands Corporation,N. America,IQ4184604
"RIZAP GROUP, Inc.",APAC,IQ26976863
IG Design Group plc,EMEA,IQ881407
Taiwan Tobacco & Liquor Corporation,APAC,IQ12413151
S.T. Corporation,APAC,IQ879020
"Byhealth Co., Ltd",APAC,IQ109409670
H.J. Heinz Company (New Zealand),APAC,IQ271775542
"Malibu Boats, Inc.",N. America,IQ4289434
Rémy Cointreau SA,EMEA,IQ877136
"Zhejiang Yasha Decoration Co.,Ltd",APAC,IQ75923045
"Kolmar Holdings Co.,Ltd.",APAC,IQ9237758
Hagoromo Foods Corporation,APAC,IQ5490649
Four Seas Mercantile Holdings Limited,APAC,IQ878358
"Globeride, Inc.",APAC,IQ874305
"Natori Co., Ltd.",APAC,IQ5546702
"USANA Health Sciences, Inc.",N. America,IQ367118
"Shenzhen Kingsino Technology Co.,Ltd.",APAC,IQ51118136
"Ezaki Glico Co., Ltd.",APAC,IQ877366
"Kobayashi Pharmaceutical Co., Ltd.",APAC,IQ2445581
"Marudai Food Co., Ltd.",APAC,IQ874376
China Starch Holdings Limited,APAC,IQ36844597
"MEGMILK SNOW BRAND Co.,Ltd.",APAC,IQ109230640
"Yotrio Group Co., Ltd.",APAC,IQ59263363
"Suqian Industry Development Group Co., Ltd.",APAC,IQ181919563
"AUCMA Co.,Ltd.",APAC,IQ5422215
Bajaj Electricals Limited,APAC,IQ10437864
"Namyang Dairy Products Co., Ltd",APAC,IQ5503926
Lion NZ Limited,APAC,IQ263903676
Amica S.A.,EMEA,IQ5566077
"Whirlpool China Co., Ltd.",APAC,IQ20344053
Ausnutria Dairy Corporation Ltd,APAC,IQ67071349
"Toly Bread Co.,Ltd.",APAC,IQ262845543
Avadh Sugar & Energy Limited,APAC,IQ291544995
"Juewei Food Co., Ltd.",APAC,IQ206796563
"Shede Spirits Co., Ltd.",APAC,IQ12458864
Corona Corporation,APAC,IQ5491756
Maple Leaf Foods Inc.,N. America,IQ873773
"EBARA Foods Industry,Inc.",APAC,IQ9261940
"KOLMAR BNH Co.,Ltd.",APAC,IQ111617132
Glanbia plc,EMEA,IQ875682
Matthews International Corporation,N. America,IQ335798
Zhou Hei Ya International Holdings Company Limited,APAC,IQ406473162
S&B Foods Inc.,APAC,IQ883479
"Merida Industry Co., Ltd.",APAC,IQ12763724
"Meiji Holdings Co., Ltd.",APAC,IQ71516224
"Hebei Yangyuan ZhiHui Beverage Co., Ltd.",APAC,IQ130413328
"Advanced International Multitech Co., Ltd.",APAC,IQ9857601
"Morinaga Milk Industry Co., Ltd.",APAC,IQ878406
"Henan Shuanghui Investment & Development Co.,Ltd.",APAC,IQ5547193
KOSE Holdings Corporation,APAC,IQ2445977
"Beijing Shunxin Agriculture Development Group Co., Ltd",APAC,IQ282973591
"Formosa Oilseed Processing Co., Ltd.",APAC,IQ9754577
"Jonjee Hi-Tech Industrial and Commercial Holding Co.,Ltd",APAC,IQ5685707
Lam Soon (Hong Kong) Limited,APAC,IQ8192151
TAKKT AG,EMEA,IQ668927
"Oenon Holdings, Inc.",APAC,IQ879668
"Prima Meat Packers, Ltd.",APAC,IQ874463
Yamaha Corporation,APAC,IQ875289
Goodman Fielder New Zealand Limited,APAC,IQ28387549
Micro Office Company Ltd.,APAC,IQ52669590
Noritz Corporation,APAC,IQ876187
Kibun Foods Inc.,APAC,IQ5491791
"Hokkaido Coca-Cola Bottling Co.,Ltd.",APAC,IQ879639
DaChan Food (Asia) Limited,APAC,IQ37216224
"Fujiya Co., Ltd.",APAC,IQ876061
"Ahjikan Co., Ltd.",APAC,IQ5551471
NittoBest Corporation,APAC,IQ883885
Johnson Outdoors Inc.,N. America,IQ282032
Korea Ginseng Corp.,APAC,IQ28544423
"New Hope Group Co., Ltd.",APAC,IQ10203595
Lion Corporation,APAC,IQ876045
Lion Pty Ltd,APAC,IQ114608820
"Shandong Delisi Food Co., Ltd.",APAC,IQ83154963
Budweiser Brewing Company APAC Limited,APAC,IQ620677159
Dongsuh Food Corporation,APAC,IQ5504149
Saigon Beer - Alcohol - Beverage Corporation,APAC,IQ10837992
"South Dakota Soybean Processors, LLC",N. America,IQ3569390
"Shanghai Bright Meat Group Co., Ltd.",APAC,IQ9845330
Bourbon Corporation,APAC,IQ5490101
"MGP Ingredients, Inc.",N. America,IQ288133
"Guangbo Group Stock Co., Ltd.",APAC,IQ30715039
"Fwusow Industry Co., Ltd.",APAC,IQ11481798
Nippn Corporation,APAC,IQ875692
"Nichiban Co., Ltd.",APAC,IQ880824
"Sanquan Food Co., Ltd.",APAC,IQ40372063
Pigeon Corporation,APAC,IQ882336
"J-Oil Mills, Inc.",APAC,IQ9221389
Zojirushi Corporation,APAC,IQ5503809
"Anhui Kouzi Distillery Co., Ltd.",APAC,IQ303566861
"Latham Group, Inc.",N. America,IQ709936594
Cleanup Corporation,APAC,IQ880299
Herbalife Ltd.,N. America,IQ9938532
"Showa Sangyo Co., Ltd.",APAC,IQ874505
Joy Kie Corporation Limited,APAC,IQ49650407
Kao Corporation,APAC,IQ873799
F.I.L.A. - Fabbrica Italiana Lapis ed Affini S.p.A.,EMEA,IQ621538
"Chongqing Fuling Zhacai Group Co., Ltd.",APAC,IQ114397664
"Yakult Honsha Co.,Ltd.",APAC,IQ881065
"Noevir Holdings Co., Ltd.",APAC,IQ4492977
"Great Wall Enterprise Co., Ltd.",APAC,IQ11149950
"TheFaceShop Co., Ltd.",APAC,IQ23482518
China Resources Beverage (Holdings) Company Limited,APAC,IQ1764717953
"Funko, Inc.",N. America,IQ539897555
Starzen Company Limited,APAC,IQ875828
"SYoung Group Co., Ltd.",APAC,IQ537946668
NongHyup Agribusiness Group Inc.,APAC,IQ173519049
Unicharm Corporation,APAC,IQ880918
"Zhejiang Huatong Meat Products Co., Ltd.",APAC,IQ272439114
"Shanghai Flyco Electrical Appliance Co., Ltd.",APAC,IQ263371964
Samyang Holdings Corporation,APAC,IQ5515919
"B&G Foods, Inc.",N. America,IQ6631173
"Premium Water Holdings,Inc.",APAC,IQ58100677
"Nippon Beet Sugar Manufacturing Co.,Ltd.",APAC,IQ879758
"Ito En, Ltd.",APAC,IQ4509036
"Riken Vitamin Co., Ltd.",APAC,IQ883420
Goodbaby International Holdings Limited,APAC,IQ115573972
"Taisun Enterprise Co., Ltd.",APAC,IQ12721400
"Feed One Co.,Ltd.",APAC,IQ265815469
"Warabeya Nichiyo Holdings Co., Ltd.",APAC,IQ883960
"Coca Cola Beverage Co., Ltd.",APAC,IQ5885378
Pilot Corporation,APAC,IQ875750
Alpha Group,APAC,IQ48718205
Vitasoy International Holdings Limited,APAC,IQ878407
House Foods Group Inc.,APAC,IQ875759
"Kanemi Co., Ltd.",APAC,IQ5502750
"GOLFZON Co., Ltd.",APAC,IQ291514172
Itoham Yonekyu Holdings Inc.,APAC,IQ320586924
"KENKO Mayonnaise Co.,Ltd.",APAC,IQ5522583
"Guangdong Yuehai Feeds Group Co.,Ltd.",APAC,IQ49215944
Hey Song Corporation,APAC,IQ9571469
"Nichimo Co., Ltd.",APAC,IQ880892
PT Salim Ivomas Pratama Tbk,APAC,IQ58699915
Indofood Agri Resources Ltd.,APAC,IQ28071086
"Yamazaki Baking Co., Ltd.",APAC,IQ875679
TTK Prestige Limited,APAC,IQ9637613
Kewpie Corporation,APAC,IQ245700
Central Garden & Pet Company,N. America,IQ325333
"Shinobu Foods Products Co., Ltd.",APAC,IQ5555119
Brunswick Corporation,N. America,IQ171649
"JAKKS Pacific, Inc.",N. America,IQ371382
A.C.N. 166 119 133 Pty Ltd,APAC,IQ594447379
Kerry Group plc,EMEA,IQ876221
"Miyoshi Oil & Fat Co., Ltd.",APAC,IQ880602
Rinnai Corporation,APAC,IQ880835
Hamilton Beach Brands Holding Company,N. America,IQ534937823
Emperador Inc.,APAC,IQ32677790
"Nitto Fuji Flour Milling Co.,Ltd.",APAC,IQ880844
Okamura Corporation,APAC,IQ877011
Grape King Bio Ltd,APAC,IQ9709002
"Cosmax BTI, Inc.",APAC,IQ9549228
Chervon Holdings Limited,APAC,IQ22399165
Roland Corporation,APAC,IQ883122
TTET Union Corporation,APAC,IQ9794179
Nigerian Breweries Plc,EMEA,IQ10393508
Umios Corporation,APAC,IQ874365
Want Want China Holdings Limited,APAC,IQ882034
"Morinaga&Co., Ltd.",APAC,IQ876948
"Guangdong Vanward New Electric Co., Ltd.",APAC,IQ117152660
"Haitai Confectionery&Foods Co.,ltd.",APAC,IQ245257034
"C&S Paper Co.,Ltd",APAC,IQ113893156
"Milbon Co., Ltd.",APAC,IQ5686367
"Take and Give. Needs Co., Ltd",APAC,IQ8292646
Alliance Group Limited,APAC,IQ1017333
"Kyokuyo Co., Ltd.",APAC,IQ880050
Thai Vegetable Oil Public Company Limited,APAC,IQ4508787
"Yunnan Energy Investment Co., Ltd.",APAC,IQ27810011
"Hitejinro Holdings Co., Ltd.",APAC,IQ2761924
"ARIAKE JAPAN Co., Ltd.",APAC,IQ883773
Nisshin Seifun Group Inc.,APAC,IQ874802
"Aekyung Industrial Co., Ltd.",APAC,IQ5554809
Smoore International Holdings Limited,APAC,IQ259869166
Nestlé Australia Ltd,APAC,IQ12722296
"Chen Ke Ming Food Manufacturing Co., Ltd.",APAC,IQ171130357
"Baolingbao Biology Co.,Ltd.",APAC,IQ54292712
"SPC Samlip Co., Ltd.",APAC,IQ5664791
"Imuraya Group Co., Ltd.",APAC,IQ883492
Tiger Brands Limited,EMEA,IQ874825
Reynolds American Inc.,N. America,IQ399584
"Yuen Foong Yu Consumer Products Co., Ltd.",APAC,IQ652658541
AustAsia Group Ltd.,APAC,IQ256116136
Minh Phu Seafood Joint Stock Company,APAC,IQ28896049
Nestlé Nigeria Plc,EMEA,IQ20357184
"CROWNHAITAI Holdings Co.,Ltd.",APAC,IQ6463537
DB Breweries Limited,APAC,IQ10050112
Mars Wrigley Australia Holdings Pty Ltd,APAC,IQ128170222
"Guangxi Rural Investment Sugar Industry Group Co., Ltd",APAC,IQ5922495
"Altria Group, Inc.",N. America,IQ296308
Thule Group AB (publ),EMEA,IQ6464898
"The Boston Beer Company, Inc.",N. America,IQ339946
"Sato Foods Co., Ltd.",APAC,IQ5718656
"Mitsui DM Sugar Co.,Ltd.",APAC,IQ880505
"Zhejiang Supor Co., Ltd.",APAC,IQ12752582
Masan Consumer Corporation,APAC,IQ128462725
Procter & Gamble Hygiene and Health Care Limited,APAC,IQ882750
"UE Furniture Co., Ltd.",APAC,IQ61402703
Polaris Inc.,N. America,IQ297441
Colgate-Palmolive (India) Limited,APAC,IQ878154
"Crown Confectionery Co., Ltd.",APAC,IQ411451210
Sato Corporation,APAC,IQ882438
GENERAL Inc.,APAC,IQ881211
"Zhoushan Marine Comprehensive Development and Investment Co.,Ltd",APAC,IQ274218724
"Namchow Food Group (Shanghai) Co., Ltd.",APAC,IQ572200390
S Foods Inc.,APAC,IQ5503996
Tingyi (Cayman Islands) Holding Corp.,APAC,IQ882047
Takara Holdings Inc.,APAC,IQ877388
PIA Corporation,APAC,IQ6454699
Wei Chuan Foods Corporation,APAC,IQ12963126
Itoki Corporation,APAC,IQ878836
Tsingtao Brewery Company Limited,APAC,IQ103292
Treasury Wine Estates Limited,APAC,IQ128792870
Nissui Corporation,APAC,IQ873826
"Mattel, Inc.",N. America,IQ31197
Vedan International (Holdings) Limited,APAC,IQ8332989
"Maeil Dairies Co., Ltd.",APAC,IQ410690581
"Kirin Holdings Company, Limited",APAC,IQ410455
"Calbee, Inc.",APAC,IQ126883551
"Inner Mongolia Yili Industrial Group Co., Ltd.",APAC,IQ20383702
Sajo Industries Company Limited,APAC,IQ5632973
Mandom Corporation,APAC,IQ880895
"Yantai Shuangta Food Co., Ltd.",APAC,IQ52137912
"Energizer Holdings, Inc.",N. America,IQ262857074
PT Hanjaya Mandala Sampoerna Tbk,APAC,IQ878418
Universal Entertainment Corporation,APAC,IQ882880
Vorwerk SE & Co. KG,EMEA,IQ875209
"LEC, Inc.",APAC,IQ5457928
"Korea Yakult Co., Ltd.",APAC,IQ5491216
Sanford Limited,APAC,IQ515086
Vatti Corporation Limited,APAC,IQ6508035
V-ZUG Holding AG,EMEA,IQ672745411
"The Nisshin OilliO Group,Ltd.",APAC,IQ877077
Emami Limited,APAC,IQ20342879
Service Corporation International,N. America,IQ302617
Osotspa Public Company Limited,APAC,IQ5540834
"Guangdong Xinbao Electrical Appliances Holdings Co., Ltd",APAC,IQ49642505
Dabur India Limited,APAC,IQ881258
Hengan International Group Company Limited,APAC,IQ4493045
"Charoen Pokphand Enterprise (Taiwan) Co., Ltd.",APAC,IQ11500558
Kellogg Australia Holdings Pty Ltd,APAC,IQ10758315
Yihai International Holding Ltd.,APAC,IQ368144726
China Foods Limited,APAC,IQ2561867
SEB SA,EMEA,IQ874364
"Gree Electric Appliances, Inc. of Zhuhai",APAC,IQ9777433
"Chongqing Brewery Co., Ltd.",APAC,IQ5422008
Guangdong Donlim Kitchen Group Company Limited,APAC,IQ13011244
"Daehan Flour Mills Co.,Ltd",APAC,IQ5566543
"Sunjin Co.,Ltd.",APAC,IQ114402449
"Pulmuone Foods Co., Ltd.",APAC,IQ47731478
WH Group Limited,APAC,IQ243152977
"Harim Holdings Co., Ltd.",APAC,IQ137479976
"Namchow Holdings Co., Ltd.",APAC,IQ6655663
"Nissin Foods Holdings Co.,Ltd.",APAC,IQ874476
"Toyo Suisan Kaisha, Ltd.",APAC,IQ874950
China Resources Beer (Holdings) Company Limited,APAC,IQ878283
Avanti Feeds Limited,APAC,IQ20333293
Spin Master Corp.,N. America,IQ22337418
"Smithfield Foods, Inc.",N. America,IQ303885
"Samsung Electronics Service Co., Ltd.",APAC,IQ30942880
Lactalis Australia Pty Ltd,APAC,IQ8983163
Nissin Foods Company Limited,APAC,IQ6123173
KT&G Corporation,APAC,IQ2456724
Whirlpool of India Limited,APAC,IQ957412
Emak S.p.A.,EMEA,IQ5664605
"Hangzhou Robam Appliances Co., Ltd.",APAC,IQ54226679
Ecolab Pty Limited,APAC,IQ26752329
Daesang Corporation,APAC,IQ2111085
Three Squirrels Inc.,APAC,IQ242077670
D.E Holding Australia Pty Ltd,APAC,IQ22369739
"Shanghai Bairun Investment Holding Group Co., Ltd.",APAC,IQ127388713
Fleury Michon SA,EMEA,IQ427401
PT Siantar Top Tbk,APAC,IQ882279
"Hanil Feed Co., Ltd.",APAC,IQ9548470
Seaboard Corporation,N. America,IQ188312
PT Central Proteina Prima Tbk,APAC,IQ10348945
Goodstart Early Learning Ltd,APAC,IQ126889490
Lien Hwa Industrial Holdings Corporation,APAC,IQ9846046
PT Indofood Sukses Makmur Tbk,APAC,IQ879610
"HARIM Co., Ltd.",APAC,IQ118958081
"Ningbo Future Houseware Co.,Ltd",APAC,IQ131000944
"Dorco Co., Ltd.",APAC,IQ30445605
"Mitsubishi Pencil Co., Ltd.",APAC,IQ880650
Sega Sammy Holdings Inc.,APAC,IQ1470889
"Yibin Development Holding Group Co., Ltd",APAC,IQ27813268
Hanoi Beer Alcohol and Beverage Joint Stock Corporation,APAC,IQ22513188
KOIKE-YA Inc.,APAC,IQ10062259
"DyDo Group Holdings, Inc.",APAC,IQ5478709
"Binggrae Co., Ltd.",APAC,IQ5505308
National Beverage Corp.,N. America,IQ321690
"Zhejiang Yiming Food Co., Ltd.",APAC,IQ625729668
"Shanghai Kaichuang Marine International Co., Ltd.",APAC,IQ9734975
UBASE INC.,APAC,IQ30422350
"Hebei Hengshui Laobaigan Liquor Co., Ltd.",APAC,IQ9768806
Lisi Group (Holdings) Limited,APAC,IQ881165
Taiwan Sugar Corporation,APAC,IQ9563176
"Kameda Seika Co.,Ltd.",APAC,IQ5496016
Unibel S.A.,EMEA,IQ4481461
Libstar Holdings Limited,EMEA,IQ311719215
"Silla Co.,Ltd",APAC,IQ5721403
Molson Coors Beverage Company,N. America,IQ263765
Agropur Dairy Cooperative,N. America,IQ875112
"Dongwon F&B Co., Ltd.",APAC,IQ6461466
Inghams Group Limited,APAC,IQ404559091
The Procter & Gamble Company,N. America,IQ33328
"Del Monte Philippines, Inc.",APAC,IQ5583158
"Nongshim Co., Ltd.",APAC,IQ2488883
"Tangrenshen Group Co., Ltd",APAC,IQ6464618
Scandinavian Tobacco Group A/S,EMEA,IQ874445
Nestle New Zealand Limited,APAC,IQ5606944
Japan Tobacco Inc.,APAC,IQ878471
"MillerKnoll, Inc.",N. America,IQ29431
"Ningbo Fujia Industrial Co., Ltd.",APAC,IQ52164331
Suntory Beverage & Food New Zealand Limited,APAC,IQ252841423
"Cofco Sugar Holding CO.,LTD.",APAC,IQ5557272
"Shandong Sanxing Group Co.,Ltd.",APAC,IQ108330543
Mizuno Corporation,APAC,IQ875554
Wilmar Sugar Australia Limited,APAC,IQ67294460
Bonduelle SCA,EMEA,IQ883839
"Daesang Holdings Co., Ltd.",APAC,IQ28852602
InvoCare Limited,APAC,IQ9383450
Otoki Corporation,APAC,IQ5491397
Pulmuone Corporate,APAC,IQ5567236
Bel SA,EMEA,IQ874794
Blue Moon Group Holdings Limited,APAC,IQ695297229
"Shanghai Ziyan Foods Co., Ltd.",APAC,IQ689262142
"Cuckoo Holdings Co., Ltd.",APAC,IQ22932310
JeilFeed Corporation,APAC,IQ5663206
Flour Mills of Nigeria PLC,EMEA,IQ12506031
Foshan Haitian Flavouring and Food Company Ltd.,APAC,IQ26590018
"Shenzhen Comix Group Co., Ltd.",APAC,IQ40848242
Balrampur Chini Mills Limited,APAC,IQ8080999
CPF (Thailand) Public Company Limited,APAC,IQ182161349
"DAEKYUNG Oil&Transportation Co., Ltd.",APAC,IQ99862340
Leverandørselskabet Danish Crown AmbA,EMEA,IQ877273
"McCormick & Company, Incorporated",N. America,IQ181176
Jyothy Labs Limited,APAC,IQ1051666
Kikkoman Corporation,APAC,IQ810173
"Kukbo Design Co., Ltd.",APAC,IQ9616129
PT Indofood CBP Sukses Makmur Tbk,APAC,IQ84154938
First Pacific Company Limited,APAC,IQ410966
Synlait Milk Limited,APAC,IQ52132694
"Kingclean Electric Co.,Ltd",APAC,IQ23022576
Health and Happiness (H&H) International Holdings Limited,APAC,IQ116397802
ORIOR AG,EMEA,IQ5553867
PT Ultrajaya Milk Industry & Trading Company Tbk,APAC,IQ4492956
"Luoniushan Co., Ltd.",APAC,IQ9845883
MLC Wealth Limited,APAC,IQ5702914
The J. M. Smucker Company,N. America,IQ303591
"FuSheng Precision Co., Ltd.",APAC,IQ539018098
"Chacha Food Company, Limited",APAC,IQ113584090
ITC Limited,APAC,IQ878153
Petchsrivichai Enterprise Public Company Limited,APAC,IQ1830955700
"Kagome Co., Ltd.",APAC,IQ880391
AlphaPurchase Corporation,APAC,IQ9753575
San Miguel Brewery Inc.,APAC,IQ43285898
Société BIC SA,EMEA,IQ874421
The Bombay Burmah Trading Corporation Limited,APAC,IQ9438335
Uni-President China Holdings Ltd,APAC,IQ38966452
Controladora mabe S.A. de C.V.,N. America,IQ23419045
Gokul Refoils & Solvent Limited,APAC,IQ23316994
AVI Limited,EMEA,IQ875435
"Nestlé Holdings, Inc.",N. America,IQ2846570
BANDAI NAMCO Holdings Inc.,APAC,IQ409828
"New Hope Dairy Co., Ltd.",APAC,IQ84007088
Dalmia Bharat Sugar and Industries Limited,APAC,IQ10065148
"Springsnow Food Group Co., Ltd.",APAC,IQ704800596
Vinh Hoan Corporation,APAC,IQ39650522
"Interface, Inc.",N. America,IQ178946
Mezzan Holding Company K.S.C.P.,EMEA,IQ248675463
Sano Bruno's Enterprises Ltd,EMEA,IQ3433523
"Wuliangye Yibin Co.,Ltd.",APAC,IQ5491748
Hero AG,EMEA,IQ873939
ORION Holdings Corp.,APAC,IQ881720
"FarmStory Co., Ltd.",APAC,IQ20502300
"Noritsu Koki Co., Ltd.",APAC,IQ882077
Nomad Foods Limited,EMEA,IQ240584396
ORION Corp.,APAC,IQ410747052
"Deoleo, S.A.",EMEA,IQ873689
"Beingmate Co., Ltd.",APAC,IQ30608223
Charoen Pokphand Foods Public Company Limited,APAC,IQ694640
High Liner Foods Incorporated,N. America,IQ873908
Bega Cheese Limited,APAC,IQ5440962
"San Miguel Food and Beverage, Inc.",APAC,IQ5525956
Key Coffee Inc.,APAC,IQ882237
"Zhenjiang Dongfang Electric Heating Technology Co.,Ltd",APAC,IQ129189061
Atria Oyj,EMEA,IQ675207
"Yangjiang City Investment Group Co.,Ltd.",APAC,IQ214699962
Tereos,EMEA,IQ6562594
Seneca Foods Corporation,N. America,IQ302863
Südzucker AG,EMEA,IQ675195
AWL Agri Business Limited,APAC,IQ22613862
QAF Limited,APAC,IQ878167
KRBL Limited,APAC,IQ20350886
Thai President Foods Public Company Limited,APAC,IQ7641569
Acushnet Holdings Corp.,N. America,IQ215373840
"Guangzhou Zhujiang Brewery Co., Ltd",APAC,IQ10741140
Lian Hwa Foods Corporation,APAC,IQ9844223
Daikin Australia Pty Ltd,APAC,IQ27146676
Japfa Ltd.,APAC,IQ269321677
Asian Sea Corporation Public Company Limited,APAC,IQ5718481
Cheng De Lolo Company Limited,APAC,IQ5639217
Mackay Sugar Limited,APAC,IQ12367575
"TOMY Company, Ltd.",APAC,IQ883990
Taiwan Sakura Corporation,APAC,IQ9849436
PPB Group Berhad,APAC,IQ874576
Dabaco Group Joint Stock Company,APAC,IQ45562261
Tsingtao Brewery Group Company Limited,APAC,IQ45316253
AGRANA Beteiligungs-Aktiengesellschaft,EMEA,IQ881686
East African Breweries PLC,EMEA,IQ5523125
RFM Corporation,APAC,IQ133265
Saputo Inc.,N. America,IQ619981
Asahi Holdings (Australia) Pty Ltd,APAC,IQ112330896
"Delica Foods Holdings Co., Ltd.",APAC,IQ24547612
"Euglena Co., Ltd.",APAC,IQ61899053
Cosumar SA,EMEA,IQ5540970
Gillette India Limited,APAC,IQ9872059
"Jiangsu Yike Food Group Co.,Ltd",APAC,IQ579406811
Breville Group Limited,APAC,IQ4493503
Strauss Group Ltd.,EMEA,IQ876816
"Utz Brands, Inc.",N. America,IQ537972493
ADT Inc.,N. America,IQ33386
Astral Foods Limited,EMEA,IQ8179849
Premier Foods plc,EMEA,IQ2125079
Hilton Food Group plc,EMEA,IQ5542559
"Fujian Sunner Development Co., Ltd.",APAC,IQ66783175
Nestlé (Malaysia) Berhad,APAC,IQ5875190
Nestlé India Limited,APAC,IQ877826
AAK AB (publ.),EMEA,IQ123829
Delfi Limited,APAC,IQ5632957
Savencia SA,EMEA,IQ876363
Philip Morris CR a.s.,EMEA,IQ882726
"Ebro Foods, S.A.",EMEA,IQ883151
"Cosmax, Inc.",APAC,IQ250857782
"Becle, S.A.B. de C.V.",N. America,IQ279126559
"Hisense Home Appliances Group Co., Ltd.",APAC,IQ108683
WD-40 Company,N. America,IQ312452
Austevoll Seafood ASA,EMEA,IQ27488652
Pelagia Holding AS,EMEA,IQ376761630
Dream International Limited,APAC,IQ5698615
Pilgrim's Pride Corporation,N. America,IQ296917
Uni-President Enterprises Corp.,APAC,IQ874873
Hatsun Agro Product Limited,APAC,IQ20344013
P/F Bakkafrost,EMEA,IQ60013463
Samkoo Inc.,APAC,IQ53507338
International N&H Denmark ApS,EMEA,IQ876146
"Rohto Pharmaceutical Co.,Ltd.",APAC,IQ881081
The Tatua Co-operative Dairy Company Limited,APAC,IQ23050033
Fraser & Neave Holdings Bhd,APAC,IQ879218
"Shandong Fengxiang Co., Ltd",APAC,IQ26519811
Steelcase Inc.,N. America,IQ379037
Bakkavor Group plc,EMEA,IQ9193335
Leong Hup International Berhad,APAC,IQ277872232
"CoCreation Grass Co., Ltd",APAC,IQ236055075
PT Garudafood Putra Putri Jaya Tbk,APAC,IQ30995692
"Tongxiang State-owned Capital Investment and Operation Co., Ltd.",APAC,IQ241485022
COFCO Joycome Foods Limited,APAC,IQ405008808
"Fraser and Neave, Limited",APAC,IQ874298
BCL Industries Limited,APAC,IQ20333704
"John B. Sanfilippo & Son, Inc.",N. America,IQ322070
J&J Snack Foods Corp.,N. America,IQ281651
Aucnet Inc.,APAC,IQ5661987
"Tootsie Roll Industries, Inc.",N. America,IQ308896
"Shandong Yisheng Livestock & Poultry Breeding Co., Ltd.",APAC,IQ100764003
"Baiyang Investment Group, Inc.",APAC,IQ170217516
"Anhui Yingjia Distillery Co., Ltd.",APAC,IQ48668975
"Viscofan, S.A.",EMEA,IQ878051
FRoSTA Aktiengesellschaft,EMEA,IQ879824
Shanghai M&G Stationery Inc.,APAC,IQ136736505
Bellon S.A.,EMEA,IQ51176832
Essity AB (publ),EMEA,IQ403212338
Oatly Group AB,EMEA,IQ685045828
"Coca-Cola Consolidated, Inc.",N. America,IQ526813
HNI Corporation,N. America,IQ278446
PT Sinar Mas Agro Resources and Technology Tbk,APAC,IQ878197
Ulusoy Un Sanayi ve Ticaret A.S.,EMEA,IQ47018843
"Frontdoor, Inc.",N. America,IQ576104379
"Lotte Chilsung Beverage Co., Ltd.",APAC,IQ2444396
Carlsberg Brewery Malaysia Berhad,APAC,IQ874829
Bell Food Group AG,EMEA,IQ874881
Heineken Holding N.V.,EMEA,IQ5870004
Khon Kaen Sugar Industry Public Company Limited,APAC,IQ21811763
NH Foods Australia Pty Limited,APAC,IQ22498797
Rogers Sugar Inc.,N. America,IQ882178
"YETI Holdings, Inc.",N. America,IQ329268834
Scandi Standard AB (publ),EMEA,IQ247903518
Einhell Germany AG,EMEA,IQ879680
JBS N.V.,EMEA,IQ5491205
Lesieur Cristal S.A.,EMEA,IQ5542174
Carabao Group Public Company Limited,APAC,IQ268998437
"Bear Electric Appliance Co.,Ltd.",APAC,IQ568097823
"Cosmecca Korea Co., Ltd.",APAC,IQ100252318
"Century Pacific Food, Inc.",APAC,IQ262025927
MSA Safety Incorporated,N. America,IQ288318
Cloetta AB (publ),EMEA,IQ13290394
McBride plc,EMEA,IQ881857
CAB Cakaran Corporation Berhad,APAC,IQ11064618
DEKRA SE,EMEA,IQ5480802
"Kimberly-Clark de México, S. A. B. de C. V.",N. America,IQ877907
Emmi AG,EMEA,IQ9010996
"Ningbo Dechang Electrical Machinery Made Co., Ltd.",APAC,IQ115833457
"Hangzhou Greatstar Industrial Co., Ltd",APAC,IQ47685586
IFB Industries Limited,APAC,IQ20344953
PT Diamond Food Indonesia Tbk,APAC,IQ651072654
Dutch Lady Milk Industries Berhad,APAC,IQ4481319
"Fuji Oil Co., Ltd.",APAC,IQ874126
Mowi ASA,EMEA,IQ884283
WEILONG Delicious Global Holdings Ltd,APAC,IQ1758625525
Vestel Beyaz Esya Sanayi ve Ticaret A.S.,EMEA,IQ25409412
Sao Ta Foods Joint Stock Company,APAC,IQ30491266
"Henan Huaying Agricultural Development Co., Ltd.",APAC,IQ82030312
Thanh Thanh Cong - Bien Hoa Joint Stock Company,APAC,IQ34009340
Malayan Flour Mills Berhad,APAC,IQ4456363
Mewah International Inc.,APAC,IQ115095183
PT Citra Borneo Utama Tbk,APAC,IQ1804668128
"Gruma, S.A.B. de C.V.",N. America,IQ394918
Ginebra San Miguel Inc.,APAC,IQ1530827
Associated British Foods plc,EMEA,IQ531195
"Mister Car Wash, Inc.",N. America,IQ329363059
Kruger Products Inc.,N. America,IQ947593
"Qianhe Condiment and Food Co., Ltd.",APAC,IQ265479201
Innscor Africa Limited,EMEA,IQ12465862
Sermsuk Public Company Limited,APAC,IQ877237
"Hunan Xiangjia Animal Husbandry Co.,Ltd",APAC,IQ286509750
Shree Renuka Sugars Limited,APAC,IQ23721668
Aktieselskabet Schouw & Co.,EMEA,IQ4172515
Universal Corporation,N. America,IQ191216
G.N.S Foods Co. Ltd.,APAC,IQ98509356
"Industrias Bachoco, S.A.B. de C.V.",N. America,IQ397438
MSM Malaysia Holdings Berhad,APAC,IQ129804713
QL Resources Berhad,APAC,IQ5579676
Heritage Foods Limited,APAC,IQ9454986
Yunnan Botanee Bio-Technology Group Co.LTD,APAC,IQ643875211
"Guangdong Haid Group Co., Limited",APAC,IQ29846463
"JINHUI LIQUOR Co., Ltd.",APAC,IQ263360876
"Luzhou Laojiao Co.,Ltd",APAC,IQ5704645
C.I. Holdings Berhad,APAC,IQ878094
"Kolmar Korea Co., Ltd.",APAC,IQ222670325
Lam Soon (Thailand) Public Company Limited,APAC,IQ8179614
Premium Brands Holdings Corporation,N. America,IQ881328
Natural Food International Holding Limited,APAC,IQ593220876
Moy Park Holdings (Europe) Limited,EMEA,IQ263767579
"Angel Yeast Co., Ltd",APAC,IQ9363591
"ZheJiang Haers Vacuum Containers Co.,Ltd.",APAC,IQ111887270
"Mission Produce, Inc.",N. America,IQ153986005
Lassonde Industries Inc.,N. America,IQ875502
Cranswick plc,EMEA,IQ877480
Thai Beverage Public Company Limited,APAC,IQ27339980
Olvi Oyj,EMEA,IQ883806
GFPT Public Company Limited,APAC,IQ6140535
Patanjali Foods Limited,APAC,IQ9336919
Duni AB (publ),EMEA,IQ874708
L.D.C. S.A.,EMEA,IQ881742
Greencore Group plc,EMEA,IQ876661
Yoshimura Food Holdings K.K.,APAC,IQ182280211
"Guangdong Deerma Technology Co., Ltd.",APAC,IQ571877661
Pegasus MidCo B.V.,EMEA,IQ531693
"Pyxus International, Inc.",N. America,IQ340391
Heineken Malaysia Berhad,APAC,IQ875966
Ferretti S.p.A.,EMEA,IQ1461880
"Wens Foodstuff Group Co., Ltd.",APAC,IQ22596150
Neto M.E Holdings Ltd,EMEA,IQ6463876
"H&R Block, Inc.",N. America,IQ276601
Britvic Limited,EMEA,IQ7420857
Univanich Palm Oil Public Company Limited,APAC,IQ9340242
"Daeyoung Electronics Co.,Ltd.",APAC,IQ227963491
EC Healthcare,APAC,IQ325403569
BUA Foods PLC,EMEA,IQ1763541706
Gr. Sarantis S.A.,EMEA,IQ4493281
Carlsberg Breweries A/S,EMEA,IQ5466336
Heineken UK Limited,EMEA,IQ747806
"Hangzhou Haoyue Personal Care Co., Ltd",APAC,IQ247466103
Neto Malinda Trading Ltd.,EMEA,IQ42410854
"Grupo Lala, S.A.B. de C.V.",N. America,IQ22515904
Dole plc,EMEA,IQ30301231
Monster Beverage Corporation,N. America,IQ343729
"Ligao Foods Co.,Ltd.",APAC,IQ667133583
Dodla Dairy Limited,APAC,IQ142833437
Valio Oy,EMEA,IQ876947
"Ascend Wellness Holdings, Inc.",N. America,IQ588609219
"ChenGuang Biotech Group Co., Ltd.",APAC,IQ82082018
"Jiangsu King's Luck Brewery Joint-Stock Co.,Ltd.",APAC,IQ115839399
Verisure Midholding AB,EMEA,IQ9588367
Neo Corporate Public Company Limited,APAC,IQ421968225
"AC Bebidas, S. de R.L. de C.V.",N. America,IQ528697625
Electra Consumer Products (1970) Ltd,EMEA,IQ1076825
Beauty Farm Medical and Health Industry Inc.,APAC,IQ1817706922
"HUNAN RESUN Co., Ltd.",APAC,IQ345481803
"Mitr Phol Sugar Corporation., Ltd.",APAC,IQ5458340
"Anhui Gujing Distillery Co., Ltd.",APAC,IQ8069420
Jinshiyuan Group Company Limited,APAC,IQ278175659
RG Brands JSC,APAC,IQ36420267
"Sichuan Teway Food Group Co.,Ltd",APAC,IQ253062319
"Ecovacs Robotics Co., Ltd.",APAC,IQ23271288
Atlantic Grupa d.d.,EMEA,IQ22227792
L'Occitane International S.A.,EMEA,IQ20949560
PT Wilmar Cahaya Indonesia Tbk.,APAC,IQ882679
PT Triputra Agro Persada Tbk,APAC,IQ216890008
SalMar ASA,EMEA,IQ33939025
Intercos S.p.A.,EMEA,IQ5663050
"Johnson Health Tech .Co., Ltd.",APAC,IQ7923787
AGT Food and Ingredients Inc.,N. America,IQ21842239
"Jiangsu Lihua Foods Group Co., Ltd",APAC,IQ331870191
"Kweichow Moutai Co., Ltd.",APAC,IQ9475874
"Changhong Meiling Co., Ltd.",APAC,IQ5576966
Kaset Thai International Sugar Corporation Public Company Limited,APAC,IQ242476178
"Anjoy Foods Group Co., Ltd.",APAC,IQ266729784
La Doria S.p.A.,EMEA,IQ4484078
"VT Co., Ltd.",APAC,IQ5411780
Sajodaerim Corporation,APAC,IQ5533576
Games Workshop Group PLC,EMEA,IQ28819
"Ganyuan Foods Co., Ltd.",APAC,IQ610528909
"Shandong Xiantan Group Co., Ltd.",APAC,IQ146092305
Interparfums SA,EMEA,IQ881417
TSUKADA GLOBAL HOLDINGS Inc.,APAC,IQ12092092
Choheung Corporation,APAC,IQ5458280
"The Vita Coco Company, Inc.",N. America,IQ29328309
"Nongfu Spring Co., Ltd.",APAC,IQ6484241
Parag Milk Foods Limited,APAC,IQ45564725
C&C Group plc,EMEA,IQ127757
"Lotte Wellfood Co.,Ltd",APAC,IQ430528458
"Post Holdings, Inc.",N. America,IQ140950927
"Shanxi Xinghuacun Fen Wine Factory Co.,Ltd.",APAC,IQ6501184
"Greenworks (Jiangsu) Co., Ltd.",APAC,IQ1821370464
Tempo Beverages Ltd.,EMEA,IQ26761986
SunOpta Inc.,N. America,IQ305082
"YONEX Co., Ltd.",APAC,IQ883378
The PAN Group Joint Stock Company,APAC,IQ47771703
"Guangdong TCL Smart Home Appliances Co., Ltd.",APAC,IQ52035697
"Daikoku Denki Co., Ltd.",APAC,IQ5532960
Nordzucker AG,EMEA,IQ883600
Technogym S.p.A.,EMEA,IQ54506302
"Accel, S.A.B. de C.V.",N. America,IQ877973
"Sankyo Co., Ltd.",APAC,IQ882347
"Yunnan Shennong Agricultural Industry Group Co.,LTD.",APAC,IQ61601154
"Grupo Herdez, S.A.B. de C.V.",N. America,IQ878352
Jamieson Wellness Inc.,N. America,IQ432400914
Delta Corporation Limited,EMEA,IQ878222
Sanlorenzo S.p.A.,EMEA,IQ45837092
Podravka d.d.,EMEA,IQ5566753
"Interparfums, Inc.",N. America,IQ296433
Coöperatie Koninklijke Cosun U.A.,EMEA,IQ876549
Westrock Coffee Company,N. America,IQ114929835
Hindustan Foods Limited,APAC,IQ20417206
FAGE International S.A.,EMEA,IQ3548197
"SharkNinja, Inc.",N. America,IQ1827215557
"Shiyue Daotian Group Co., Ltd.",APAC,IQ711871836
"Bepensa Bebidas, S.A. de C.V.",N. America,IQ22398481
"Yantai China Pet Foods Co., Ltd.",APAC,IQ372878021
Radico Khaitan Limited,APAC,IQ9012045
"WELLNEO SUGAR Co., Ltd.",APAC,IQ883339
Tsuburaya Fields Holdings Inc.,APAC,IQ9860909
Jiangsu Andong Holding Group Company Limited,APAC,IQ554410833
Driven Brands Holdings Inc.,N. America,IQ699259690
Royal Unibrew A/S,EMEA,IQ5504753
Bikaji Foods International Limited,APAC,IQ226524006
"MTG Co., Ltd.",APAC,IQ226143298
"Guangdong Marubi Biotechnology Co., Ltd.",APAC,IQ241521600
Modern Dairy(Group)Co.Ltd,APAC,IQ136595575
"BellRing Brands, Inc.",N. America,IQ632289716
Khonburi Sugar Public Company Limited,APAC,IQ52420430
"Ningbo Homelink Eco-iTech Co., Ltd.",APAC,IQ52194008
"Grupo Bafar, S.A.B. de C.V.",N. America,IQ4509249
"Vesync Co., Ltd",APAC,IQ696801956
Banvit Bandirma Vitaminli Yem Sanayii Anonim Sirketi,EMEA,IQ20393442
Gokul Agro Resources Limited,APAC,IQ315830887
"Jiangsu Chint Power Technology Co., Ltd.",APAC,IQ5755286
"Kotobuki Spirits Co., Ltd.",APAC,IQ5382199
"Henglin Home Furnishings Co.,Ltd",APAC,IQ52059886
Indigo Group S.A.,EMEA,IQ266604236
"Shaoxing State-owned Capital Operation Co.,Ltd.",APAC,IQ639265408
"Puig Brands, S.A.",EMEA,IQ7222855
SunCar Technology Group Inc.,APAC,IQ1784804126
Baromfi-Coop Termelo és Kereskedelmi Korlátolt Felelosségu Társaság,EMEA,IQ49278638
Floridienne S.A.,EMEA,IQ2778012
Besler Gida Ve Kimya Sanayi ve Ticaret Anonim Sirketi,EMEA,IQ20853800
ITAB Shop Concept AB (publ),EMEA,IQ11342807
BSH Ev Aletleri Sanayi ve Ticaret A.S.,EMEA,IQ25285463
NovaBev Group PJSC,EMEA,IQ25809684
Loctek Ergonomic Technology Corp.,APAC,IQ132529372
Gobarto S.A.,EMEA,IQ9648902
Dekon Food and Agriculture Group,APAC,IQ1827757161
"Zhejiang Huakang Pharmaceutical Co., Ltd.",APAC,IQ51275889
Thaifoods Group Public Company Limited,APAC,IQ265971097
"Proya Cosmetics Co.,Ltd.",APAC,IQ306188923
PT Cisarua Mountain Dairy Tbk,APAC,IQ329718515
"Chongqing Baiya Sanitary Products Co., Ltd.",APAC,IQ326372604
"Cal-Maine Foods, Inc.",N. America,IQ358944
PT Rajawali Nusantara Indonesia (Persero),APAC,IQ34580170
"YanKer shop Food Co.,Ltd",APAC,IQ285240922
"Jinzai Food Group Co.,Ltd.",APAC,IQ409478839
Arçelik Anonim Sirketi,EMEA,IQ2482233
"Shanghai Chicmax Cosmetic Co., Ltd.",APAC,IQ301354866
"China National Agricultural Development Group Co., Ltd.",APAC,IQ22386982
"Zhejiang Cfmoto Power Co.,Ltd",APAC,IQ54828952
Molson Coors Brewing Company (UK) Limited,EMEA,IQ907649
CCL Products (India) Limited,APAC,IQ13191926
Amber Enterprises India Limited,APAC,IQ32562100
Coca-Cola Içecek Anonim Sirketi,EMEA,IQ9934711
"Freshpet, Inc.",N. America,IQ34990682
Ülker Bisküvi Sanayi A.S.,EMEA,IQ20854000
i-Tail Corporation Public Company Limited,APAC,IQ1789869853
"Eastroc Beverage (Group) Co., Ltd.",APAC,IQ431631817
"Hunan New Wellful Co.,Ltd.",APAC,IQ20344732
"Guang Xi State Farms Group CO.,LTD.",APAC,IQ11112286
"Shanghai Bolex Food Technology Co., Ltd.",APAC,IQ131597169
"Mao Geping Cosmetics Co., Ltd.",APAC,IQ414397059
"Vital Farms, Inc.",N. America,IQ231730321
"Shenzhen Hello Tech Energy Co., Ltd.",APAC,IQ552612632
"Samyang Foods Co., Ltd.",APAC,IQ5600073
"Giant Biogene Holding Co., Ltd.",APAC,IQ1804192419
HMA Agro Industries Limited,APAC,IQ265848617
Türk Tuborg Bira ve Malt Sanayii A.S.,EMEA,IQ879629
Oddity Tech Ltd.,EMEA,IQ631253332
JB Foods Limited,APAC,IQ211171494
"Zhejiang Cayi Vacuum Container Co., Ltd.",APAC,IQ112816997
"APR Co., Ltd.",APAC,IQ415019190
Humble Group AB (publ),EMEA,IQ140967620
"Hangzhou Tianyuan Pet Products CO., LTD",APAC,IQ171099895
NewPrinces S.p.A.,EMEA,IQ46433705
"Celsius Holdings, Inc.",N. America,IQ32343826
Bloks Group Limited,APAC,IQ1911801578
"Huakai Yibai Technology Co.,Ltd.",APAC,IQ285240758
"CNFC Overseas Fisheries Co.,Ltd",APAC,IQ20368299
"Star Lake Bioscience Co., Inc.Zhaoqing Guangdong",APAC,IQ5408327
Allied Blenders and Distillers Limited,APAC,IQ36811483
"Guangdong Songfa Ceramics Co.,Ltd.",APAC,IQ264629710
"Fujian Wanchen Food Group Co., Ltd.",APAC,IQ308787952
Starafricacorporation Limited,EMEA,IQ20384668
The Magnum Ice Cream Company N.V.,EMEA,IQ1966146852
DXN Holdings Bhd.,APAC,IQ10958279
Eastern Company S.A.E,EMEA,IQ20501440
Cremonini S.p.A.,EMEA,IQ2977982
Lerøy Seafood Group ASA,EMEA,IQ2381904
Thai Union Group Public Company Limited,APAC,IQ626286
Philip Morris International Inc.,N. America,IQ6569181
Betagro Public Company Limited,APAC,IQ145711189
Reckitt Benckiser Group plc,EMEA,IQ874480
United Breweries Limited,APAC,IQ882417
"Church & Dwight Co., Inc.",N. America,IQ261105
Orient Electric Limited,APAC,IQ405042254
Newell Brands Inc.,N. America,IQ291703
Kimberly-Clark Corporation,N. America,IQ283857
The Clorox Company,N. America,IQ89450
Primo Brands Corporation,N. America,IQ2202455
Ontex Group NV,EMEA,IQ265971551
Brown-Forman Corporation,N. America,IQ256839
Greenyard NV,EMEA,IQ291125807
LEGO A/S,EMEA,IQ701221
JDE Peet's N.V.,EMEA,IQ655267841
Vandemoortele NV,EMEA,IQ7909850
Reynolds Consumer Products Inc.,N. America,IQ13513114
Arla Foods amba,EMEA,IQ1077340
"Gambol Pet Group Co., Ltd.",APAC,IQ580708122
"Peloton Interactive, Inc.",N. America,IQ225591096
"LG H&H Co., Ltd.",APAC,IQ3608706
AMOREPACIFIC Holdings Corp.,APAC,IQ2488853
Samyang Corporation,APAC,IQ139268127
"Maeil Holdings Co., Ltd.",APAC,IQ5494899
WK Kellogg Co,N. America,IQ1787777837
Helen of Troy Limited,N. America,IQ277500
Kellanova,N. America,IQ283356
Edgewell Personal Care Company,N. America,IQ411342
Colgate-Palmolive Company,N. America,IQ262247
BRP Inc.,N. America,IQ4993771
Grupo Gepp S.A.P.I. de C.V.,N. America,IQ22398989
Fiskars Oyj Abp,EMEA,IQ874756
"Constellation Brands, Inc.",N. America,IQ258589
"e.l.f. Beauty, Inc.",N. America,IQ104554559
China Mengniu Dairy Company Limited,APAC,IQ10732426
Diageo plc,EMEA,IQ375780
Imperial Brands PLC,EMEA,IQ397508
The Simply Good Foods Company,N. America,IQ366893563
Nestlé S.A.,EMEA,IQ31973
Savola Group Company,EMEA,IQ9301226
Coty Inc.,N. America,IQ795040
PT Sreeya Sewu Indonesia Tbk,APAC,IQ1417004
Universal Robina Corporation,APAC,IQ880078
AB Electrolux (publ),EMEA,IQ526391
British American Tobacco p.l.c.,EMEA,IQ326614
Agthia Group PJSC,EMEA,IQ24225180
MHP SE,EMEA,IQ30517307
Zydus Wellness Limited,APAC,IQ20334150
Henkel AG & Co. KGaA,EMEA,IQ621918
Lotus Bakeries NV,EMEA,IQ878558
Tate & Lyle plc,EMEA,IQ377904
Vivartia Holding S.A.,EMEA,IQ879520
ARYZTA AG,EMEA,IQ878093
Chocoladefabriken Lindt & Sprüngli AG,EMEA,IQ876088
"Sichuan Swellfun Co.,Ltd",APAC,IQ9794075
"Sirio Pharma Co., Ltd.",APAC,IQ36812555
The a2 Milk Company Limited,APAC,IQ8081770
Koninklijke FrieslandCampina N.V.,EMEA,IQ4493617
"Shiseido Company, Limited",APAC,IQ409474
Pernod Ricard SA,EMEA,IQ874314
L'Oréal S.A.,EMEA,IQ874249
"Kokuyo Co., Ltd.",APAC,IQ874611
Suntory Holdings Limited,APAC,IQ3796713
Suntory Beverage & Food Limited,APAC,IQ78962510
"Asahi Group Holdings, Ltd.",APAC,IQ877335
CJ Cheiljedang Corporation,APAC,IQ43003211
"HITEJINRO Co., Ltd.",APAC,IQ2492830
"Nongshim Holdings Co.,Ltd.",APAC,IQ13402396
"COWAY Co., Ltd.",APAC,IQ5631177
Masan Group Corporation,APAC,IQ54105746
"Haier Smart Home Co., Ltd.",APAC,IQ5487301
"FineToday Holdings Co., Ltd.",APAC,IQ703210647
"Mondelez International, Inc.",N. America,IQ739693
Tine SA,EMEA,IQ21831616
Nortura SA,EMEA,IQ21947324
Orkla ASA,EMEA,IQ4002987
"Land O'Lakes, Inc.",N. America,IQ184002
"Tyson Foods, Inc.",N. America,IQ190636
Davide Campari-Milano N.V.,EMEA,IQ135528
"Grupo Bimbo, S.A.B. de C.V.",N. America,IQ877906
F.lli de Cecco di Filippo Fara San Martino S.p.A.,EMEA,IQ590343644
Coca-Cola Bottlers Japan Holdings Inc.,APAC,IQ882988
The Coca-Cola Company,N. America,IQ26642
Coca-Cola Europacific Partners PLC,EMEA,IQ109130811
"Arca Continental, S.A.B. de C.V.",N. America,IQ6514819
Coca-Cola HBC AG,EMEA,IQ881598
"Coca-Cola FEMSA, S.A.B. de C.V.",N. America,IQ328020
Keurig Dr Pepper Inc.,N. America,IQ334622
Barry Callebaut AG,EMEA,IQ828895
Monde Nissin Corporation,APAC,IQ5577348
Almarai Company,EMEA,IQ23735005
"Hasbro, Inc.",N. America,IQ277746
Pola Orbis Holdings Inc.,APAC,IQ35905274
Sapporo Holdings Limited,APAC,IQ877297
NH Foods Ltd.,APAC,IQ874379
"Ajinomoto Co., Inc.",APAC,IQ873739
Tata Consumer Products Limited,APAC,IQ121597
Godfrey Phillips India Limited,APAC,IQ874649
Varun Beverages Limited,APAC,IQ49550399
Nichirei Corporation,APAC,IQ876656
Danone S.A.,EMEA,IQ129349
PZ Cussons plc,EMEA,IQ875621
Adecoagro S.A.,EMEA,IQ118300828
De'Longhi S.p.A.,EMEA,IQ5496347
"Lamb Weston Holdings, Inc.",N. America,IQ374372246
"The Hain Celestial Group, Inc.",N. America,IQ413188
The Estée Lauder Companies Inc.,N. America,IQ207221
The Kraft Heinz Company,N. America,IQ278212
Kenvue Inc.,N. America,IQ1820759186
United Spirits Limited,APAC,IQ8970300
"Sigma Alimentos, S.A. de C.V.",N. America,IQ1528840
"TreeHouse Foods, Inc.",N. America,IQ22413056
Hormel Foods Corporation,N. America,IQ279042
The Campbell's Company,N. America,IQ258458
The Marzetti Company,N. America,IQ283934
"Fomento Económico Mexicano, S.A.B. de C.V.",N. America,IQ394988
Anheuser-Busch InBev SA/NV,EMEA,IQ745257
"PepsiCo, Inc.",N. America,IQ32854
Saudia Dairy & Foodstuff Company,EMEA,IQ5663452
Tanmiah Food Company,EMEA,IQ47059469
Crompton Greaves Consumer Electricals Limited,APAC,IQ274645183
Whirlpool Corporation,N. America,IQ314515
"General Mills, Inc.",N. America,IQ274715
"Flowers Foods, Inc.",N. America,IQ972115
Britannia Industries Limited,APAC,IQ878217
Marico Limited,APAC,IQ134433
Godrej Consumer Products Limited,APAC,IQ8707650
Triveni Engineering & Industries Limited,APAC,IQ12704571
The Hershey Company,N. America,IQ98873
Anora Group Oyj,EMEA,IQ688460
Carlsberg A/S,EMEA,IQ5522640
LT Foods Limited,APAC,IQ27941715
"Conagra Brands, Inc.",N. America,IQ26893
La Lorraine Bakery Group NV,EMEA,IQ5774842
Asmodee Group AB (publ),EMEA,IQ1878946640
Fonterra Co-operative Group Limited,APAC,IQ3734523
Unilever PLC,EMEA,IQ523191
Hindustan Unilever Limited,APAC,IQ878395
"Spectrum Brands Holdings, Inc.",N. America,IQ192186
Anadolu Efes Biracilik ve Malt Sanayii Anonim Sirketi,EMEA,IQ880275
Beiersdorf Aktiengesellschaft,EMEA,IQ876083
PT Japfa Comfeed Indonesia Tbk,APAC,IQ4481077
PT Mayora Indah Tbk,APAC,IQ878324
Vietnam Dairy Products Joint Stock Company,APAC,IQ20726384
"Dongwon Industries Co., Ltd.",APAC,IQ2492788
Noumi Limited,APAC,IQ4481417
Ricegrowers Limited,APAC,IQ20724935
"Shanghai Milkground Food Tech Co., Ltd",APAC,IQ129353522
"Muyuan Foods Co., Ltd.",APAC,IQ112166293
"Midea Group Co., Ltd.",APAC,IQ51997345
OCI Company Ltd.,APAC,IQ1816299566
"Guangxi Huaxi Nonferrous Metal Co.,Ltd",APAC,IQ5413970
"Inner Mongolia Shuangxin Environmental Protection Materials Co., Ltd.",APAC,IQ638109377
"Yangzhou Tinfulong Group Co., Ltd.",APAC,IQ709871237
Dow Chemical Oled Ltd.,APAC,IQ183635884
Techstorm Advanced Material Corporation Limited,APAC,IQ642277770
"SKC ASM Co., Ltd",APAC,IQ1814764398
"Zhejiang Zhenshi New Materials Co., Ltd.",APAC,IQ61847710
"Shanxi Provincial Huaqin Investment Group Co., Ltd.",APAC,IQ39200931
"Suzhou Fengbei Biotech Stock Co., Ltd.",APAC,IQ1863851891
"Hebei Xinqiyuan Energy Technology Development Co., Ltd",APAC,IQ550353933
Chongqing Polycomp International Corporation,APAC,IQ28369396
"Haiyang Technology Co., Ltd.",APAC,IQ52041590
Hanwha Advanced Materials,APAC,IQ1821343429
"Fujian Energy Petrochemical Group Co.,Ltd.",APAC,IQ1765198140
"YEOCHUN NCC Co., Ltd.",APAC,IQ5477020
Haldia Petrochemicals Limited,APAC,IQ113655
Ddev Plastiks Industries Limited,APAC,IQ714112410
PT Armadian Tritunggal,APAC,IQ54231527
PT Bukit Makmur Mandiri Utama,APAC,IQ51201014
"Crown New Materials Technology Co., Ltd.",APAC,IQ1972184549
Dorf-Ketal Chemicals India Limited,APAC,IQ7654419
"Sinolong New Materials Co., Ltd.",APAC,IQ1784929725
"Shandong Hi-tech Spring Material Technology Co., Ltd.",APAC,IQ1673317865
"Solstice Advanced Materials, Inc.",N. America,IQ1899957333
"CAC Nantong Chemical Co., Ltd.",APAC,IQ113636064
Migao Group Holdings Limited,APAC,IQ1874351510
"CNSIG Anhui Hongsifang Fertilizer Co., Ltd.",APAC,IQ1791482386
"Jungbu Citygas Co., Ltd.",APAC,IQ100788026
Ahlatci Dogal Gaz Dagitim Enerji ve Yatirim A.S.,EMEA,IQ1800507936
"Daeryun E&S Co., Ltd.",APAC,IQ36036511
PT Perkebunan Nusantara III (Persero),APAC,IQ9806873
Advanta Enterprises Limited,APAC,IQ1805945932
Ashdod Refinery Ltd,EMEA,IQ29360561
"SK Incheon Petrochem Co., Ltd",APAC,IQ242028899
ADNOC Gas PLC,EMEA,IQ1826705821
KME Group S.p.A.,EMEA,IQ8141726
PT Freeport Indonesia,APAC,IQ6562596
Premier Energy PLC,EMEA,IQ1761529706
Heesung Pm Tech Corp.,APAC,IQ83645352
INDO-MIM Limited,APAC,IQ408304164
Rio Tinto plc,EMEA,IQ1341943
"Luoyang Shenglong Mining Group Co., Ltd.",APAC,IQ1866138500
PT Merdeka Battery Materials Tbk.,APAC,IQ1817419529
PT Trimegah Bangun Persada Tbk,APAC,IQ1816671346
"Sihuan Zinc & Germanium Technology Co., Ltd.",APAC,IQ538757121
Koral International Corp.,APAC,IQ580314962
China Coal Changjiang Geology Group Co.LTD,APAC,IQ1775880773
STRACON Group Holding Inc.,N. America,IQ225294549
Jain Resource Recycling Limited,APAC,IQ1779843325
JX Advanced Metals Corporation,APAC,IQ116837363
Suez S.A.,EMEA,IQ1675841979
"GS Power Co., Ltd.",APAC,IQ36853064
Rajasthan Rajya Vidyut Prasaran Nigam Limited,APAC,IQ32572959
Dalia Energy Companies Ltd.,EMEA,IQ701060538
"Buffalo Energy Mexico Holdings, S.A. de C.V.",N. America,IQ1820598700
Acquirente Unico S.p.A.,EMEA,IQ26002517
"China Electric Equipment Group Co., Ltd.",APAC,IQ1819226146
Uttar Pradesh Power Corporation Limited,APAC,IQ13639105
TMD Energy Limited,APAC,IQ1879487452
CBL International Limited,APAC,IQ311433371
ADNOC Murban RSC LTD,EMEA,IQ1677077304
South Bow Corporation,N. America,IQ1878370658
"DaDu River Hydropower Development CO.,LTD",APAC,IQ23591496
"POWERCHINA Renewable Energy Co., Ltd.",APAC,IQ1837480223
Rezil Inc.,APAC,IQ415338301
"SK Eco Prime Co.,Ltd",APAC,IQ674360125
Himachal Pradesh State Electricity Board Limited,APAC,IQ39484161
Rajasthan Rajya Vidyut Utpadan Nigam Limited,APAC,IQ32896367
"Beijing Gas Group Co., Ltd.",APAC,IQ5898599
PT Pertamina Hulu Energi,APAC,IQ288542226
"Venture Global, Inc.",N. America,IQ1890508960
Meren Energy Inc.,N. America,IQ880532
Archer Norge AS,EMEA,IQ1814205608
Shearwater GeoServices AS,EMEA,IQ408600981
Mcdermott International Ltd.,N. America,IQ671782852
Flowco Holdings Inc.,N. America,IQ1911836623
WaterBridge Infrastructure LLC,N. America,IQ1957965333
Discovery Silver Corp.,N. America,IQ28689431
Uzhuralzoloto OJSC,EMEA,IQ29326047
Asante Gold Corporation,N. America,IQ136596835
Augmont Enterprises Limited,APAC,IQ536620169
Zijin Gold International Company Limited,APAC,IQ1941380306
G Mining Ventures Corp.,N. America,IQ606477714
Artemis Gold Inc.,N. America,IQ628559412
Greatland Resources Limited,APAC,IQ27648832
"Guangxi Energy Group Co.,Ltd",APAC,IQ46948758
OCI N.V.,EMEA,IQ226465036
Bolloré SE,EMEA,IQ879501
Elion Energy Company Limited,APAC,IQ9681673
"Xuzhou Mining Group Co., Ltd.",APAC,IQ129397604
"Guangxi Energy Co., Ltd.",APAC,IQ10837846
Jiangxi Zhengbang Technology Co.Ltd.,APAC,IQ35921521
Huayang New Materials Group,APAC,IQ53934709
"Beijing Haixin Energy Technology Co.,Ltd.",APAC,IQ100472700
"Jiangxi Tungsten Rare And Precious Equipment Co., Ltd.",APAC,IQ12708211
"Zibo Mining Group Co.,Ltd.",APAC,IQ64920758
"Rising Nonferrous Metals Share Co.,Ltd.",APAC,IQ12739098
"Fujian Energy Group Co., Ltd.",APAC,IQ41076876
"NANTEX Industry Co., Ltd.",APAC,IQ9776648
SECURE Waste Infrastructure Corp.,N. America,IQ58140119
"Hunan Coal Industry Co. , Ltd.",APAC,IQ145583587
"Xiamen Municipal Construction Group Co., Ltd.",APAC,IQ315973379
Jinneng Hold Coal Industry Group Company Limited,APAC,IQ5490861
"Yunnan Water Investment Co., Limited",APAC,IQ238655758
"Xinjiang Zhongtai Chemical Co., Ltd.",APAC,IQ29948634
Fujian Aonong Biological Technology Group Incorporation Limited,APAC,IQ373746030
Elkem ASA,EMEA,IQ731504
Amprion GmbH,EMEA,IQ27127192
Royal Canadian Mint,N. America,IQ4253716
Dairen Chemical Corporation,APAC,IQ9587534
"Xinxing Cathay International Group Co.,Ltd.",APAC,IQ128306880
"Henan Dayou Energy Co., Ltd",APAC,IQ23144345
Gelsenwasser AG,EMEA,IQ876898
"Yiwu Huading Nylon Co.,Ltd.",APAC,IQ54913721
Taian Taishan Investment Company Limited,APAC,IQ105843962
China Petrochemical Development Corporation,APAC,IQ9274487
"Jizhong Energy Fengfeng Group Co.,Ltd.",APAC,IQ13633932
"Zhenjiang State owned Assets Investment Holding Group Co., Ltd",APAC,IQ310552615
"Tai'an City Development and Investment Co., Ltd.",APAC,IQ1678063602
"Jizhong Energy Resources Co., Ltd.",APAC,IQ9261902
NGL Energy Partners LP,N. America,IQ114823784
South Manganese Investment Limited,APAC,IQ59605829
Delek Group Ltd.,EMEA,IQ819242
"Shenyang Chemical Co., Ltd",APAC,IQ5545546
Sakari Resources Limited,APAC,IQ29518529
UBE Corporation,APAC,IQ874532
Solidcore Resources plc,APAC,IQ12701813
"Ningbo Energy Group Co.,Ltd.",APAC,IQ12752596
"Luneng Group Co.,Ltd",APAC,IQ13624340
"Yangmei Chemical Co.,Ltd",APAC,IQ183230808
"Southwest Gas Holdings, Inc.",N. America,IQ304227
Andhra Pradesh Central Power Distribution Corporation Limited,APAC,IQ32875320
"Shan Xi Hua Yang Group New Energy Co.,Ltd.",APAC,IQ9708959
"MDU Resources Group, Inc.",N. America,IQ286741
USI Corporation,APAC,IQ874803
"Yibin Tianyuan Group Co., Ltd.",APAC,IQ22771220
"International CSRC Investment Holdings Co., Ltd.",APAC,IQ1531019
"Jizhong Energy Group Co.,Ltd.",APAC,IQ65318494
Food Corporation of India,APAC,IQ22510371
Ouhua Energy Holdings Limited,APAC,IQ29383405
"Pengxin International Mining Co.,Ltd",APAC,IQ12763727
Nan Ya Plastics Corporation,APAC,IQ878523
China Coal Energy Company Limited,APAC,IQ30446146
Jindal Poly Films Limited,APAC,IQ8444532
"Nanjing Red Sun Co.,Ltd.",APAC,IQ9964056
Formosa Plastics Corporation,APAC,IQ877647
"National Energy Group Jiangsu Electric Power Co., Ltd",APAC,IQ106414230
"GS Donghae Electric Power Co., Ltd.",APAC,IQ144312728
"Guangdong Tloong Technology Group Co.,Ltd",APAC,IQ99204536
Jinchuan Group International Resources Co. Ltd,APAC,IQ7658472
"Henan Yicheng New Energy Co., Ltd.",APAC,IQ115364870
"Taekwang Industrial Co., Ltd.",APAC,IQ2444543
Kailuan (Group) Limited Liability Corporation,APAC,IQ41132879
"eREX Co.,Ltd.",APAC,IQ27260476
"Zhejiang Kingland Pipeline and Technologies Co.,Ltd.",APAC,IQ22785554
Sichuan Lutianhua Company Limited By Shares,APAC,IQ11755994
"Sanyo Chemical Industries, Ltd.",APAC,IQ874482
TenneT Holding B.V.,EMEA,IQ4540363
"Chengtun Mining Group Co., Ltd.",APAC,IQ9708858
"Liaoning Oxiranchem,Inc.",APAC,IQ104494881
"Zhangjiagang City Investment Development Group Co.,Ltd.",APAC,IQ117976481
"Huadian Liaoning Energy Development Co.,Ltd",APAC,IQ10525328
"Zhangjiagang State Owned Capital Investment Group Co.,Ltd.",APAC,IQ45719169
Kernel Holding S.A.,EMEA,IQ38759855
"Guangdong JingYi Metal CO.,Ltd",APAC,IQ59407360
PT TIMAH Tbk,APAC,IQ6626048
"Dowa Holdings Co., Ltd.",APAC,IQ876150
Lanzhou Lanshi Group Company Limited,APAC,IQ54801296
BW Offshore Limited,N. America,IQ26954576
"Taita Chemical Company, Limited",APAC,IQ9870686
Trinseo PLC,N. America,IQ61690445
"Nippon Coke & Engineering Company, Limited",APAC,IQ879878
"Zibo Qixiang Tengda Chemical Co., Ltd",APAC,IQ83971096
CK Infrastructure Holdings Limited,APAC,IQ882039
"JERA Co., Inc.",APAC,IQ306450378
Chemplast Sanmar Limited,APAC,IQ8405610
An Phat Holdings Joint Stock Company,APAC,IQ434971080
"Maoming Petro-Chemical Shihua Co., Ltd",APAC,IQ6467070
"Chengdu City Construction Investment & Management Group Co.,Ltd.",APAC,IQ109910336
Guangdong Investment Limited,APAC,IQ878282
"Xinjiang Guannong Co.,Ltd.",APAC,IQ20383971
Ko Yo Chemical (Group) Limited,APAC,IQ8192036
"Shandong Haihua Co.,Ltd",APAC,IQ5564040
"Shanxi Coking Coal Group Co.,Ltd.",APAC,IQ402098864
"Era Co., Ltd.",APAC,IQ113628266
"Handan Construction Investment Group Co., Ltd.",APAC,IQ216238234
MND a.s.,EMEA,IQ5455371
Saudi Kayan Petrochemical Company,EMEA,IQ28493047
"KPX Chemical Co.,Ltd.",APAC,IQ5556817
European Metal Recycling Limited,EMEA,IQ5490249
National Industrialization Company,EMEA,IQ11147204
"Jiangsu Huachang Chemical Co., Ltd",APAC,IQ39099456
"Sumitomo Chemical Company, Limited",APAC,IQ768183
Paramount Resources Ltd.,N. America,IQ875371
Young Poong Corporation,APAC,IQ4493620
"SKC Co., Ltd.",APAC,IQ1017084
"Shaanxi Beiyuan Chemical Industry Group Co., Ltd.",APAC,IQ119086325
GasTerra B.V.,EMEA,IQ22946891
"Chengde State-Controlled Investment Group Co.,Ltd",APAC,IQ411825915
Sichuan New Energy Power Company Limited,APAC,IQ13090577
Nutrichem Company Limited,APAC,IQ115366109
Elmera Group ASA,EMEA,IQ551325968
Sahara International Petrochemical Company,EMEA,IQ11293186
"UGI International, LLC",N. America,IQ25726392
China Longyuan Power Group Corporation Limited,APAC,IQ81866085
"Shanghai Datun Energy Resources Co., Ltd.",APAC,IQ5556474
"Apple Flavor & Fragrance Group Co.,Ltd.",APAC,IQ51132177
Formosa Chemicals & Fibre Corporation,APAC,IQ877467
"Pingdingshan Tianan Coal. Mining Co., Ltd.",APAC,IQ29948739
"COFCO Biotechnology Co., Ltd.",APAC,IQ9754680
"Yunnan Yuntianhua Co., Ltd.",APAC,IQ5663803
"Dainichiseika Color & Chemicals Mfg. Co., Ltd.",APAC,IQ672501
"Guangzhou Water Investment Group Co.,Ltd",APAC,IQ128050838
"DONGWOO FINE-CHEM Co., Ltd.",APAC,IQ5704335
Resonac Holdings Corporation,APAC,IQ874164
GHCL Limited,APAC,IQ881288
"Shanxi Lu'an Environmental Energy Development Co., Ltd.",APAC,IQ28851034
China Man-Made Fiber Corporation,APAC,IQ12719021
"Luneng New Energy (Group) Co., Ltd",APAC,IQ701705176
GS E&R Corp.,APAC,IQ22817922
An Phat Bioplastics Joint Stock Company,APAC,IQ109231700
"CGN Nuclear Technology Development Co., Ltd.",APAC,IQ6469742
"Hubei Energy Group Co., Ltd.",APAC,IQ32489037
"Eternal Materials Co., Ltd.",APAC,IQ4876061
"Hongbaoli Group Corporation, Ltd.",APAC,IQ36012943
Oriental Union Chemical Corporation,APAC,IQ9845343
"Anhui Hwasu Co.,Ltd.",APAC,IQ105275652
Kureha Corporation,APAC,IQ874275
"Anhui Guangxin Agrochemical Co., Ltd.",APAC,IQ54551565
Tidewater Midstream and Infrastructure Ltd.,N. America,IQ287432448
The Scotts Miracle-Gro Company,N. America,IQ322121
"Moriroku Company, Ltd.",APAC,IQ5484680
"Toho Zinc Co., Ltd.",APAC,IQ876104
"Okura Industrial Co., Ltd.",APAC,IQ880632
"KH Neochem Co., Ltd.",APAC,IQ5878487
"ChangChun Petrochemical Co., Ltd.",APAC,IQ7621087
"Transfar Zhilian Co., Ltd.",APAC,IQ303901165
"Zhejiang Jiaxing State-Owned Capital Investment and Operation Co.,Ltd.",APAC,IQ223126078
Yanbu National Petrochemical Company,EMEA,IQ26271632
Lee & Man Chemical Company Limited,APAC,IQ5746434
Harbin Investment Group Corporation Limited,APAC,IQ37339686
First Quantum Minerals Ltd.,N. America,IQ881155
"GuangDong ShaoNeng Group Co., Ltd.",APAC,IQ6487533
"Shuifa Group Co.,Ltd.",APAC,IQ552438181
Dow Inc.,N. America,IQ9830660
Shinkong Synthetic Fibers Corporation,APAC,IQ9870732
"Itochu Enex Co.,Ltd.",APAC,IQ878544
African Rainbow Minerals Limited,EMEA,IQ873721
"Kukdo Chemical Co., Ltd.",APAC,IQ2444303
Teijin Limited,APAC,IQ873922
"CECEP Solar Energy Co.,Ltd.",APAC,IQ107084440
Birchcliff Energy Ltd.,N. America,IQ12519785
Jiangsu Guoxin Group Limited,APAC,IQ33838614
Ratch Group Public Company Limited,APAC,IQ2445979
"Hubei Yihua Chemical Industry Co., Ltd.",APAC,IQ5842445
Yunnan Tin Company Limited,APAC,IQ5919795
"Sakai Chemical Industry Co., Ltd.",APAC,IQ876009
"Yunnan Provincial Investment Holdings Group Co.,Ltd.",APAC,IQ51484754
Hyosung TNC Corporation,APAC,IQ566658157
Green Plains Inc.,N. America,IQ39558105
Huntsman Corporation,N. America,IQ165298
Huntsman International LLC,N. America,IQ4973626
China National Coal Group Corporation,APAC,IQ22354930
"New Hope Liuhe Co.,Ltd.",APAC,IQ12718745
"Zhejiang Wansheng Co., Ltd.",APAC,IQ262712984
Rabigh Refining and Petrochemical Company,EMEA,IQ26399770
"Soulbrain Co., Ltd.",APAC,IQ652065407
Public Joint Stock Company RussNeft,EMEA,IQ11824143
"China National Bluestar (Group) Co,Ltd.",APAC,IQ8971312
PAO Sovcomflot,EMEA,IQ13482635
"Sobute New Materials Co., Ltd",APAC,IQ411781931
"Sekisui Kasei Co., Ltd.",APAC,IQ876072
"Chongqing Water Conservancy Investment Group Co., Ltd.",APAC,IQ234728270
Yip's Chemical Holdings Limited,APAC,IQ878454
Dongguang Chemical Limited,APAC,IQ528646216
"Huafon Chemical Co.,Ltd",APAC,IQ28390091
"Arakawa Chemical Industries, Ltd.",APAC,IQ5529394
"Inner Mongolia ERDOS Resources Co.,Ltd.",APAC,IQ883386
Mitsubishi Materials Corporation,APAC,IQ876209
HS Hyosung Advanced Materials Corporation,APAC,IQ566658685
"Braskem Idesa, S.A.P.I.",N. America,IQ107141673
"Anhui Huilong Agricultural Means of Production Co.,Ltd.",APAC,IQ46434999
Bumi Armada Berhad,APAC,IQ882547
Kangda International Environmental Company Limited,APAC,IQ266339122
"Beijing Capital Eco-Environment Protection Group Co., Ltd.",APAC,IQ13025964
China Minmetals Corporation Limited,APAC,IQ128178891
INEOS Group Holdings S.A.,EMEA,IQ3636261
Denka Company Limited,APAC,IQ874149
"Alto Ingredients, Inc.",N. America,IQ10039433
Public Joint Stock Company Rosneft Oil Company,EMEA,IQ7828813
Chinese People Holdings Company Limited,APAC,IQ881706
Olin Corporation,N. America,IQ293645
PJSC LUKOIL,EMEA,IQ530375
"Toagosei Co., Ltd.",APAC,IQ876000
JSR Corporation,APAC,IQ875751
"Misumi Co., Ltd.",APAC,IQ5527697
"Aekyungchemical Co., Ltd.",APAC,IQ206253346
Finolex Industries Limited,APAC,IQ878584
Hyosung Chemical Corporation,APAC,IQ566635538
Sinopec Shanghai Petrochemical Company Limited,APAC,IQ380543
"Genesis Energy, L.P.",N. America,IQ352674
"Huludao Zinc Industry Co.,Ltd.",APAC,IQ5529016
PTC India Limited,APAC,IQ9132241
"Nippon Soda Co., Ltd.",APAC,IQ876207
"Shanghai Huide Science & Technology Co.,Ltd",APAC,IQ127488186
"Kanto Denka Kogyo Co., Ltd.",APAC,IQ880825
"KPX Holdings Co., Ltd.",APAC,IQ28897040
China Everbright Water Limited,APAC,IQ253611230
"Zhejiang Xinan Chemical Industrial Group Co.,Ltd",APAC,IQ11147115
"Shanxi Lanhua Sci-Tech Venture Co.,Ltd",APAC,IQ12679260
PT Lotte Chemical Titan Tbk,APAC,IQ13229477
"Guangdong Highsun Meida New Materials Co., Ltd.",APAC,IQ5663436
"GCL Energy Technology Co.,Ltd.",APAC,IQ329250161
"Taiwan Fertilizer Co., Ltd.",APAC,IQ9663472
"Tohoku Electric Power Company, Incorporated",APAC,IQ875745
"Shandong Dongyue Organosilicon Materials Co., Ltd.",APAC,IQ592017976
Union Carbide Corporation,N. America,IQ309989
"SK Materials Co., Ltd.",APAC,IQ1761483748
"Mitsubishi Gas Chemical Company, Inc.",APAC,IQ874656
"Fujikura Kasei Co., Ltd.",APAC,IQ883911
"ZJMI Environmental Energy Co., Ltd.",APAC,IQ656871759
Achilles Corporation,APAC,IQ877119
"Chang Chun Plastics Co., Ltd.",APAC,IQ22596284
"Snowsky Salt Industry Group CO.,LTD",APAC,IQ548233370
Antero Resources Corporation,N. America,IQ4544094
RattanIndia Power Limited,APAC,IQ41267596
Jiangsu SOPO Chemical Co. Ltd.,APAC,IQ12707994
Changzhou Urban Construction (Group) Company Limited,APAC,IQ131342311
"Nippon Carbide Industries Co., Inc.",APAC,IQ879662
"Ji Lin Ji En Nickel Industry Co., Ltd.",APAC,IQ12708013
"Ercros, S.A.",EMEA,IQ876117
Great River Energy,N. America,IQ1963497
"Tangshan Sanyou Chemical Industries Co.,Ltd",APAC,IQ12703315
Vector Limited,APAC,IQ3041726
"Anhui Hengyuan Coal Industry and Electricity Power Co.,Ltd",APAC,IQ21753250
Toyo Kanetsu K.K.,APAC,IQ874996
Levima Advanced Materials Corporation,APAC,IQ429992226
China Shenhua Energy Company Limited,APAC,IQ21953673
China Everbright Greentech Limited,APAC,IQ418971543
"Lianyungang Industry Investment Group Co.,Ltd",APAC,IQ330812236
"Kaneko Seeds Co., Ltd.",APAC,IQ4493094
"Osaka Soda Co., Ltd.",APAC,IQ881063
China Sunsine Chemical Holdings Ltd.,APAC,IQ35272836
Adeka Corporation,APAC,IQ8781360
SALA Corporation,APAC,IQ7870355
CHIMEI Corporation,APAC,IQ12171490
"Xinjiang Tianye Co.,Ltd.",APAC,IQ5576384
"Kyushu Electric Power Company, Incorporated",APAC,IQ874424
Mitsubishi Chemical Group Corporation,APAC,IQ694069
"ISU Chemical Co., Ltd",APAC,IQ2482207
Sichuan Hebang Biotechnology Corporation Limited,APAC,IQ113528870
"Luyang Energy-Saving Materials Co., Ltd.",APAC,IQ29731231
Gujarat State Petronet Limited,APAC,IQ24933547
"Valiant Co.,Ltd",APAC,IQ49645717
Queensland Alumina Limited,APAC,IQ6153091
"Chubu Shiryo Co., Ltd.",APAC,IQ883315
"Public Joint Stock Company ""Slavneft-Megionneftegas""",EMEA,IQ10530879
"Samhwa Paints Industrial Co., Ltd.",APAC,IQ4807080
"Chengzhi Co., Ltd.",APAC,IQ9776809
"SK Geo Centric Co., Ltd.",APAC,IQ118030970
Tronox Holdings plc,N. America,IQ22603885
Shanxi Lanhua Coal Industry Group Co.Ltd.,APAC,IQ61914366
Martin Midstream Partners L.P.,N. America,IQ2557643
"Jiangsu Canlon Building Materials Co., Ltd.",APAC,IQ303192661
"LOTTE Fine Chemical Co., Ltd.",APAC,IQ4149357
"Shanghai Songjiang Urban Construction Investment & Development Co.,Ltd.",APAC,IQ216355316
Covestro AG,EMEA,IQ9536953
Huabao International Holdings Limited,APAC,IQ7652935
TransAlta Corporation,N. America,IQ878219
China BlueChemical Ltd.,APAC,IQ28946996
OM Holdings Limited,N. America,IQ7687948
Shandong Hi-Speed New Energy Group Limited,APAC,IQ241954700
"Mitsui Chemicals, Inc.",APAC,IQ874301
"Toho Chemical Industry Company, Limited",APAC,IQ883500
"Tokyo Electric Power Company Holdings, Incorporated",APAC,IQ874563
SEIL Energy India Limited,APAC,IQ106541149
ADAMA Ltd.,EMEA,IQ883171
"Konishi Co., Ltd.",APAC,IQ882341
"Zhejiang Longsheng Group Co.,Ltd",APAC,IQ5457143
Dongyue Group Limited,APAC,IQ39140421
"China Southern Power Grid Energy Storage Co., Ltd.",APAC,IQ12678003
"San-Ai Obbli Co., Ltd.",APAC,IQ881064
"Miwon Specialty Chemical Co., Ltd.",APAC,IQ417877418
Nynas AB,EMEA,IQ5487616
Fertiglobe plc,EMEA,IQ716108108
EnergyAustralia Pty Ltd,APAC,IQ8538750
Ovintiv Inc.,N. America,IQ1241057
"Toyobo Co., Ltd.",APAC,IQ874542
Lotte Chemical Titan Holding Berhad,APAC,IQ20703357
Vermilion Energy Inc.,N. America,IQ880530
PPG Industries Australia Pty Ltd,APAC,IQ5706446
"Jinneng Holding Shanxi Coal Industry Co.,ltd.",APAC,IQ27511125
Gujarat Narmada Valley Fertilizers & Chemicals Limited,APAC,IQ878433
"Shandong Shengli Co., Ltd.",APAC,IQ9637293
Pembina Pipeline Corporation,N. America,IQ881430
"Valqua, Ltd.",APAC,IQ880933
"Xinxiang Chemical Fiber Co., Ltd.",APAC,IQ6479526
"The Kansai Electric Power Company, Incorporated",APAC,IQ873702
"Shandong Fiberglass Group Co., Ltd",APAC,IQ245400220
"Electric Power Development Co., Ltd.",APAC,IQ4463160
Farmsco,APAC,IQ20341982
Range Resources Corporation,N. America,IQ93030
"Kangnam Jevisco Co., Ltd",APAC,IQ5632967
Dalipal Holdings Limited,APAC,IQ622725667
Ashland Inc.,N. America,IQ252339
"DaTang HuaYin Electric Power CO.,LTD",APAC,IQ5632467
Zheneng Jinjiang Environment Holding Company Limited,APAC,IQ372912263
Shandong Nuclear Power Company Ltd.,APAC,IQ35922797
Ingevity Corporation,N. America,IQ313060799
REX American Resources Corporation,N. America,IQ252771
"Hengyi Petrochemical Co., Ltd.",APAC,IQ46950617
Canvest Environmental Protection Group Company Limited,APAC,IQ274082892
Gujarat Gas Limited,APAC,IQ222471323
"Hangjin Technology Co., Ltd.",APAC,IQ5607188
Atlanta Gas Light Company,N. America,IQ922818
"China National Salt Industry Group Co., Ltd.",APAC,IQ42372739
Jaipur Vidyut Vitran Nigam Limited,APAC,IQ32562227
"Lily Group Co., Ltd.",APAC,IQ48964994
Independent Petroleum Group K.S.C.P.,EMEA,IQ5487635
"Cosmo Energy Holdings Co., Ltd.",APAC,IQ876115
"China Nonferrous Metal Mining (Group) Co., Ltd.",APAC,IQ13501987
"Nicca Chemical Co.,Ltd.",APAC,IQ6466970
China Nonferrous Mining Corporation Limited,APAC,IQ206798348
"Nippon Shokubai Co., Ltd.",APAC,IQ876096
Xi'an Municipal Infrastructure Construction Group,APAC,IQ99663293
"Nihon Parkerizing Co., Ltd.",APAC,IQ880622
"Zhejiang Runtu Co., Ltd.",APAC,IQ46968224
"Chubu Electric Power Company, Incorporated",APAC,IQ874222
"Dongjin Semichem Co., Ltd.",APAC,IQ5705694
Tosoh Corporation,APAC,IQ874516
"Guizhou Chitianhua Co.,Ltd.",APAC,IQ5774085
"Yuntianhua Group Co. , Ltd.",APAC,IQ7870199
Jamnagar Utilities & Power Private Limited,APAC,IQ2529534
"CGN Power Co., Ltd.",APAC,IQ278397943
Tokuyama Corporation,APAC,IQ876249
"Beijing Dabeinong Technology Group Co.,Ltd.",APAC,IQ54110406
EnQuest PLC,EMEA,IQ99040697
"Mitsui Kinzoku Company, Limited",APAC,IQ874417
"CNSIG Inner Mongolia Chemical Industry Co.,Ltd.",APAC,IQ9637422
CNX Resources Corporation,N. America,IQ399117
IOI Corporation Berhad,APAC,IQ877893
Laxmi Organic Industries Limited,APAC,IQ50174902
Lechwerke AG,EMEA,IQ874361
"Songwon Industrial Co., Ltd.",APAC,IQ5632557
Zeon Corporation,APAC,IQ874993
Oil Refineries Ltd.,EMEA,IQ2862940
"Chongqing Sanfeng Environment Group Corp., Ltd.",APAC,IQ208734282
"Wintime Energy Group Co.,Ltd.",APAC,IQ5440770
"Redeia Corporación, S.A.",EMEA,IQ562968
Samhwa Sukyou Co. Ltd.,APAC,IQ108725190
Kinetic Development Group Limited,APAC,IQ181971457
"Okamoto Industries, Inc.",APAC,IQ876643
MERF Inc.,APAC,IQ6464704
Southern Power Distribution Company of Andhra Pradesh Limited,APAC,IQ32896215
"Cangzhou Mingzhu Plastic Co.,Ltd.",APAC,IQ30901165
"TEPCO Power Grid, Incorporated",APAC,IQ331144041
Wuhan Youji Holdings Ltd.,APAC,IQ1884231817
29Metals Limited,APAC,IQ717667632
Enbridge Pipelines Inc.,N. America,IQ794447
Croda International Plc,EMEA,IQ529256
Hydro-Electric Corporation,APAC,IQ4463145
Gulfport Energy Corporation,N. America,IQ331476
"Harbin Hatou Investment Co.,Ltd",APAC,IQ20344002
"Yunnan Coal & Energy Co.,Ltd.",APAC,IQ81870071
"Toray Industries, Inc.",APAC,IQ873912
"Orbia Advance Corporation, S.A.B. de C.V.",N. America,IQ879979
Kunshan Venture Holding Group Company Limited,APAC,IQ41661836
"ASC Co., Ltd.",APAC,IQ343267518
"Jiangxi Hongcheng Environment Co.,Ltd.",APAC,IQ12763393
China National Chemical Corporation Limited,APAC,IQ22135892
Toray Advanced Materials Korea Inc.,APAC,IQ5885387
"Fujian Metallurgy (Holding) Co.,Ltd",APAC,IQ138916156
"NOROO Paint & Coatings Co., Ltd.",APAC,IQ30049403
Sinostar PEC Holdings Limited,APAC,IQ37089225
Semirara Mining and Power Corporation,APAC,IQ10175792
"Anhui Jinhe Industrial Co.,Ltd.",APAC,IQ54166938
"Sinanen Holdings Co., Ltd.",APAC,IQ875787
Korea Water Resources Corporation,APAC,IQ5482761
Reliance Power Limited,APAC,IQ36011856
"DS DANSUK CO., LTD.",APAC,IQ98370795
"Luenmei Quantum Co.,Ltd",APAC,IQ20359618
Geo Energy Resources Limited,APAC,IQ222812743
Yanchang Petroleum International Limited,APAC,IQ5721184
Chongqing Wanzhou Economic and Technological Development Group Company Limited,APAC,IQ599542812
"GS EPS Co.,Ltd.",APAC,IQ5794432
"Nantong Acetic Acid Chemical Co., Ltd.",APAC,IQ25745675
ST International Corporation,APAC,IQ41663609
"Hunan Salt Industry Group Co., Ltd",APAC,IQ138541019
"Jiangsu Provincial Agricultural Reclamation and Development Co.,Ltd.",APAC,IQ301105833
Australian Gas Networks Limited,APAC,IQ882780
Sinon Corporation,APAC,IQ9819896
RTA Yarwun Pty Ltd,APAC,IQ146220850
Hokuto Corporation,APAC,IQ884170
Beijing Enterprises Water Group Limited,APAC,IQ8288319
"Kyowa Leather Cloth Co., Ltd.",APAC,IQ880762
"Koatsu Gas Kogyo Co., Ltd.",APAC,IQ880694
"Henan Yuneng Holdings Co.,Ltd.",APAC,IQ5388321
Wacker Chemie AG,EMEA,IQ874599
"Kingenta Ecological Engineering Group Co., Ltd.",APAC,IQ54338851
SIIC Environment Holdings Ltd.,APAC,IQ20727537
"Shida Shinghwa Advanced Material Group Co., Ltd.",APAC,IQ30533165
Southwestern Public Service Company,N. America,IQ304284
Grand Pacific Petrochemical Corporation,APAC,IQ9768805
Public Joint Stock Company KuibyshevAzot,EMEA,IQ24509437
"Hokko Chemical Industry Co., Ltd.",APAC,IQ881352
"Guangdong Silver Age Sci & Tech Co.,Ltd.",APAC,IQ49214356
Kaneka Corporation,APAC,IQ873769
"Anhui Wanwei Updated High-Tech Material Industry Co.,Ltd",APAC,IQ20333033
TS Corporation,APAC,IQ4149110
"China Resources Chemical Innovative Materials Co., Ltd.",APAC,IQ696821695
Jhajjar Power Limited,APAC,IQ100457608
"Tokyo Printing Ink Mfg. Co., Ltd.",APAC,IQ672548
Saudi Aramco Base Oil Company - Luberef,EMEA,IQ22711089
"Chongqing Fuling Electric Power Industrial Co., Ltd.",APAC,IQ12648813
Oklahoma Gas and Electric Company,N. America,IQ3564005
OGE Energy Corp.,N. America,IQ293569
EQUATE Petrochemical Company K.S.C.C.,EMEA,IQ9531737
Boryszew S.A.,EMEA,IQ9171196
"HIROSHIMA GAS Co.,Ltd.",APAC,IQ5525710
Formosa Petrochemical Corporation,APAC,IQ8954107
Zangge Mining Company Limited,APAC,IQ280450138
Tourmaline Oil Corp.,N. America,IQ54837920
Alpiq Holding Ltd.,EMEA,IQ874393
"artience Co., Ltd.",APAC,IQ874508
"Shenmu State Owned Capital Investment and Operation Group Co.,Ltd",APAC,IQ268328003
Baytex Energy Corp.,N. America,IQ879180
"Lianhe Chemical Technology Co.,Ltd.",APAC,IQ30518319
Sumitomo Bakelite Company Limited,APAC,IQ874918
"Sk Kaken Co.,Ltd.",APAC,IQ884007
Vinacomin - Power Holding Corporation,APAC,IQ112657052
UGI Corporation,N. America,IQ190756
"Beijing District Heating Group Co.,Ltd",APAC,IQ46983539
Inner Mongolia Berun Chemical Company Limited,APAC,IQ6480331
COFCO Corporation,APAC,IQ22398323
Gujarat Ambuja Exports Limited,APAC,IQ9454988
"Limin Group Co.,Ltd.",APAC,IQ49923161
"Anhui Shenjian New Materials Co.,Ltd",APAC,IQ51274977
"Hanwha TotalEnergies Petrochemical Co., Ltd.",APAC,IQ5477820
Hanwha Solutions Corporation,APAC,IQ879174
PanAust Limited,APAC,IQ4492817
LINTEC Corporation,APAC,IQ880756
DIC Corporation,APAC,IQ874102
AdvanSix Inc.,N. America,IQ337702440
"Shaanxi Yanchang Petroleum (Group) Co., Ltd.",APAC,IQ30454632
"Shikoku Electric Power Company, Incorporated",APAC,IQ874466
Tianjin Development Holdings Limited,APAC,IQ883417
"Valhi, Inc.",N. America,IQ311730
"China Coal Xinji Energy Co.,Ltd",APAC,IQ26609055
"Aica Kogyo Company, Limited",APAC,IQ880675
Geo-Jade Petroleum Corporation,APAC,IQ11499868
"Xinjiang Xuefeng Sci-Tech(Group)Co.,Ltd",APAC,IQ262644431
New Jersey Resources Corporation,N. America,IQ291335
PT Indo Tambangraya Megah Tbk,APAC,IQ32783058
"Nippon Kayaku Co., Ltd.",APAC,IQ632509
"Shanxi Coking Coal Energy Group Co., Ltd.",APAC,IQ9536970
China Risun Group Limited,APAC,IQ604522499
Genesis Energy Limited,APAC,IQ8122899
"Shandong Lucion Investment Holdings Group Co.,Ltd.",APAC,IQ41265940
"Hengli Group Co.,Ltd",APAC,IQ137019488
Jiangsu State Farms Enterprises Corporation,APAC,IQ238569040
Sinochem Corporation,APAC,IQ128532785
KCC Corporation,APAC,IQ4149300
"Shiny Chemical Industrial Co., Ltd.",APAC,IQ22931759
Borouge plc,EMEA,IQ1784730560
Namhae Chemical Corporation,APAC,IQ2444410
Sumitomo Chemical India Limited,APAC,IQ83586966
"Guangdong Delian Group Co., Ltd.",APAC,IQ54107180
Intergas Central Asia JSC,APAC,IQ26936230
"Weihai Industrial Investment Group Co., Ltd.",APAC,IQ531481426
The Chemours Company,N. America,IQ249061912
"Shanghai Chengtou Water Group Co., Ltd",APAC,IQ1771365454
"Tokai Carbon Co., Ltd.",APAC,IQ878710
China Shengmu Organic Milk Limited,APAC,IQ261967050
"Shandong Sunway Chemical Group Co., Ltd.",APAC,IQ100147182
"Guangdong Baolihua New Energy Stock Co., Ltd.",APAC,IQ9734979
Supreme Petrochem Limited,APAC,IQ20360933
"Jiangsu Yangnong Chemical Co., Ltd.",APAC,IQ9638224
BLD Plantation Bhd.,APAC,IQ11461535
Arkansas Electric Cooperative Corporation,N. America,IQ3118665
BASF Australia Ltd,APAC,IQ22676038
Sinopec Oilfield Equipment Corporation,APAC,IQ5399043
ZACROS Corporation,APAC,IQ883982
"Huapont Life Sciences Co.,Ltd.",APAC,IQ11211238
Ravensdown Limited,APAC,IQ22674374
Styrolution Korea Ltd.,APAC,IQ136876149
Petkim Petrokimya Holding Anonim Sirketi,EMEA,IQ880227
"Jiang Su Suyan Jingshen Co.,Ltd",APAC,IQ140689684
American Vanguard Corporation,N. America,IQ250532
NOF Corporation,APAC,IQ875496
China Petroleum & Chemical Corporation,APAC,IQ534643
Reliance Infrastructure Limited,APAC,IQ878531
"ALPEK, S.A.B. de C.V.",N. America,IQ204863331
"Korea East-West Power Co., Ltd",APAC,IQ5478515
Zorlu Enerji Elektrik Üretim A.S.,EMEA,IQ20854023
"Lihuayi Weiyuan Chemical Co., Ltd.",APAC,IQ144801360
"Shin-Etsu Polymer Co.,Ltd.",APAC,IQ881008
Rallis India Limited,APAC,IQ878374
Hydro Ottawa Holding Inc.,N. America,IQ11498863
"Cosmax East, Inc.",APAC,IQ695472536
Tullow Oil plc,EMEA,IQ878856
"Innuovo Technology Co., Ltd.",APAC,IQ11419346
LANXESS Aktiengesellschaft,EMEA,IQ12005713
ONGC Videsh Limited,APAC,IQ4854584
DKS Co. Ltd.,APAC,IQ880987
"CK SAN-ETSU Co., Ltd.",APAC,IQ5707048
"Taiyo Kagaku Co.,Ltd.",APAC,IQ883916
China Water Affairs Group Limited,APAC,IQ7658317
China Aviation Oil (Singapore) Corporation Ltd,APAC,IQ7687767
Grupa Azoty Zaklady Chemiczne Police S.A.,EMEA,IQ5885834
Asahi Kasei Corporation,APAC,IQ874120
Ohio Edison Company,N. America,IQ844756
Sinofert Holdings Limited,APAC,IQ25388387
Stadtwerke München GmbH,EMEA,IQ5471086
Daicel Corporation,APAC,IQ874277
"SK Chemicals Co.,Ltd",APAC,IQ435193324
"T. Hasegawa Co., Ltd.",APAC,IQ2464979
International Flavors & Fragrances Inc.,N. America,IQ281407
"Qinghai Salt Lake Industry Co.,Ltd",APAC,IQ9105173
Vietnam Southern Food Corporation - Joint Stock Company,APAC,IQ20504099
Riken Technos Corporation,APAC,IQ876123
"Luxi Chemical Group Co., Ltd.",APAC,IQ5645237
"SDIC Fengle Seed Co., Ltd.",APAC,IQ12763492
"Chongqing Three Gorges Water Conservancy and Electric Power Co., Ltd.",APAC,IQ10525425
"Zhejiang Huangma Technology Co.,Ltd",APAC,IQ117079761
Sichuan AAA Public Development Group Co.Ltd,APAC,IQ141251128
JSP Corporation,APAC,IQ883135
United Energy Distribution Holdings Pty Limited,APAC,IQ31273191
PT Pupuk Indonesia (Persero),APAC,IQ225330220
"Soken Chemical & Engineering Co., Ltd.",APAC,IQ5774403
Evonik Industries AG,EMEA,IQ8237790
Nissan Chemical Corporation,APAC,IQ879822
Archer-Daniels-Midland Company,N. America,IQ251704
"Anhui Province Natural Gas DevelopmentCo.,Ltd.",APAC,IQ106623804
Tian Lun Gas Holdings Limited,APAC,IQ114916161
"Kuraray Co., Ltd.",APAC,IQ873970
"Tianjin Bohai Chemical Industry Group Co.,Ltd",APAC,IQ576091897
"Nantong Jiangshan Agrochemical & Chemicals Co.,Ltd.",APAC,IQ5827522
"Ferrellgas, L.P.",N. America,IQ3586638
"Ferrellgas Partners, L.P.",N. America,IQ332476
Ballance Agri-Nutrients Limited,APAC,IQ4493335
"C.Uyemura & Co.,Ltd.",APAC,IQ5908601
Nickel Asia Corporation,APAC,IQ30119967
Tayca Corporation,APAC,IQ880534
"Guangzhou Water Supply Co.,Ltd.",APAC,IQ24868396
Electricity Generating Public Company Limited,APAC,IQ879843
New Hope Corporation Limited,APAC,IQ932791
Power Grid Corporation of India Limited,APAC,IQ9537783
"The Okinawa Electric Power Company, Incorporated",APAC,IQ883125
"Jiangsu ChengXing Phosph-Chemicals Co., Ltd.",APAC,IQ5827798
Westlake Corporation,N. America,IQ701143
Sembcorp Industries Ltd,APAC,IQ882833
Shaanxi Coal Industry Company Limited,APAC,IQ32431104
"Hansol Chemical Co., Ltd.",APAC,IQ5920255
"Ascent Resources Utica Holdings, LLC",N. America,IQ248409658
"Daechang Co., Ltd.",APAC,IQ4508854
"North Chemical Industries Co., Ltd.",APAC,IQ45458906
"Huafon Microfibre (Shanghai) Co., Ltd.",APAC,IQ59368072
Endeavour Coal Pty Ltd,APAC,IQ28387240
Aurora Energy Pty Ltd,APAC,IQ22596573
"Sinochem Energy Co., Ltd.",APAC,IQ591188419
"Farm Hannong Co., Ltd.",APAC,IQ108095944
Arkema S.A.,EMEA,IQ11969433
China Copper Corporation Limited,APAC,IQ591150683
"CGN New Energy Holdings Co., Ltd.",APAC,IQ4100111
OMV New Zealand Limited,APAC,IQ32573155
INEOS Quattro Holdings Limited,EMEA,IQ382171657
Asahi Yukizai Corporation,APAC,IQ880133
Polyplex Corporation Limited,APAC,IQ9623184
Shanxi International Electricity Group Limited Company,APAC,IQ22547596
PGG Wrightson Limited,APAC,IQ879254
"Hokkaido Electric Power Company, Incorporated",APAC,IQ875780
"Inner Mongolia Yitai Coal Co.,Ltd.",APAC,IQ883333
"CNSG Jilantai Salt Chemical (Group) Co.,Ltd.",APAC,IQ46988056
ONGC Petro additions Limited,APAC,IQ38617891
"Kronos Worldwide, Inc.",N. America,IQ8059421
"Sumitomo Seika Chemicals Company, Limited.",APAC,IQ880776
T&G Global Limited,APAC,IQ5722915
Air Water Inc.,APAC,IQ880100
Murphy Oil Corporation,N. America,IQ290060
"Zhuzhou City Construction Development Group Co., Ltd.",APAC,IQ216352870
EMS-CHEMIE HOLDING AG,EMEA,IQ876756
ENMAX Corporation,N. America,IQ4016263
PT Prima Andalan Mandiri Tbk,APAC,IQ1679867655
"Ishihara Sangyo Kaisha,Ltd.",APAC,IQ874303
China Gas Holdings Limited,APAC,IQ2488870
"EQM Midstream Partners, LP",N. America,IQ170198295
"China Datang Corporation Renewable Power Co., Limited",APAC,IQ47060644
Shanghai Huayi Group Corporation Limited,APAC,IQ4048759
"Keiyo Gas Co., Ltd.",APAC,IQ883447
"Nippon Gas Co., Ltd.",APAC,IQ880192
"Shenzhen Water (Group) Co., Ltd.",APAC,IQ36250339
"Miwon Holdings Co., Ltd.",APAC,IQ53337253
Maithon Power Limited,APAC,IQ24949335
"Guangdong Rising Holdings Group Co.,Ltd",APAC,IQ33838629
Meridian Energy Limited,APAC,IQ4890524
Gujarat State Fertilizers & Chemicals Limited,APAC,IQ874811
"The Chugoku Electric Power Co., Inc.",APAC,IQ875622
Kosmos Energy Ltd.,N. America,IQ8955572
Rain Industries Limited,APAC,IQ882794
"Dai Nippon Toryo Company, Limited",APAC,IQ880690
Shanxi Guoxin Energy Corporation Limited,APAC,IQ118171033
"MNtech Co., Ltd.",APAC,IQ33017292
Vantris Energy Berhad,APAC,IQ3606442
Canadian Utilities Limited,N. America,IQ873742
"Jinko Power Technology Co., Ltd.",APAC,IQ619244335
Farmlands Co-operative Society Limited,APAC,IQ5806711
Petronet LNG Limited,APAC,IQ9112623
"Saibu Gas Holdings Co.,Ltd.",APAC,IQ880953
"Hengli Petrochemical Co.,Ltd.",APAC,IQ27146487
Busan City Gas. Co. Ltd.,APAC,IQ9616140
"China Huaneng Group Co.,Ltd.",APAC,IQ2126617
"Jiangyin Public Asset Management Co.,Ltd",APAC,IQ270537008
"Yung Chi Paint & Varnish Mfg.Co.,Ltd",APAC,IQ9844256
Zaklady Azotowe Pulawy S.A.,EMEA,IQ5531955
"SK Gas Co., Ltd.",APAC,IQ5476117
Viridien Société anonyme,EMEA,IQ132858
"Chnenergy Investment Group Co.,LTD",APAC,IQ11734467
"AltaLink, L.P.",N. America,IQ2040539
Parex Resources Inc.,N. America,IQ62541018
"Tri-State Generation and Transmission Association, Inc.",N. America,IQ23542298
Public Joint Stock Company Nizhnekamskneftekhim,EMEA,IQ3804382
"Qingdao Water Group Co., Ltd.",APAC,IQ259674233
Zuari Agro Chemicals Limited,APAC,IQ128414812
"Yunnan Chihong Zinc & Germanium Co., Ltd.",APAC,IQ9647578
"GD Power Development Co.,Ltd",APAC,IQ9275224
"Xilong Scientific Co., Ltd.",APAC,IQ67124725
"Fuji United Holdings Company,Ltd.",APAC,IQ880660
AusNet Electricity Services Pty Ltd,APAC,IQ5479416
"Jingdezhen State Owned Assets Operation and Investment Holding Group Co.,Ltd",APAC,IQ248690811
Avient Corporation,N. America,IQ203002
Syngenta Crop Protection AG,EMEA,IQ747487
"Poly Union Chemical Holding Group Co., Ltd.",APAC,IQ23588619
"Enagás, S.A.",EMEA,IQ5467973
Shaanxi Nonferrous Metals Holding Group Corporation Limited,APAC,IQ43613422
"SPIC Green Energy Co., Ltd.",APAC,IQ9735820
"Hokuriku Gas Co.,Ltd.",APAC,IQ5542636
Beijing Enterprises Water Group (China) Investment Limited,APAC,IQ380708632
Iwatani Corporation,APAC,IQ875947
Siamgas and Petrochemicals Public Company Limited,APAC,IQ20685732
"Nihon Nohyaku Co., Ltd.",APAC,IQ878566
"CVR Energy, Inc.",N. America,IQ5092377
Shenma Industry Co.Ltd,APAC,IQ6468227
International Power (Australia) Holdings Pty Ltd,APAC,IQ54458385
TSRC Corporation,APAC,IQ9736033
Cenovus Energy Inc.,N. America,IQ44709159
BKV Corporation,N. America,IQ316407040
VA Tech Wabag Limited,APAC,IQ30611576
Hokuriku Electric Power Company,APAC,IQ875781
"Guangdong Tianhe Agricultural Means of Production Co., Ltd.",APAC,IQ126891697
Cabot Corporation,N. America,IQ172131
"Ningbo Shanshan Co.,Ltd.",APAC,IQ5719525
Stepan Company,N. America,IQ305102
Saskatchewan Power Corporation,N. America,IQ4191799
Israel Corporation Ltd,EMEA,IQ882784
ICL Group Ltd,EMEA,IQ882761
Fujimi Incorporated,APAC,IQ5554231
"Kyungdong City Gas Co., Ltd",APAC,IQ427943706
"Shin-Etsu Chemical Co., Ltd.",APAC,IQ874467
The Peoples Gas Light and Coke Company,N. America,IQ3056655
PetroChina Company Limited,APAC,IQ121373
Southern Power Company,N. America,IQ2515604
Vietnam Rubber Group - Joint Stock Company,APAC,IQ99491181
"Shan Dong Energy Group Co., Ltd.",APAC,IQ22515938
"CHN ENERGY Renewable Co., Ltd",APAC,IQ556763201
FortisBC Energy Inc.,N. America,IQ2938753
CrossAmerica Partners LP,N. America,IQ22848913
"Weihai Guangwei Composites Co., Ltd.",APAC,IQ61380120
Yarra Valley Water Corporation,APAC,IQ22676733
Zhejiang Provincial Agricultural Development Group Company Limited,APAC,IQ265915788
"Evergy Metro, Inc.",N. America,IQ3097815
Global Green Chemicals Public Company Limited,APAC,IQ1005863
Energy Development Corporation,APAC,IQ13064343
Power Generation Joint Stock Corporation 3,APAC,IQ253062601
"Shan Dong Lu Bei Chemical Co.,Ltd",APAC,IQ12463624
DLF Seeds A/S,EMEA,IQ5577172
BASF India Limited,APAC,IQ878269
NingXia State Farm Group Company Limited,APAC,IQ231008523
"Entergy New Orleans, LLC",N. America,IQ3474364
Targa Resources Corp.,N. America,IQ39153321
PT Astra Agro Lestari Tbk,APAC,IQ4509052
"C&S Energy Co., Ltd.",APAC,IQ99989096
"Henan Lantian Gas Co.,Ltd.",APAC,IQ116746124
CU Inc.,N. America,IQ4163019
"Delek US Holdings, Inc.",N. America,IQ25836053
"Datang Shandong Power Generation Co.,Ltd.",APAC,IQ81856322
Southern Gas Networks Plc,EMEA,IQ26936338
Eidsiva Energi AS,EMEA,IQ20710204
Yancoal Australia Ltd,APAC,IQ34181071
"Xinjiang Xinxin Mining Industry Co., Ltd.",APAC,IQ35646941
Shikoku Kasei Holdings Corporation,APAC,IQ876336
"Miwon Commercial Co., Ltd.",APAC,IQ2458051
Alberta Electric System Operator,N. America,IQ20727680
South East Water Corporation,APAC,IQ22711672
"Idemitsu Kosan Co.,Ltd.",APAC,IQ6379814
PT Berau Coal Energy Tbk,APAC,IQ108448548
"Gemeng International Energy Co.,Ltd",APAC,IQ61844463
NHPC Limited,APAC,IQ10441041
"Kumiai Chemical Industry Co., Ltd.",APAC,IQ880257
H.B. Fuller Company,N. America,IQ273981
Lanna Resources Public Company Limited,APAC,IQ8081447
"Huainan Mining (Group) Co.,Ltd",APAC,IQ26046322
Manitoba Hydro-Electric Board,N. America,IQ873981
Transpower New Zealand Limited,APAC,IQ5907863
K&O Energy Group Inc.,APAC,IQ876517
The Hong Kong and China Gas Company Limited,APAC,IQ410316
Apg Korea Ke Ltd.,APAC,IQ533772843
"Shanxi Yongdong Chemistry Industry Co., Ltd.",APAC,IQ115279975
"Kinder Morgan, Inc.",N. America,IQ34952431
"Beijing Jingneng Clean Energy Co., Limited",APAC,IQ133696087
"Tongling Nonferrous Metals Group Holdings Co.,Ltd",APAC,IQ62731460
JSW Dulux Limited,APAC,IQ874559
PT Baramulti Suksessarana Tbk,APAC,IQ214487991
"System Energy Resources, Inc.",N. America,IQ3034710
TECON BIOLOGY Co.LTD,APAC,IQ30466763
"Xinwen Mining Group Co., Ltd.",APAC,IQ22563358
"SKSHU Paint Co.,Ltd.",APAC,IQ212523083
Drax Group plc,EMEA,IQ11323462
"Zhejiang Hengyi Group Co.,Ltd",APAC,IQ27142885
"Foosung Co., Ltd.",APAC,IQ30826818
China Petrochemical Corporation,APAC,IQ7537931
Puma Energy Holdings Pte Ltd,APAC,IQ254356192
"Jiangxi Black Cat Carbon Black Inc.,Ltd",APAC,IQ29035356
PT Avia Avian Tbk,APAC,IQ54291028
International Petroleum Corporation,N. America,IQ419868649
"Shaanxi Provincial Natural Gas Co.,Ltd",APAC,IQ47266207
Mattr Corp.,N. America,IQ1083671
"Shanghai Dazhong Public Utilities(Group) Co.,Ltd.",APAC,IQ879470
"Endesa, S.A.",EMEA,IQ324742
Ancom Nylex Berhad,APAC,IQ4481246
Fingrid Oyj,EMEA,IQ5545543
Duc Giang Chemicals Group Joint Stock Company,APAC,IQ115211802
"Guizhou Wujiang Hydropower Development Co.,Ltd.",APAC,IQ35922689
Sakata Seed Corporation,APAC,IQ876256
Public Joint-Stock Company Territorial Generation Company No.2,EMEA,IQ29053909
"SINOPEC Shandong Taishan Pectroleum Co., Ltd.",APAC,IQ20334561
"Taiyo Holdings Co., Ltd.",APAC,IQ2446000
"Zhengzhou Coal Industry & Electric Power Co., Ltd.",APAC,IQ9637401
"Nungwon Metal Industries Co., Ltd.",APAC,IQ5449304
Deepak Nitrite Limited,APAC,IQ8069525
"Sumitomo Metal Mining Co., Ltd.",APAC,IQ874528
"Fujian Funeng Co., Ltd.",APAC,IQ268809978
Aarti Industries Limited,APAC,IQ9454685
Guangzhou Hengyun Enterprises Holding Ltd,APAC,IQ11271796
Tata Chemicals Limited,APAC,IQ878472
Public Joint Stock Company Gazprom,EMEA,IQ5828266
"ENN Natural Gas Co., Ltd.",APAC,IQ20344048
Takasago International Corporation,APAC,IQ880635
"Hangzhou Cogeneration Group Co., Ltd.",APAC,IQ628348722
"Huaneng Power International, Inc.",APAC,IQ380351
BASF Korea Company Limited,APAC,IQ41662162
CenterPoint Energy Resources Corp.,N. America,IQ4935692
"Oriental Energy Co., Ltd.",APAC,IQ42081473
Sunpower Group Ltd.,APAC,IQ20928648
Bayer CropScience Limited,APAC,IQ8642178
HCIG New-energy Company Limited,APAC,IQ105701678
Zespri Group Limited,APAC,IQ5550247
"Suburban Propane Partners, L.P.",N. America,IQ350318
San Diego Gas & Electric Company,N. America,IQ862673
"Zhejiang Jiahua Energy Chemical Industry Co.,Ltd.",APAC,IQ48976292
"Mitsuuroko Group Holdings Co.,Ltd.",APAC,IQ880759
"Toho Gas Co., Ltd.",APAC,IQ878078
"Changshu Urban Construction Management & Investment Co., Ltd.",APAC,IQ181997364
Plastiques du Val de Loire,EMEA,IQ2491591
Hafslund AS,EMEA,IQ580013200
Huaneng Renewables Corporation Limited,APAC,IQ115827414
Helen Oy,EMEA,IQ4480893
Trafigura Group Pte. Ltd.,APAC,IQ5464261
Asian Paints Limited,APAC,IQ878276
PT Perusahaan Perkebunan London Sumatra Indonesia Tbk,APAC,IQ882723
PT Vale Indonesia Tbk,APAC,IQ877130
"Bestsun Energy Co., Ltd.",APAC,IQ307029439
"Harima Chemicals Group, Inc.",APAC,IQ880863
Louis Dreyfus Company B.V.,EMEA,IQ22533211
Atul Ltd,APAC,IQ874154
Electricity Networks Corporation,APAC,IQ30018080
Berkshire Hathaway Energy Company,N. America,IQ258278
Rayonier Advanced Materials Inc.,N. America,IQ261467539
"Comstock Resources, Inc.",N. America,IQ560592817
Dansk Landbrugs Grovvareselskab a.m.b.a.,EMEA,IQ874066
Sakata INX Corporation,APAC,IQ880761
Kansai Nerolac Paints Limited,APAC,IQ882872
"China Merchants Energy Shipping Co., Ltd.",APAC,IQ30144381
"Guangdong Guanghua Sci-Tech Co., Ltd.",APAC,IQ130891944
H&R GmbH & Co. KGaA,EMEA,IQ5557387
Ta Ann Holdings Berhad,APAC,IQ6482953
"Jiangsu Changqing Agrochemical Co., Ltd.",APAC,IQ49611298
"Kansai Paint Co., Ltd.",APAC,IQ875792
Acen Corporation,APAC,IQ9682489
Santos Limited,APAC,IQ323157
Naftna Industrija Srbije a.d.,EMEA,IQ5470408
"Korea Western Power Co., Ltd.",APAC,IQ9321754
"CNCITY energy CO.,LTD",APAC,IQ10039076
"Osaka Gas Co., Ltd.",APAC,IQ875464
Ho Tung Chemical Corp.,APAC,IQ9898376
Yushiro Inc.,APAC,IQ883860
Shaoxing City Development Group Limited,APAC,IQ225089381
"Datang International Power Generation Co., Ltd.",APAC,IQ882509
CLP Holdings Limited,APAC,IQ414732
BOC Limited (Operating Subsidiary 1),APAC,IQ30984448
TransCanada PipeLines Limited,N. America,IQ5753518
SaskEnergy Incorporated,N. America,IQ4248304
Powercor Australia Limited,APAC,IQ9821039
Thungela Resources Limited,EMEA,IQ706531136
"Shandong Hualu-Hengsheng Chemical Co., Ltd.",APAC,IQ9464133
Scotia Gas Networks Limited,EMEA,IQ33449281
"Plains GP Holdings, L.P.",N. America,IQ22143565
"Zhengzhou Gong Shui Investment Holding Co.,Ltd.",APAC,IQ634662385
Concord New Energy Group Limited,APAC,IQ8276450
"Japan Petroleum Exploration Co., Ltd.",APAC,IQ5490756
"Woosung Co., Ltd.",APAC,IQ20383945
PT Prime Agri Resources Tbk,APAC,IQ33278509
"North Huajin Chemical Industries Co.,Ltd",APAC,IQ12708538
"Nittetsu Mining Co., Ltd.",APAC,IQ880962
Chengdu Gas Group Corporation Ltd.,APAC,IQ50849322
London Power Networks plc,EMEA,IQ36140866
"Shanghai Titan Scientific Co., Ltd.",APAC,IQ312481841
Inner Mongolia MengDian HuaNeng Thermal Power Corporation Limited,APAC,IQ9637999
Newfoundland Power Inc.,N. America,IQ873944
"El Paso Natural Gas Company, L.L.C.",N. America,IQ889674
Shenergy Company Limited,APAC,IQ6463140
Omnia Holdings Limited,EMEA,IQ4457904
Sinopec Oilfield Service Corporation,APAC,IQ264224211
"Yesco Co., Ltd.",APAC,IQ560469597
Koninklijke Vopak N.V.,EMEA,IQ875902
"Rasa Industries, Ltd.",APAC,IQ879952
"Korea Midland Power Co., Ltd.",APAC,IQ5482403
"Korea Southern Power Co., Ltd.",APAC,IQ9184108
China Oil And Gas Group Limited,APAC,IQ6477836
"Evergy Kansas Central, Inc.",N. America,IQ570892767
The Cleveland Electric Illuminating Company,N. America,IQ3103730
Tucson Electric Power Company,N. America,IQ3030589
"ENF Technology Co., Ltd.",APAC,IQ54106620
"Guangdong Electric Power Development Co., Ltd.",APAC,IQ883056
"MeiHua Holdings Group Co.,Ltd",APAC,IQ79692030
"Anhui Sierte Fertilizer industry LTD. ,company",APAC,IQ116401880
"Changsha Urban Construction, Investment and Development Group Co.,Ltd",APAC,IQ310935195
Spire Missouri Inc.,N. America,IQ4176500
Element Solutions Inc,N. America,IQ157028
Beijing Enterprises Group Company Limited,APAC,IQ51516970
BEWI ASA,EMEA,IQ410132643
Zhongran Investment Limited Company,APAC,IQ24790182
Seapeak LLC,N. America,IQ12775219
"LT Metal Co.,Ltd.",APAC,IQ5633200
GS Caltex Corporation,APAC,IQ22400595
"Zhejiang Xinhua Chemical Co.,Ltd",APAC,IQ47100739
"Evergy, Inc.",N. America,IQ283024
Nippon Sanso Holdings Corporation,APAC,IQ874474
Versum Materials AMD Korea Inc.,APAC,IQ597782053
"Chongqing Water Group Co.,Ltd.",APAC,IQ28514725
"Jiangsu Xukuang Energy Co., Ltd.",APAC,IQ1683560641
Victoria Power Networks Pty Ltd,APAC,IQ52003091
Idemitsu Australia Pty Ltd,APAC,IQ6492547
Linde plc,EMEA,IQ318049
"Cosmo Chemical Co., Ltd.",APAC,IQ9549506
"SGC Energy Co.,Ltd.",APAC,IQ9549417
Cleco Power LLC,N. America,IQ3127425
Valero Energy Corporation,N. America,IQ311679
Wilmar International Limited,APAC,IQ5467851
Interstate Power and Light Company,N. America,IQ281820
China Petroleum Engineering Corporation,APAC,IQ343970916
"China Pingmei Shenma Holding Group Co.,Ltd",APAC,IQ79008473
"NOROO Holdings Co., Ltd.",APAC,IQ5395344
HK Electric Investments and HK Electric Investments Limited,APAC,IQ22515988
Korea Gas Corporation,APAC,IQ2445962
China National Petroleum Corporation,APAC,IQ4854602
Northland Power Inc.,N. America,IQ881409
"Anhui Liuguo Chemical Co., Ltd.",APAC,IQ11313676
PT Cikarang Listrindo Tbk,APAC,IQ35624794
"Do-Fluoride New Materials Co., Ltd.",APAC,IQ47797599
"Southern Natural Gas Company, L.L.C.",N. America,IQ1241003
EnBW Energie Baden-Württemberg AG,EMEA,IQ4731126
Henan Shenhuo Coal Industry and Electricity Power Co. Ltd,APAC,IQ12701444
Algonquin Power & Utilities Corp.,N. America,IQ882318
PBF Holding Company LLC,N. America,IQ153968760
Thai Central Chemical Public Company Limited,APAC,IQ883664
"Hawaiian Electric Industries, Inc.",N. America,IQ277854
Shell Trading International Limited,EMEA,IQ23899383
Coal India Limited,APAC,IQ9192276
PT Unggul Indah Cahaya Tbk,APAC,IQ878322
Sasa Polyester Sanayi A.S.,EMEA,IQ4493261
"DONGSUNG CHEMICAL Co., Ltd.",APAC,IQ44269243
National Power Supply Public Company Limited,APAC,IQ5720270
Fumakilla Limited,APAC,IQ883683
Gujarat Fluorochemicals Limited,APAC,IQ591361157
"Hokkaido Gas Co., Ltd.",APAC,IQ881234
Godrej Agrovet Limited,APAC,IQ10530614
CMOC Group Limited,APAC,IQ26688717
"Sichuan Meifeng Chemical Industry Co., Ltd.",APAC,IQ13029347
"Tokyo Gas Co.,Ltd.",APAC,IQ875450
Arab Potash Company,EMEA,IQ883233
"Daesung Holdings Co., Ltd.",APAC,IQ9548749
Public Joint Stock Oil Company Bashneft,EMEA,IQ4960371
Tianjin Bohai State-Owned Assets Administration Co. Ltd,APAC,IQ145469041
Origin Enterprises plc,EMEA,IQ33172082
"KPIC Corporation Co., Ltd.",APAC,IQ84121869
Cleco Corporate Holdings LLC,N. America,IQ259829
Grupa Azoty S.A.,EMEA,IQ5546908
Gujarat Alkalies and Chemicals Limited,APAC,IQ4497462
Paz Retail And Energy Ltd.,EMEA,IQ2862959
China Oil and Gas Pipeline Network Corporation,APAC,IQ677870778
"Fuso Chemical Co.,Ltd.",APAC,IQ6479230
Power and Water Utility Company for Jubail and Yanbu,EMEA,IQ25019816
"Hanyu L&S Co., Ltd.",APAC,IQ105769709
Qatar Gas Transport Company Limited (Nakilat) (QPSC),EMEA,IQ22277372
"Fujian Tianma Science and Technology Group Co., Ltd",APAC,IQ243911415
Hindustan Zinc Limited,APAC,IQ882854
Essential Energy,APAC,IQ6562034
Otter Tail Corporation,N. America,IQ294269
Public Service Company of New Mexico,N. America,IQ3460082
Gandhar Oil Refinery (India) Limited,APAC,IQ128234216
Guangdong Chant Group Inc.,APAC,IQ49220574
Advanced Petrochemical Company,EMEA,IQ29214617
ENN Energy Holdings Limited,APAC,IQ8088984
Tenma Corporation,APAC,IQ881120
APA Group,APAC,IQ3799924
"Synergy Grid & Development Phils., Inc.",APAC,IQ661780821
Lynas Rare Earths Limited,APAC,IQ6521087
UK Power Networks Holdings Limited,EMEA,IQ115776386
"Shuifa Energas Gas Co., Ltd.",APAC,IQ81679726
Zhejiang Provincial Energy Group Company Ltd.,APAC,IQ20724929
Gold Corporation,APAC,IQ4492971
Kuriyama Holdings Corporation,APAC,IQ6464467
Yankee Gas Services Company,N. America,IQ4216627
Contact Energy Limited,APAC,IQ883677
Quang Ninh Thermal Power Joint Stock Company,APAC,IQ410797771
Stanwell Corporation Limited,APAC,IQ7767328
Boralex Inc.,N. America,IQ819163
Mitsui Chemicals & Skc Polyurethanes Inc.,APAC,IQ291048759
Xcel Energy Inc.,N. America,IQ527542
"Yangcheng County Yangtai Coal Industry Co.,Ltd",APAC,IQ145195128
"China Co-op Group Co.,Ltd",APAC,IQ128848088
Fluvius System Operator CV,EMEA,IQ51755407
ARC Resources Ltd.,N. America,IQ2946045
The AES Corporation,N. America,IQ35312
"ENN Investment Holdings Co., Ltd.",APAC,IQ583920397
"Korea Petrochemical Ind. Co., Ltd.",APAC,IQ5506361
Zhongyu Energy Holdings Limited,APAC,IQ8088263
KAMA Holdings Limited,APAC,IQ20375441
Wison Engineering Services Co. Ltd.,APAC,IQ225057810
China Huadian Corporation Ltd.,APAC,IQ9003539
Alectra Inc.,N. America,IQ369015108
"Soulbrain Holdings Co., Ltd.",APAC,IQ9736766
Poly Union Group Corporation,APAC,IQ140627164
Guangxi Nanning Waterworks Group Company Limited,APAC,IQ225856674
Alexandria Mineral Oils Company,EMEA,IQ7984769
"MidAmerican Funding, LLC",N. America,IQ3073998
Nevada Power Company,N. America,IQ983017
"Baoji Titanium Industry Co., Ltd.",APAC,IQ11437733
Southwestern Electric Power Company,N. America,IQ3182345
Genting Plantations Berhad,APAC,IQ875448
Urenco Limited,EMEA,IQ4155058
Huadian Power International Corporation Limited,APAC,IQ2115275
"Xinjiang Energy Co.,Ltd",APAC,IQ428411348
SSR Mining Inc.,N. America,IQ412632
"LSB Industries, Inc.",N. America,IQ284668
"China Resources Power Investment Co.,Ltd",APAC,IQ84930921
"Guangxi Guiguan Electric PowerCo.,Ltd.",APAC,IQ5773428
PetroVietNam Low Pressure Gas Distribution Joint Stock Company,APAC,IQ78795795
Brookfield Renewable Corporation,N. America,IQ643699340
Oando PLC,EMEA,IQ12418394
Stockholm Exergi Holding AB (publ),EMEA,IQ22548144
Northern States Power Company (Operating Subsidiary 2),N. America,IQ292770
J&J Chemical Co. Ltd.,APAC,IQ102228712
"Longyan Zhuoyue New Energy Co., Ltd.",APAC,IQ38594024
Nexa Resources S.A.,EMEA,IQ284839929
AltaGas Ltd.,N. America,IQ883129
Solar Applied Materials Technology Corporation,APAC,IQ12719430
AusNet Transmission Group Pty Ltd,APAC,IQ5547048
"Shandong Cynda Chemical Co.,Ltd.",APAC,IQ60753118
"Shizuoka Gas Co., Ltd.",APAC,IQ5885459
"Clearway Energy, Inc.",N. America,IQ241463154
"EIDP, Inc.",N. America,IQ268053
"HD Hyundai Oilbank Co., Ltd.",APAC,IQ5466321
Sun Metals Holdings Limited,APAC,IQ7890371
China Suntien Green Energy Corporation Limited,APAC,IQ112952011
"Huzhou Gas Co., Ltd.",APAC,IQ111304971
PILLAR Corporation,APAC,IQ5567233
SRF Limited,APAC,IQ881419
Imperial Chemical Industries Limited,EMEA,IQ280660
"Puyang Refractories Group Co., Ltd.",APAC,IQ44152748
NewMed Energy - Limited Partnership,EMEA,IQ20342455
"KH Energy Co., Ltd.",APAC,IQ91877609
Louisville Gas and Electric Company,N. America,IQ1975452
APA Corporation,N. America,IQ169838
Yankuang Energy Group Company Limited,APAC,IQ387417
Jiangxi Copper Company Limited,APAC,IQ4492895
Minerals Technologies Inc.,N. America,IQ320303
Nabha Power Limited,APAC,IQ104767373
Northern States Power Company (Operating Subsidiary 1),N. America,IQ12040739
NWF Group plc,EMEA,IQ882257
"Hanjin Heavy Industries & Construction Holdings Co., Ltd.",APAC,IQ36631895
Toronto Hydro Corporation,N. America,IQ884418
Frontera Energy Corporation,N. America,IQ3109158
Spire Alabama Inc.,N. America,IQ3114038
Antofagasta plc,EMEA,IQ877330
"Sino-Agri Leading Biosciences Co.,Ltd",APAC,IQ317097702
AusNet Services Holdings Pty Ltd,APAC,IQ12722367
"Entergy Texas, Inc.",N. America,IQ39650194
Motor Oil (Hellas) Corinth Refineries S.A.,EMEA,IQ10244928
"Eastern Energy Gas Holdings, LLC",N. America,IQ248272089
N.V. Nederlandse Gasunie,EMEA,IQ874969
"ALLETE, Inc.",N. America,IQ289272
Koppers Holdings Inc.,N. America,IQ12633071
Core Laboratories Inc.,N. America,IQ341021
Philadelphia Gas Works,N. America,IQ8032486
Ontario Power Generation Inc.,N. America,IQ1757991
Wynnstay Group Plc,EMEA,IQ5646940
AusNet Pty Ltd,APAC,IQ24915054
"Cheniere Corpus Christi Holdings, LLC",N. America,IQ284729432
North United Power Corporation,APAC,IQ28383967
"Guizhou Panjiang Refined Coal Co.,Ltd.",APAC,IQ5440400
Borregaard ASA,EMEA,IQ216329283
Panama Petrochem Limited,APAC,IQ20357770
EVN AG,EMEA,IQ877236
China Datang Corporation Ltd.,APAC,IQ13011171
"Duke Energy Indiana, LLC",N. America,IQ33415
Hengyuan Refining Company Berhad,APAC,IQ876772
Jaiprakash Power Ventures Limited,APAC,IQ11315992
Shenergy (Group) Company Limited,APAC,IQ13639523
PT Barito Renewables Energy Tbk,APAC,IQ1855805617
PetroVietnam Fertilizer and Chemicals Corporation,APAC,IQ33350527
"Daodaoquan Grain and Oil Co.,Ltd.",APAC,IQ47768713
Sierra Pacific Power Company,N. America,IQ1592587
Spire Inc.,N. America,IQ284847
Cadent Gas Limited,EMEA,IQ343455938
"Zanyu Technology Group Co., Ltd.",APAC,IQ52043294
Berger Paints India Limited,APAC,IQ9272718
"Changchun Gas Co,.Ltd",APAC,IQ12763466
"Zhejiang Hailiang Co., Ltd.",APAC,IQ26556223
"Zhejiang Yongtai Technology Co.,Ltd.",APAC,IQ49754366
China Resources Power Holdings Company Limited,APAC,IQ4100072
Kentucky Utilities Company,N. America,IQ3163034
"Hangzhou Oxygen Plant Group Co.,Ltd.",APAC,IQ26605256
"Entergy Louisiana, LLC",N. America,IQ25256736
PT Lautan Luas Tbk,APAC,IQ10176504
Orion S.A.,EMEA,IQ265752678
Castrol India Limited,APAC,IQ878285
First Gen Corporation,APAC,IQ22105819
Unitil Corporation,N. America,IQ311144
Queensland Electricity Transmission Corporation Limited,APAC,IQ22759080
"Eastern Gas Transmission and Storage, Inc.",N. America,IQ4235122
St1 Nordic Oy,EMEA,IQ265377741
Freeport-McMoRan Inc.,N. America,IQ273607
K+S Aktiengesellschaft,EMEA,IQ599488
"Beijing Haohua Energy Resource Co., Ltd.",APAC,IQ54451507
"COFCO Capital Holdings Co., Ltd.",APAC,IQ411784546
Kim Loong Resources Berhad,APAC,IQ8070350
"Datang Henan Power Generation Co.,Ltd",APAC,IQ621193278
"Jiangsu Changhai Composite Materials Co., Ltd",APAC,IQ128309967
"CVR Partners, LP",N. America,IQ41694753
"San Fang Chemical Industry Co., Ltd.",APAC,IQ11538107
"Dominion Energy South Carolina, Inc.",N. America,IQ3184035
"Star Group, L.P.",N. America,IQ344489
"Nan Pao Resins Chemical Co., Ltd.",APAC,IQ23036950
Jiangxi Copper Corporation Limited,APAC,IQ10580032
"Tongling Nonferrous Metals Group Co.,Ltd.",APAC,IQ5542407
"Cheniere Energy Partners, L.P.",N. America,IQ30834687
"Hubei Xingfa Chemicals Group Co., Ltd.",APAC,IQ12739207
Damodar Valley Corporation,APAC,IQ22136037
Shell Pilipinas Corporation,APAC,IQ5471151
"Compass Minerals International, Inc.",N. America,IQ5381745
Chongqing Water Environment Holdings Group Ltd.,APAC,IQ129250807
India Glycols Limited,APAC,IQ878372
Johor Plantations Group Berhad,APAC,IQ31134720
The Israel Electric Corporation Ltd.,EMEA,IQ879248
Hydro-Québec,N. America,IQ873856
Jordan Petroleum Refinery Co. Ltd.,EMEA,IQ5482316
Malakoff Corporation Berhad,APAC,IQ875114
TotalEnergies Marketing Ghana PLC,EMEA,IQ12505987
Batu Kawan Berhad,APAC,IQ875690
"Yuyao Construction Investment Development Co.,Ltd.",APAC,IQ231877571
SJVN Limited,APAC,IQ10440032
Shanghai Chengtou Group Corporation,APAC,IQ36147119
"CHN Energy Changyuan Electric Power Co.,Ltd.",APAC,IQ5663792
Elders Limited,APAC,IQ877656
"Advanced Technology & Materials Co., Ltd.",APAC,IQ5398366
HEXPOL AB (publ),EMEA,IQ23135739
"Hailir Pesticides and Chemicals Group Co.,Ltd.",APAC,IQ251731481
"EOG Resources, Inc.",N. America,IQ269660
Southern Company Gas,N. America,IQ252517
China Gold International Resources Corp. Ltd.,N. America,IQ2326941
Freedom Energy Holdings Pty Ltd,APAC,IQ49445948
Enbridge Gas Inc.,N. America,IQ597323671
"Wellhope Foods Co., Ltd.",APAC,IQ83287166
AECI Ltd,EMEA,IQ874129
IRPC Public Company Limited,APAC,IQ879846
NLC India Limited,APAC,IQ8081460
L'Air Liquide S.A.,EMEA,IQ873964
Imperial Oil Limited,N. America,IQ280747
"Shaanxi Coal and Chemical Industry Group Co.,Ltd.",APAC,IQ47612566
"Hoshine Silicon Industry Co., Ltd.",APAC,IQ133442386
"Samchully Co.,Ltd",APAC,IQ5523255
Hydro One Inc.,N. America,IQ311478339
Tampa Electric Company,N. America,IQ3034707
"Naturgy México, S.A. de C.V.",N. America,IQ1882369
Asturiana de Zinc S.A.,EMEA,IQ765587
"Incheon City Gas Co., Ltd.",APAC,IQ29017945
NewMarket Corporation,N. America,IQ270395
SD Guthrie Berhad,APAC,IQ39737498
Mekorot Water Co. Ltd.,EMEA,IQ5504062
"Hoosier Energy Rural Electric Cooperative, Inc.",N. America,IQ4218966
PETRONAS Gas Berhad,APAC,IQ880116
Consumers Energy Company,N. America,IQ3109180
Axalta Coating Systems Ltd.,N. America,IQ216313883
"Sabine Pass Liquefaction, LLC",N. America,IQ115621596
"Joint Stock Company ""National Company ""QazaqGaz""",APAC,IQ21769618
"Jinan Shengquan Group Share Holding Co., Ltd.",APAC,IQ49036426
Binhai Investment Company Limited,APAC,IQ6494131
"Sichuan Hongda Co.,Ltd",APAC,IQ12937072
"American Municipal Power, Inc.",N. America,IQ4245170
"Zhejiang Hailide New Material Co.,Ltd",APAC,IQ39791714
"Fertiberia Corporate, S.L.U.",EMEA,IQ697305786
"Jiangsu Flag Chemical Industry Co., Ltd.",APAC,IQ109299459
"SDIC Power Holdings Co., Ltd",APAC,IQ9736070
Peyto Exploration & Development Corp.,N. America,IQ983668
Kuala Lumpur Kepong Berhad,APAC,IQ873965
Tata Power Delhi Distribution Limited,APAC,IQ9664245
"Shandong Yanggu Huatai Chemical Co., Ltd.",APAC,IQ76500270
"Wuhan Urban Construction Investment & Development Group Co.,Ltd",APAC,IQ22519908
Peabody Energy Corporation,N. America,IQ32792
"EP Infrastructure, a.s.",EMEA,IQ254228213
"Baowu Magnesium Technology Co., Ltd.",APAC,IQ38550219
"Shanghai Chlor-Alkali Chemical Co., Ltd.",APAC,IQ2482060
"CECEP Wind-power Corporation Co.,Ltd.",APAC,IQ184496885
Ellevio AB (publ),EMEA,IQ304236980
Devon Energy Corporation,N. America,IQ266510
Southern Indiana Gas and Electric Company,N. America,IQ3535096
PT Charoen Pokphand Indonesia Tbk,APAC,IQ2481327
PhiChem Corporation,APAC,IQ114074964
"Oil States International, Inc.",N. America,IQ94197
"Hunan Chendian International Developmentco.,ltd",APAC,IQ12678023
"Gansu Farms and Land Reclamation Group Co.,Ltd.",APAC,IQ141107750
Open Joint Stock Company EnergosbyT Plus,EMEA,IQ23697817
"Jinneng Holding Shanxi Electric Power Co.,LTD.",APAC,IQ5576798
Sensient Technologies Corporation,N. America,IQ311239
Public Service Company of New Hampshire,N. America,IQ1696273
Korea National Oil Corporation,APAC,IQ5523416
Inner Mongolia Dian Tou Energy Corporation Limited,APAC,IQ34049643
Talwandi Sabo Power Limited,APAC,IQ106892289
"Jilin Chemical Fibre Stock Co.,Ltd",APAC,IQ6562902
Huaneng Lancang River Hydropower Inc.,APAC,IQ27246351
PT Pertamina Geothermal Energy Tbk,APAC,IQ36871547
"Lotte International Co., Ltd.",APAC,IQ660169803
"NorthWestern Energy Group, Inc.",N. America,IQ184841
"MODEC, Inc.",APAC,IQ5722681
"Datang Sichuan Power Generation Co.,Ltd.",APAC,IQ434144641
Coentreprise de Transport d'Electricité S.A.,EMEA,IQ424925605
RTE Réseau de Transport d'électricité,EMEA,IQ24164679
Fufeng Group Limited,APAC,IQ31292323
"Sinosteel New Materials Co., Ltd.",APAC,IQ27810739
"TEPCO Renewable Power, Incorporated",APAC,IQ644790841
"Michang Oil Ind. Co., Ltd.",APAC,IQ5720817
"Guangdong Dowstone Technology Co., Ltd.",APAC,IQ262683275
Chambal Fertilisers and Chemicals Limited,APAC,IQ877501
Chu Kong Petroleum and Natural Gas Steel Pipe Holdings Limited,APAC,IQ85030254
World Kinect Corporation,N. America,IQ281599
"WEC Energy Group, Inc.",N. America,IQ315117
Public Service Company of Colorado,N. America,IQ298400
KWS SAAT SE & Co. KGaA,EMEA,IQ880406
"Seoul City Gas Co., Ltd.",APAC,IQ2444461
ForFarmers N.V.,EMEA,IQ5551618
Beach Energy Limited,APAC,IQ874657
"Sichuan Guangan Aaa Public Co.,Ltd",APAC,IQ12708985
Lantmännen Ekonomisk Förening,EMEA,IQ22516346
The Sherwin-Williams Company,N. America,IQ303104
Westcoast Energy Inc.,N. America,IQ313947
Materion Corporation,N. America,IQ256977
CNOOC Energy Technology & Services Limited,APAC,IQ52000602
"China Rare Earth Resources And Technology Co., Ltd.",APAC,IQ29000318
"Corporación Acciona Energías Renovables, S.A.",EMEA,IQ224717377
Corbion N.V.,EMEA,IQ874125
China General Nuclear Power Corporation,APAC,IQ21953728
Ecovyst Inc.,N. America,IQ433871442
Glow Energy Public Company Limited,APAC,IQ20725855
Black Hills Corporation,N. America,IQ255902
DTE Electric Company,N. America,IQ1067744
FortisAlberta Inc.,N. America,IQ11812098
PT Darma Henwa Tbk,APAC,IQ22421879
Kentucky Power Company,N. America,IQ3097793
"Daesung Energy Co., Ltd.",APAC,IQ107237237
Inpex Corporation,APAC,IQ6441007
Poongsan Corporation,APAC,IQ58772116
"LB Group Co., Ltd.",APAC,IQ49589843
"China Nonferrous Metal Industry's Foreign Engineering and Construction Co.,Ltd.",APAC,IQ20334579
"China Southern Power Grid Co.,Ltd.",APAC,IQ9950747
AB Akola Group,EMEA,IQ84196101
"Gansu Yasheng Industrial (Group) Co., Ltd.",APAC,IQ6069243
"Korea South-East Power Co., Ltd.",APAC,IQ5480107
"Xinjiang Tianrun Dairy Co., Ltd.",APAC,IQ20383970
Fortis Inc.,N. America,IQ875612
MVV Energie AG,EMEA,IQ884278
"Maverick Natural Resources, LLC",N. America,IQ28071116
Exxaro Resources Limited,EMEA,IQ3479967
"Datang Shanxi Power Generation Co.,Ltd",APAC,IQ686795623
Canadian Natural Resources Limited,N. America,IQ527692
"Entergy Arkansas, LLC",N. America,IQ3109907
"Zhejiang Zheneng Electric Power Co., Ltd.",APAC,IQ228824095
Xinyi Energy Holdings Limited,APAC,IQ307894605
"Yantai Guofeng Investment Holdings Groups Co.,Ltd",APAC,IQ100409337
Shell Oman Marketing Company SAOG,EMEA,IQ10304996
Binh Dien Fertilizer Joint Stock Company,APAC,IQ34765191
Massachusetts Electric Company,N. America,IQ3078764
RPM International Inc.,N. America,IQ299095
"Zhejiang Fuchunjiang Environmental Thermoelectric Co.,LTD.",APAC,IQ54174224
"Hubei Kailong Chemical Group Co., Ltd.",APAC,IQ20629717
Jordan Electric Power Company,EMEA,IQ882811
OQ Exploration and Production SAOG,EMEA,IQ78819649
Daehan Chemical Industrial Co. Ltd,APAC,IQ96056620
"Baiyin Nonferrous Group Co., Ltd.",APAC,IQ29328716
National Grid North America Inc.,N. America,IQ113525440
Nova Scotia Power Inc.,N. America,IQ3173937
"Zhongjin Gold Corp.,Ltd",APAC,IQ9648153
Statnett SF,EMEA,IQ8807894
EQT Corporation,N. America,IQ269924
State Power Investment Corporation Limited,APAC,IQ9284514
APA Infrastructure Limited,APAC,IQ34599831
Kelda Finance (No.1) Limited,EMEA,IQ254708616
Lapidoth Capital Ltd,EMEA,IQ20353773
MPLX LP,N. America,IQ212766522
"Shaanxi Xinghua Chemistry Co.,Ltd",APAC,IQ30900236
Innospec Inc.,N. America,IQ226057
"Beijing Energy Holding Co., Ltd.",APAC,IQ42676164
"Evergy Missouri West, Inc.",N. America,IQ311595
Guangdong Agribusiness Group Corporation,APAC,IQ207397966
PT Bayan Resources Tbk.,APAC,IQ41844712
American Transmission Company LLC,N. America,IQ1528157
Northern Natural Gas Company,N. America,IQ1555863
Energy Queensland Limited,APAC,IQ539020557
Gasum Oy,EMEA,IQ5493573
fenaco Genossenschaft,EMEA,IQ5478385
Washington Gas Light Company,N. America,IQ3027743
"Zhuzhou Smelter Group Co.,Ltd.",APAC,IQ21766661
Global Power Synergy Public Company Limited,APAC,IQ30328918
Chengdu Environment Group,APAC,IQ117088985
"Shenzhen Noposion Crop Science Co., Ltd.",APAC,IQ40254317
Glas Cymru Anghyfyngedig,EMEA,IQ4588388
"Shangrao Innovation Development Industry Investment Group Co.,Ltd.",APAC,IQ653747494
"Chugoku Marine Paints, Ltd.",APAC,IQ880671
Beijing Enterprises Holdings Limited,APAC,IQ882569
Wisconsin Public Service Corporation,N. America,IQ678248
China Silver Group Limited,APAC,IQ225229546
DCC plc,EMEA,IQ878759
PG&E Corporation,N. America,IQ139813
South Eastern Power Networks plc,EMEA,IQ5720375
United Utilities PLC,EMEA,IQ323505695
Wisconsin Gas LLC,N. America,IQ3026266
"Hawaiian Electric Company, Inc.",N. America,IQ9588508
Basin Electric Power Cooperative,N. America,IQ4207309
CK Power Public Company Limited,APAC,IQ136603744
"Juheshun Advanced Material Co., Ltd.",APAC,IQ548241204
United Utilities Water Limited,EMEA,IQ22515276
Newcrest Mining Limited,APAC,IQ875895
Birla Carbon (Thailand) Public Company Limited,APAC,IQ9237228
Public Joint-Stock Energy and Electrification Company Samaraenergo,EMEA,IQ4037026
Northern Gas Networks Holdings Limited,EMEA,IQ11461914
The Kenya Power and Lighting Company Plc,EMEA,IQ877184
Lopez Holdings Corporation,APAC,IQ881580
First Philippine Holdings Corporation,APAC,IQ4481208
PetroVietnam Power Corporation - JSC,APAC,IQ39656064
SK Energy Co. Ltd.,APAC,IQ228794652
SM Energy Company,N. America,IQ323532
"Tennessee Gas Pipeline Company, L.L.C.",N. America,IQ3034175
Jiangsu Guoxin Corp. Ltd.,APAC,IQ346992777
"Toho Titanium Company, Limited",APAC,IQ883675
Bluestar Adisseo Company,APAC,IQ115708052
Huadian Yunnan Power Generation Corporation Limited,APAC,IQ585968370
EPCOR Utilities Inc.,N. America,IQ676080
Magnolia Oil & Gas Corporation,N. America,IQ428015788
Pidilite Industries Limited,APAC,IQ878761
Fluxys NV,EMEA,IQ140953203
National Central Cooling Company PJSC,EMEA,IQ10404464
"Leshan Electric Power Co.,Ltd",APAC,IQ12761379
Binh Son Refining and Petrochemical Joint Stock Company,APAC,IQ47578599
Eastern Polymer Group Public Company Limited,APAC,IQ272352734
Sinarsky Pipe Plant Public Joint Stock Company,EMEA,IQ20412391
"Guangdong Energy Group Co., Ltd.",APAC,IQ5872194
"China National Nuclear Power Co., Ltd.",APAC,IQ208416863
"Western Metal Materials Co., Ltd.",APAC,IQ35679104
"Continental Resources, Inc.",N. America,IQ1534795
PT Tunas Baru Lampung Tbk,APAC,IQ8951934
Essar Energy Limited,EMEA,IQ100548485
"Joint Stock Company ""National Company ""KazMunayGas""",APAC,IQ20504010
China Youran Dairy Group Limited,APAC,IQ697552776
Towngas Smart Energy Company Limited,APAC,IQ5075432
CLP Power Hong Kong Limited,APAC,IQ3746890
Tianqi Lithium Corporation,APAC,IQ47616139
CESC Limited,APAC,IQ882116
"Transcontinental Gas Pipe Line Company, LLC",N. America,IQ3031850
Madison Gas and Electric Company,N. America,IQ3563975
Wisconsin Electric Power Company,N. America,IQ3188752
Liberty Utilities Co.,N. America,IQ158915560
PT Energi Mega Persada Tbk,APAC,IQ9610752
Énergir Inc.,N. America,IQ22516356
"Grandblue Environment Co., Ltd.",APAC,IQ12457798
Southern Copper Corporation,N. America,IQ350405
"Suli Co., Ltd.",APAC,IQ272680685
"Shenghe Resources Holding Co., Ltd",APAC,IQ215010012
China Resources Gas Group Limited,APAC,IQ4508911
"Grupo México, S.A.B. de C.V.",N. America,IQ879908
Ajmer Vidyut Vitran Nigam Limited,APAC,IQ32664971
Heilongjiang Agriculture Company Limited,APAC,IQ9776831
Guangzhou Development Group Incorporated,APAC,IQ5502757
Guizhou Energy Group Corporation Limited,APAC,IQ139025089
Thai Oil Public Company Limited,APAC,IQ5473447
"Texas Eastern Transmission, LP",N. America,IQ3033869
Galaxy Surfactants Limited,APAC,IQ32507616
Public Joint Stock Company Group of Companies TNS energo,EMEA,IQ27926079
San Miguel Global Power Holdings Corp.,APAC,IQ118799303
Kuzbassrazrezugol Open Joint - Stock Coal Company,EMEA,IQ20949564
"Associated Electric Cooperative, Inc.",N. America,IQ4192558
"Chengdu Xingrong Environment Co., Ltd.",APAC,IQ20334516
The Fertilisers and Chemicals Travancore Limited,APAC,IQ20343157
Commonwealth Edison Company,N. America,IQ3128326
Athabasca Oil Corporation,N. America,IQ48809313
NTPC Limited,APAC,IQ9673133
"Anhui Province Energy Group Co.,Ltd",APAC,IQ38948412
Afriquia Gaz SA,EMEA,IQ20359990
Grosskraftwerk Mannheim Aktiengesellschaft,EMEA,IQ4469442
Transmontaigne Partners LLC,N. America,IQ20927496
"Taekyung Industry.Co., Ltd.",APAC,IQ9548899
Fuchs SE,EMEA,IQ877182
MML Holdings Limited,APAC,IQ768842
"Tokyo Ohka Kogyo Co., Ltd.",APAC,IQ880813
P.S.P. Specialties Public Company Limited,APAC,IQ244433601
PT Bukit Asam (Persero) Tbk,APAC,IQ7689785
"IDACORP, Inc.",N. America,IQ280458
Idaho Power Company,N. America,IQ3154614
Chongqing Gas Group Corporation Ltd.,APAC,IQ54917065
Naturstrom AG,EMEA,IQ216346513
Givaudan SA,EMEA,IQ1511174
LS MnM Inc.,APAC,IQ34393051
"Satellite Chemical Co.,Ltd.",APAC,IQ54409621
"Minera Frisco, S.A.B. de C.V.",N. America,IQ115571090
National Fertilizers Limited,APAC,IQ8809159
"Longxing Technology Group Co., Ltd.",APAC,IQ49131338
"Offshore Oil Engineering Co.,Ltd",APAC,IQ5663052
Amalgamated Metal Corporation PLC,EMEA,IQ873692
B.Grimm Power Public Company Limited,APAC,IQ246790934
State Grid Corporation of China,APAC,IQ5479728
Guangdong Holdings Limited,APAC,IQ78767051
Public Service Enterprise Group Incorporated,N. America,IQ298482
Gujarat State Petroleum Corporation Limited,APAC,IQ9050358
"Lee Ku Industrial Co., Ltd.",APAC,IQ13177726
"Guangdong Sunwill Precising Plastic Co.,Ltd",APAC,IQ49131733
Innergex Renewable Energy Inc.,N. America,IQ6164511
Pipeline Infrastructure Limited,APAC,IQ580758010
Rashtriya Chemicals and Fertilizers Limited,APAC,IQ8952834
China Power International Development Limited,APAC,IQ8248164
"Datang Shaanxi Power Generation Co.,Ltd.",APAC,IQ114666456
Watercare Services Limited,APAC,IQ5864014
"China Northern Rare Earth (Group) High-Tech Co.,Ltd",APAC,IQ12466884
Energy Transfer LP,N. America,IQ23812789
Versalis SpA,EMEA,IQ4257728
Guizhou Gas Group Corporation Ltd.,APAC,IQ58094096
Atlantic City Electric Company,N. America,IQ1535818
Rojana Industrial Park Public Company Limited,APAC,IQ8089762
UNID Company Ltd.,APAC,IQ5566717
Gran Tierra Energy Inc.,N. America,IQ24738407
"Guizhou Wujiang Energy Investment Co.,Ltd.",APAC,IQ129931746
"Tianjin Food Group Co., Ltd.",APAC,IQ610230951
Ecolab Inc.,N. America,IQ268799
"Lier Chemical Co.,LTD.",APAC,IQ46398023
United Utilities Group PLC,EMEA,IQ408730
California Water Service Group,N. America,IQ257568
"Befar Group Co.,Ltd",APAC,IQ36144205
"Orinko Advanced Plastics Co.,LTD",APAC,IQ116455130
Shenzhen Gas Corporation Ltd.,APAC,IQ82615029
Avebe U.A.,EMEA,IQ874742
Mangalore Refinery and Petrochemicals Limited,APAC,IQ878528
"SK Discovery Co., Ltd.",APAC,IQ2444475
Repower AG,EMEA,IQ881743
Omni-Plus System Limited,APAC,IQ62200648
Mississippi Power Company,N. America,IQ3170623
Acinque S.p.A.,EMEA,IQ5408396
United Plantations Berhad,APAC,IQ875078
NTPC-SAIL Power Company Limited,APAC,IQ32514405
Pfalzwerke Aktiengesellschaft,EMEA,IQ4456719
PT Adaro Andalan Indonesia Tbk,APAC,IQ51371157
Kunlun Energy Company Limited,APAC,IQ5554020
"Jinzhou Yongshan Lithium Co., Ltd",APAC,IQ143537503
Golden Agri-Resources Ltd,APAC,IQ2445802
Verbio SE,EMEA,IQ28676657
GOIL Plc,EMEA,IQ26609336
TotalEnergies Marketing Kenya PLC,EMEA,IQ5547635
Mangalore Chemicals & Fertilizers Limited,APAC,IQ876418
ExxonMobil New Zealand Holdings,APAC,IQ49164021
Scientex Berhad,APAC,IQ8081517
"Wanhua Chemical Group Co., Ltd.",APAC,IQ9535407
The Great Eastern Shipping Company Limited,APAC,IQ878168
Rompetrol Rafinare S.A.,EMEA,IQ20358933
Greenfood AB (publ),EMEA,IQ687630853
Southwest Gas Corporation,N. America,IQ413909753
"Zhejiang Double Arrow Rubber Co., Ltd.",APAC,IQ49139453
Keck Seng (Malaysia) Berhad,APAC,IQ876897
"GRIPM Advanced Materials Co., Ltd.",APAC,IQ702410607
"Duke Energy Progress, LLC",N. America,IQ632409
"Xinjiang Tianfu Energy Co., Ltd.",APAC,IQ20384683
"Yalong River Hydropower Development Company, Ltd.",APAC,IQ24804466
The Metropolitan Electricity Authority,APAC,IQ5472107
"Wuhan Sanzhen Industry Holding Co.,Ltd",APAC,IQ20383972
Banpu Public Company Limited,APAC,IQ877200
Deepak Fertilisers And Petrochemicals Corporation Limited,APAC,IQ4481635
"Shenzhen Capchem Technology Co., Ltd.",APAC,IQ52744727
"Korea Hydro & Nuclear Power Co., Ltd.",APAC,IQ5467575
"ShanDong Longhua New Material Co.,Ltd.",APAC,IQ547650591
Eastern Power Networks plc,EMEA,IQ32450099
Savita Oil Technologies Limited,APAC,IQ12704334
Alabama Power Company,N. America,IQ1255073
"AdP - Águas de Portugal, SGPS, S.A.",EMEA,IQ9804847
ConocoPhillips,N. America,IQ296527
Gas Malaysia Berhad,APAC,IQ11419736
National Fuel Gas Company,N. America,IQ290898
KazTransOil JSC,APAC,IQ11382102
"Yunnan Copper Co.,Ltd",APAC,IQ5522439
Borealis GmbH,EMEA,IQ879918
Japan Australia LNG (MIMI) Pty Ltd,APAC,IQ5632222
Enterprise Products Partners L.P.,N. America,IQ388763
"Jiangxi Jovo Energy Co., Ltd",APAC,IQ531492120
PT Dian Swastatika Sentosa Tbk,APAC,IQ79230811
Sharda Cropchem Limited,APAC,IQ42466282
West Bengal State Electricity Distribution Company Limited,APAC,IQ51796100
"Jiangsu Salt Industry (Group) Co.,Ltd.",APAC,IQ43474689
TOA Paint (Thailand) Public Company Limited,APAC,IQ5750747
Zagrebacki holding d.o.o.,EMEA,IQ35135937
Eskom Holdings SOC Ltd,EMEA,IQ875739
Darling Ingredients Inc.,N. America,IQ341990
Boliden AB (publ),EMEA,IQ5479455
Florida Power & Light Company,N. America,IQ3152324
"Gansu Province Electric Power Investment Group Co.,Ltd.",APAC,IQ128668144
PPL Electric Utilities Corporation,N. America,IQ3174649
Edison International,N. America,IQ301891
"Huadian Coal Industry Group Co., Ltd",APAC,IQ26764304
Balchem Corporation,N. America,IQ253076
North West Electricity Networks (Holdings) Limited,EMEA,IQ215121948
Carborundum Universal Limited,APAC,IQ881197
"Zhengzhou Coal Industry (Group) Co., Ltd",APAC,IQ11042746
"Fujian Fuqing Nuclear Power Co., Ltd.",APAC,IQ302645691
"Constellation Energy Generation, LLC",N. America,IQ1765421999
Antero Midstream Corporation,N. America,IQ276417619
Pilbara Iron Company (Services) Pty Ltd,APAC,IQ47690411
"American Electric Power Company, Inc.",N. America,IQ135470
Azienda Elettrica Ticinese,EMEA,IQ5638340
Public Joint Stock Company Rosseti Centre,EMEA,IQ36468913
Korea District Heating Corp.,APAC,IQ5537206
Shell Energy Operations Pty Ltd,APAC,IQ38655696
"CGN Korea Holdings Co., Ltd.",APAC,IQ99676769
Superior Plus Corp.,N. America,IQ881137
Jordan Phosphate Mines Co. Plc,EMEA,IQ5532911
"Tongkun Group Co., Ltd.",APAC,IQ26554261
Yorkshire Water Services Limited,EMEA,IQ950702
SIMONA Aktiengesellschaft,EMEA,IQ881581
"CenterPoint Energy Houston Electric, LLC",N. America,IQ4935769
Cathay Biotech Inc.,APAC,IQ685433829
NSTAR Electric Company,N. America,IQ3531778
"Nippon Paint Holdings Co., Ltd.",APAC,IQ874407
"American Water Works Company, Inc.",N. America,IQ250885
"Northern Indiana Public Service Company, LLC",N. America,IQ765808
"REN - Redes Energéticas Nacionais, SGPS, S.A.",EMEA,IQ5468837
Bristow Group Inc.,N. America,IQ292980
PT Perusahaan Gas Negara Tbk,APAC,IQ5824853
"Kumho P&B Chemicals, INC.",APAC,IQ22709778
New England Power Company,N. America,IQ3067795
Sarawak Oil Palms Berhad,APAC,IQ4508819
Aeris Resources Limited,APAC,IQ118635600
Al Maha Petroleum Products Marketing Company SAOG,EMEA,IQ21752886
Korea Electric Power Corporation,APAC,IQ380884
The Potomac Edison Company,N. America,IQ3564019
Rand Water,EMEA,IQ4468141
"Progress Energy, Inc.",N. America,IQ258891
"Calumet, Inc.",N. America,IQ24249112
"American Transmission Systems, Incorporated",N. America,IQ26004586
"Inner Mongolia Junzheng Energy & Chemical Group Co.,Ltd.",APAC,IQ118598068
The East Ohio Gas Company,N. America,IQ4235110
"YONFER Agricultural Technology Co., Ltd.",APAC,IQ241700508
AB Ignitis grupe,EMEA,IQ62369802
"Essential Utilities, Inc.",N. America,IQ296276
Shell Energy Retail Pty Ltd,APAC,IQ280110416
GHW International,APAC,IQ647873895
"SK on trading international Co., Ltd.",APAC,IQ242830444
"Public Service Company of North Carolina, Incorporated",N. America,IQ298528
American States Water Company,N. America,IQ304353
Inter Pipeline Ltd.,N. America,IQ882007
Byrnecut Australia Pty Ltd,APAC,IQ54100848
Monongahela Power Company,N. America,IQ3073712
SABIC Agri-Nutrients Company,EMEA,IQ11071994
"SK Enmove Co., Ltd.",APAC,IQ100788466
"Jiangyin Haida Rubber And Plastic Co., Ltd.",APAC,IQ49924998
ITC Holdings Corp.,N. America,IQ6565801
Costa Group Holdings Pty Ltd,APAC,IQ5523266
Bangchak Sriracha Public Company Limited,APAC,IQ5871994
Southern Petrochemical Industries Corporation Limited,APAC,IQ876447
Castle Peak Power Company Limited,APAC,IQ25990050
DongNai Plastic Construction Joint-stock Company,APAC,IQ30646113
Severn Trent Water Limited,EMEA,IQ8952786
DTE Gas Company,N. America,IQ3074009
"Audax Renovables, S.A.",EMEA,IQ225670119
Tessenderlo Group NV,EMEA,IQ876662
OCP SA,EMEA,IQ5476844
Northumbrian Water Group Limited,EMEA,IQ20642237
North Atlantic Energies,EMEA,IQ873907
AlzChem Group AG,EMEA,IQ47106277
"Chengdu Guibao Science & Technology Co.,Ltd.",APAC,IQ69237279
SNGN Romgaz SA,EMEA,IQ22619373
BBGI Public Company Limited,APAC,IQ561220895
Atlantica Sustainable Infrastructure Limited,EMEA,IQ261316081
Provincial Electricity Authority,APAC,IQ12721681
"Shandong Sinocera Functional Material Co., Ltd.",APAC,IQ142497664
Northwest Natural Gas Company,N. America,IQ555725368
Dubai Electricity and Water Authority (PJSC),EMEA,IQ34300824
California Resources Corporation,N. America,IQ263774786
"Western Midstream Operating, LP",N. America,IQ37995045
"Western Midstream Partners, LP",N. America,IQ223971217
Czech Gas Networks Investments S.à r.l.,EMEA,IQ610614461
"Consolidated Edison Company of New York, Inc.",N. America,IQ6020983
Shaoxing Public Utility Group Co.Ltd,APAC,IQ212806038
Ameren Illinois Company,N. America,IQ856489
SGSP (Australia) Assets Pty Ltd,APAC,IQ47835514
Pryce Corporation,APAC,IQ10622118
"KLX Energy Services Holdings, Inc.",N. America,IQ561218649
TAQA Morocco S.A.,EMEA,IQ25333755
"Slovenské elektrárne, a.s.",EMEA,IQ5478139
Wessex Water Services Limited,EMEA,IQ986941
Georgia Power Company,N. America,IQ796410
Public Service Electric and Gas Company,N. America,IQ3053378
"Fuji Oil Company, Ltd.",APAC,IQ7911556
"ONE Gas, Inc.",N. America,IQ243685856
Hess Midstream LP,N. America,IQ272761870
Styrenix Performance Materials Limited,APAC,IQ12704564
Major Drilling Group International Inc.,N. America,IQ879939
Electricity Generating Authority of Thailand,APAC,IQ5467276
Emirates Central Cooling Systems Corporation,EMEA,IQ23738784
CDP RETI S.p.A.,EMEA,IQ223951616
Viohalco S.A.,EMEA,IQ883095
"Quechen Silicon Chemical Co., Ltd.",APAC,IQ113744700
"China Tungsten And Hightech Materials Co.,Ltd",APAC,IQ5600089
Chemtrade Logistics Income Fund,N. America,IQ998579
"Zhongnongfa Seed Industry Group Co., Ltd.",APAC,IQ5542584
Mitsui Resources Pty Ltd,APAC,IQ22774750
Energy Developments Pty Limited,APAC,IQ344856
Oncor Electric Delivery Holdings Company LLC,N. America,IQ49411213
"Xiamen Tungsten Co.,Ltd.",APAC,IQ12962133
Parkland Corporation,N. America,IQ875094
Weatherford International plc,N. America,IQ553033
"Xinjiang Xintai Natural Gas Co., Ltd.",APAC,IQ290731884
Dialog Group Berhad,APAC,IQ4509042
Mineral Resources Limited,APAC,IQ27871534
"Tinergy Chemical Co., Ltd.",APAC,IQ29765627
Itafos Inc.,N. America,IQ58583190
SSE Energy Supply Limited,EMEA,IQ5466907
"Red Avenue New Materials Group Co., Ltd.",APAC,IQ529402422
Wilpinjong Coal Pty Ltd,APAC,IQ32414235
National Grid Electricity Transmission plc,EMEA,IQ7942049
"FirstEnergy Transmission, LLC",N. America,IQ216533245
Newfoundland and Labrador Hydro,N. America,IQ873877
Exelon Corporation,N. America,IQ296181
Nuclear Power Corporation of India Limited,APAC,IQ12704357
The United Illuminating Company,N. America,IQ682083
Linköpings Stadshus AB (publ),EMEA,IQ49411286
"Duke Energy Florida, LLC",N. America,IQ1578946
"Sinoma Science & Technology Co.,Ltd.",APAC,IQ29056361
Ohio Valley Electric Corporation,N. America,IQ3063103
An Hui Wenergy Company Limited,APAC,IQ9616572
"HYUNDAI Welding CO., Ltd.",APAC,IQ3452112
Appalachian Power Company,N. America,IQ3103063
"Huaneng International Power Jiangsu Energy Development Co., Ltd.",APAC,IQ1762048587
Energy Infrastructure Trust,APAC,IQ602919753
"Inner Mongolia Saikexing Reproductive Biotechnology(Group) Co., Ltd",APAC,IQ224106254
"IPALCO Enterprises, Inc.",N. America,IQ281931
AES Indiana,N. America,IQ1725636
Wisconsin Power and Light Company,N. America,IQ3188753
BP International Limited,EMEA,IQ5868965
China XLX Fertiliser Ltd.,APAC,IQ34927264
"HCIG Energy Investment Co., Ltd.",APAC,IQ20344044
"Guanghui Energy Co., Ltd.",APAC,IQ5534215
"Ningxia State-Owned Capital Operation Group Co.,Ltd",APAC,IQ414514437
National Electric Power Company,EMEA,IQ5579532
Indigrid Infrastructure Trust,APAC,IQ412492717
"Orange and Rockland Utilities, Inc.",N. America,IQ293966
Ohio Power Company,N. America,IQ3063105
"Dymatic Chemicals,Inc.",APAC,IQ24310514
Avista Corporation,N. America,IQ100918
Manila Electric Company,APAC,IQ874451
"OSAKA Titanium technologies Co.,Ltd.",APAC,IQ5579979
Northumbrian Water Limited,EMEA,IQ4305943
"Guangdong Nanhai Holding Group Co., Ltd.",APAC,IQ130647003
Socfinaf S.A.,EMEA,IQ20374036
"Alliance Resource Partners, L.P.",N. America,IQ404105
"Guangzhou Tinci Materials Technology Co., Ltd.",APAC,IQ53146254
Gibson Energy Inc.,N. America,IQ4282491
Public Service Company of Oklahoma,N. America,IQ3053379
Nanjing Tanker Corporation,APAC,IQ5435139
"CPC Corporation, Taiwan",APAC,IQ874748
Subsea 7 S.A.,EMEA,IQ359868
Top Energy Company Ltd.Shanxi,APAC,IQ9377918
Severn Trent PLC,EMEA,IQ691530
Calpine LLC,N. America,IQ350475
"UGI Utilities, Inc.",N. America,IQ3030403
"Duke Energy Carolinas, LLC",N. America,IQ610505
FirstEnergy Corp.,N. America,IQ293515
Indiana Michigan Power Company,N. America,IQ3154925
AMG Critical Materials N.V.,EMEA,IQ35387672
PT Perusahaan Listrik Negara (Persero),APAC,IQ6296392
Spic Northeast Electric Power Company Limited,APAC,IQ242363583
"Anhui Xinke New Materials Co.,Ltd",APAC,IQ5722716
AnAn International Limited,APAC,IQ26557088
Public Joint stock company Rosseti Lenenergo,EMEA,IQ3620384
Ampol Limited,APAC,IQ877088
"Duke Energy Kentucky, Inc.",N. America,IQ3029957
Anglian Water Services Limited,EMEA,IQ9754774
Scottish Power UK plc,EMEA,IQ35292558
Malaysia Marine and Heavy Engineering Holdings Berhad,APAC,IQ5554355
"Excelerate Energy, Inc.",N. America,IQ1763672656
"Shanghai Electric Power Co., Ltd.",APAC,IQ5872206
Energie Steiermark AG,EMEA,IQ26961274
BKW AG,EMEA,IQ874913
naturenergie holding AG,EMEA,IQ9885207
Dampier Salt Limited,APAC,IQ1531085
"Hubei Huitian New Materials Co., Ltd.",APAC,IQ82081454
Energie AG Oberösterreich,EMEA,IQ2458568
"Duke Energy Ohio, Inc.",N. America,IQ887314
Bumitama Agri Ltd.,APAC,IQ182998481
Franco-Nevada Corporation,N. America,IQ39417218
"Entergy Mississippi, LLC",N. America,IQ3474363
Teekay Corporation Ltd.,N. America,IQ329438
"Sichuan Development Lomon Co.,Ltd.",APAC,IQ61733051
"Hebei Construction & Investment Group Co.,Ltd",APAC,IQ32451340
LS Metal Co. Ltd.,APAC,IQ104604266
H2O America,N. America,IQ301316
ExxonMobil Australia Pty Ltd,APAC,IQ22500390
Huili Resources (Group) Limited,APAC,IQ145253006
YuanShengTai Dairy Farm Limited,APAC,IQ241543860
AEP Texas Inc.,N. America,IQ259731
"Syngenta Group Co., Ltd.",APAC,IQ674206686
Public Joint-Stock Company Unipro,EMEA,IQ24537380
"Shanxi Sunlight Coking Group Holding Co., Ltd.",APAC,IQ83111654
Global Partners LP,N. America,IQ22298592
"Zhuzhou Times New Material Technology Co., Ltd.",APAC,IQ13165752
PT Sumber Tani Agung Resources Tbk,APAC,IQ1770557632
Pinnacle West Capital Corporation,N. America,IQ296957
Emera Incorporated,N. America,IQ877188
"Top Resource Energy Co., Ltd.",APAC,IQ184339338
"CH Energy Group, Inc.",N. America,IQ259777
Nirma Limited,APAC,IQ880730
FGV Holdings Berhad,APAC,IQ79012786
Schlumberger Oilfield UK Limited,EMEA,IQ28869184
"Urumqi Real Estate Development (Group) Co., Ltd.",APAC,IQ243983046
"Sino Prima Gas Technology Co., Ltd.",APAC,IQ23316028
National Gas Transmission plc,EMEA,IQ3544797
PT United Tractors Tbk,APAC,IQ877021
"EASY HOLDINGS Co., Ltd.",APAC,IQ9616346
"Shandong Chambroad Holding Group Co., Ltd",APAC,IQ52684403
Hochschild Mining plc,EMEA,IQ29666569
ShinHsiung Natural Gas Inc.,APAC,IQ20359631
"Sichuan Hydropower Investment and Management Group Co., Ltd.",APAC,IQ41390171
PT Bumi Resources Tbk,APAC,IQ8292734
Ameropa Australia Pty Ltd,APAC,IQ23317092
"SK Innovation Co., Ltd.",APAC,IQ30883785
Barrick Mining Corporation,N. America,IQ249925
PacifiCorp,N. America,IQ109131
"Minxi Xinghang State-owned Assets Investment Operation Co.,Ltd.",APAC,IQ47014881
Taiwan Power Company,APAC,IQ7668476
Tsakos Energy Navigation Limited,EMEA,IQ1444461
Ranhill Utilities Berhad,APAC,IQ226507805
Zijin Mining Group Company Limited,APAC,IQ8342858
"China Water Investment Group Co.,Ltd.",APAC,IQ38683181
PT Amman Mineral Internasional Tbk,APAC,IQ381324543
DNO ASA,EMEA,IQ878127
The Brooklyn Union Gas Company,N. America,IQ3611528
Oncor Electric Delivery Company LLC,N. America,IQ3062378
Rubis,EMEA,IQ879633
"Piedmont Natural Gas Company, Inc.",N. America,IQ296799
Niagara Mohawk Power Corporation,N. America,IQ915425
Wanguo Gold Group Limited,APAC,IQ212178667
"Sichuan Energy Investment Development Co., Ltd.",APAC,IQ593677985
"Ningbo Jintian Copper (Group) Co., Ltd.",APAC,IQ5826943
"JiaXing Gas Group Co., Ltd.",APAC,IQ115573114
Archer Limited,EMEA,IQ37612323
New Brunswick Power Corporation,N. America,IQ877987
"Hubei Dinglong CO.,Ltd.",APAC,IQ62497983
"China Yangtze Power Co., Ltd.",APAC,IQ9249315
EPC Groupe,EMEA,IQ879478
Delmarva Power & Light Company,N. America,IQ841205
Summit Midstream Corporation,N. America,IQ62670872
"Puget Energy, Inc.",N. America,IQ298571
Public Joint-Stock Company PhosAgro,EMEA,IQ13717903
Sunoco LP,N. America,IQ20522974
KeySpan Gas East Corporation,N. America,IQ3097719
"Polyrocks Chemical Co.,LTD",APAC,IQ260665021
"Shandong Taihe Technologies Co., Ltd.",APAC,IQ99202416
Talos Energy Inc.,N. America,IQ183786013
EWE Aktiengesellschaft,EMEA,IQ5871941
Boston Gas Company,N. America,IQ3120897
"Sichuan Mingxing Electric Power Co., Ltd.",APAC,IQ12963145
"EDP Renováveis, S.A.",EMEA,IQ44669801
PT Archi Indonesia Tbk,APAC,IQ272939930
"Xinfengming Group Co., Ltd.",APAC,IQ126904444
Yunnan Tin Group (Holding) Company Limited,APAC,IQ289019787
Union Electric Company,N. America,IQ310076
Perenti Limited,APAC,IQ878590
"Brother Enterprises Holding Co.,Ltd.",APAC,IQ48943327
Axpo Holding AG,EMEA,IQ5741935
S.P.E.E.H. Hidroelectrica S.A.,EMEA,IQ26963274
The Connecticut Light and Power Company,N. America,IQ1696161
NLC Tamil Nadu Power Limited,APAC,IQ53076681
"Shenzhen Energy Group Co., Ltd.",APAC,IQ5506450
The Narragansett Electric Company,N. America,IQ2813518
"Hubei Zhenhua Chemical Co.,Ltd.",APAC,IQ53028372
"Sajodongaone Co.,Ltd",APAC,IQ5645380
"Delek Logistics Partners, LP",N. America,IQ214103601
Vedanta Resources Limited,EMEA,IQ8403400
CNTEE Transelectrica SA,EMEA,IQ20965290
MOL Magyar Olaj- és Gázipari Nyilvánosan Muködo Részvénytársaság,EMEA,IQ880478
Halliburton Company,N. America,IQ177698
Shenzhen Zhongjin Lingnan Nonfemet Co. Ltd.,APAC,IQ5522523
Mercury NZ Limited,APAC,IQ5542901
ProPetro Holding Corp.,N. America,IQ337454005
"Sanwei Holding Group Co.,Ltd",APAC,IQ48975016
"Jiaxing City Investment and Development Group Co.,Ltd.",APAC,IQ412935619
"Jiangsu Sidike New Materials Science & Technology Co., Ltd.",APAC,IQ132687431
Jersey Central Power & Light Company,N. America,IQ3097926
AB Energijos Skirstymo Operatorius,EMEA,IQ6648272
"Jiangsu Baichuan High-Tech New Materials Co., Ltd",APAC,IQ47099664
Central Hudson Gas & Electric Corporation,N. America,IQ3103613
"Hualu Holding Group Co., Ltd.",APAC,IQ140997589
Pepco Holdings LLC,N. America,IQ297660
GAIL (India) Limited,APAC,IQ7685716
Altana AG,EMEA,IQ876831
Calfrac Well Services Ltd.,N. America,IQ7471769
CPS Energy,N. America,IQ3534919
Southern Water Services Limited,EMEA,IQ2111077
"Maynilad Water Services, Inc.",APAC,IQ9221768
"Shandong Rike Chemical Co.,LTD.",APAC,IQ50980934
Tekniska verken i Linköping AB (publ),EMEA,IQ5557648
HF Sinclair Corporation,N. America,IQ178254
MMG Limited,APAC,IQ881784
SWU Stadtwerke Ulm/Neu-Ulm GmbH,EMEA,IQ6464896
Public Joint stock company Rosseti Centre and Volga region,EMEA,IQ42959733
"Forum Energy Technologies, Inc.",N. America,IQ26470411
"Wenzhou City Construction Development Group Co.,Ltd",APAC,IQ324626608
Petrovietnam Camau Fertilizer Corporation,APAC,IQ145794666
China National Offshore Oil Corporation,APAC,IQ7828203
"Anhui Jiangnan Chemical Industry Co.,Ltd.",APAC,IQ44152221
National Grid Electricity Distribution plc,EMEA,IQ691588
Gujarat Urja Vikas Nigam Limited,APAC,IQ28286111
Vistra Corp.,N. America,IQ7959935
Oman Oil Marketing Company SAOG,EMEA,IQ5554927
Scales Corporation Limited,APAC,IQ47022523
Hudbay Minerals Inc.,N. America,IQ1789909
CNOOC Limited,APAC,IQ1038362
"Jiangsu Fangyang Group Co., Ltd.",APAC,IQ241484655
National Grid Electricity Distribution (East Midlands) plc,EMEA,IQ26351117
PT Dharma Satya Nusantara Tbk,APAC,IQ51370071
Axpo Solutions AG,EMEA,IQ876953
Societatea Energetica Electrica S.A.,EMEA,IQ10600572
Rochester Gas and Electric Corporation,N. America,IQ2519874
PECO Energy Company,N. America,IQ4165287
Talen Energy Corporation,N. America,IQ276190901
"DT Midstream, Inc.",N. America,IQ710475650
Himadri Speciality Chemical Limited,APAC,IQ20344588
DPM Metals Inc.,N. America,IQ875082
Thüga Holding GmbH & Co. KGaA,EMEA,IQ113534705
"Gansu Energy Chemical Co., Ltd.",APAC,IQ20343472
"Pedernales Electric Cooperative, Inc.",N. America,IQ3058127
National Grid Electricity Distribution (South West) plc,EMEA,IQ5525270
Petrovietnam Gas Joint Stock Corporation,APAC,IQ46890293
"Anhui Tongguan Copper Foil Group Co., Ltd.",APAC,IQ269196292
"Hawkins, Inc.",N. America,IQ277171
"Shandong Link Science and Technology Co.,Ltd.",APAC,IQ61104038
Chennai Petroleum Corporation Limited,APAC,IQ878640
"Chengxin Lithium Group Co., Ltd.",APAC,IQ45316580
"Oceaneering International, Inc.",N. America,IQ94799
Drax Power Limited,EMEA,IQ1041065
Star Petroleum Refining Public Company Limited,APAC,IQ22534505
swb AG,EMEA,IQ4469423
North West Electricity Networks Plc,EMEA,IQ137647529
Public Joint-Stock Company Federal Hydro-Generating Company - RusHydro,EMEA,IQ26400948
"Public Joint Stock Company ""Rosseti North-West""",EMEA,IQ39098695
"Ningbo Bohui Chemical Technology Co.,Ltd",APAC,IQ286514000
"Ormat Technologies, Inc.",N. America,IQ4306112
Public joint stock company FAR-EASTERN ENERGY COMPANY,EMEA,IQ34668195
"Hangzhou Water Group Co.,Ltd.",APAC,IQ656890444
"Western Mining Co.,Ltd.",APAC,IQ22915103
"Zhejiang Sanmei Chemical Industry Co.,Ltd.",APAC,IQ47018537
Northwest Natural Holding Company,N. America,IQ292047
Petron Malaysia Refining & Marketing Bhd,APAC,IQ873673
SBM Offshore N.V.,EMEA,IQ875490
"Qian Jiang Water Resources Development Co.,Ltd",APAC,IQ11367560
TechnipFMC plc,EMEA,IQ1342651
Transocean Ltd.,EMEA,IQ407172
ASCO Group Limited,EMEA,IQ884182
"Chengdu Wintrue Holding Co., Ltd.",APAC,IQ116199789
"National Joint Stock Company ""Naftogaz of Ukraine""",EMEA,IQ9002611
The National Agricultural Development Company,EMEA,IQ20387133
National Energy Services Reunited Corp.,N. America,IQ421015703
Robertet SA,EMEA,IQ4481439
Mainova AG,EMEA,IQ882249
"Beijing Water Business Doctor Co., Ltd.",APAC,IQ85145104
Zhejiang NHU Company Ltd.,APAC,IQ11211289
YTL Power International Berhad,APAC,IQ882573
Arabian Drilling Company,EMEA,IQ6068896
"CEZ, a. s.",EMEA,IQ8350267
"Suzhou Urban Construction & Investment Development (Group) Co.,Ltd",APAC,IQ217021005
Lubelski Wegiel Bogdanka S.A.,EMEA,IQ5685663
National Grid Electricity Distribution (West Midlands) plc,EMEA,IQ6562936
Keppel Infrastructure Trust,APAC,IQ31047524
YTL Corporation Berhad,APAC,IQ878469
Hilong Holding Limited,APAC,IQ112265439
Potomac Electric Power Company,N. America,IQ4225006
Ensign Energy Services Inc.,N. America,IQ698462
PT Elnusa Tbk,APAC,IQ40451121
Teekay Tankers Ltd.,N. America,IQ39279824
SFL Corporation Ltd.,N. America,IQ8390736
SP PowerAssets Limited,APAC,IQ20508341
PT Golden Energy Mines Tbk,APAC,IQ414733624
"Zhejiang Fulai New Material Co.,Ltd.",APAC,IQ673192202
Torex Gold Resources Inc.,N. America,IQ876509
"Jiangxi Gas (Gantouqitong) Holdings Co., Ltd.",APAC,IQ240731938
PT AKR Corporindo Tbk,APAC,IQ9306270
"Sichuan Em Technology Co., Ltd.",APAC,IQ49583320
Heavy Engineering Industries and Shipbuilding Company K.S.C.P.,EMEA,IQ5721394
Höegh Evi Ltd.,N. America,IQ875057
CKW AG,EMEA,IQ874138
"Poong Jeon Nonferrous Metal Co., Ltd.",APAC,IQ85216611
"Anhui Truchum Advanced Materials and Technology Co., Ltd.",APAC,IQ36631503
"Beijing Jingneng Power Co., Ltd.",APAC,IQ9709624
ENEA S.A.,EMEA,IQ13511768
"Zhejiang Provincial New Energy Investment Group Co., Ltd.",APAC,IQ112957280
Gübre Fabrikalari Türk Anonim Sirketi,EMEA,IQ20394463
Huadian Energy Company Limited,APAC,IQ5480076
CS Energy Limited,APAC,IQ5545462
ORES sc,EMEA,IQ140620680
Snowy Hydro Limited,APAC,IQ23033359
Alliander N.V.,EMEA,IQ797423
NuVista Energy Ltd.,N. America,IQ6227446
Public Joint-Stock Company EL5-Energo,EMEA,IQ22321420
"Tongkun Holding Group Co.,Ltd",APAC,IQ141715504
"Yunnan Energy New Material (Group) Co., Ltd.",APAC,IQ270125725
Chhattisgarh State Power Distribution Company Limited,APAC,IQ112993616
Revoil S.A.,EMEA,IQ20358872
Endeavour Mining plc,EMEA,IQ3235321
Macmahon Holdings Limited,APAC,IQ879496
Rosseti Kuban Joint Stock Company,EMEA,IQ11613030
Estra S.p.A. Energia Servizi Territorio Ambiente,EMEA,IQ111592890
SP Manweb plc,EMEA,IQ3637568
"Zhejiang Oceanking Development Co., Ltd.",APAC,IQ695189728
Jiaze Renewables Corporation Limited,APAC,IQ323102725
"Senton Energy Co.,Ltd.",APAC,IQ1672791398
PPL Corporation,N. America,IQ185508
Brookfield Renewable Partners L.P.,N. America,IQ3198815
"Nanjing Hanrui Cobalt Co.,Ltd.",APAC,IQ38235427
Vinacomin - Minerals Holding Corporation,APAC,IQ115025619
"Ningbo Water Environment Group Co.,Ltd",APAC,IQ634061535
"Nanjing Julong Science & Technology Co.,LTD",APAC,IQ106525221
"Jiangsu Zhengdan Chemical Industry Co., Ltd.",APAC,IQ61403100
SOL S.p.A.,EMEA,IQ5600345
Orano SA,EMEA,IQ406833200
Thanh Le General Import-Export Trading Corporation,APAC,IQ46949110
"Ko-one Energy Service Co., Ltd.",APAC,IQ2445835
"Shanghai Putailai New Energy Technology Group Co.,Ltd.",APAC,IQ373565142
Equital Ltd.,EMEA,IQ20342936
WP Energy Public Company Limited,APAC,IQ276467517
PT Teladan Prima Agro Tbk,APAC,IQ1776615100
Naphtha Israel Petroleum Corp. Ltd.,EMEA,IQ9476883
Diversified Energy Company,N. America,IQ304836959
Resolute Mining Limited,APAC,IQ6530973
"Grandtop Yongxing Group Co.,Ltd",APAC,IQ1848963169
"USA Compression Partners, LP",N. America,IQ549735521
China Oilfield Services Limited,APAC,IQ6426898
"Wuxi Double Elephant Micro Fibre Material Co.,Ltd",APAC,IQ49679272
"AEP Transmission Company, LLC",N. America,IQ223484223
Nabors Industries Ltd.,N. America,IQ290681
Fortuna Mining Corp.,N. America,IQ3474768
"Jinduicheng Molybdenum Co., Ltd.",APAC,IQ28532188
Mapei SpA,EMEA,IQ1624371
Adani Electricity Mumbai Limited,APAC,IQ328427693
NSTAR Gas Company,N. America,IQ3636284
Virginia Electric and Power Company,N. America,IQ3027777
NOV Inc.,N. America,IQ31900
"Sichuan Yahua Industrial Group Co., Ltd.",APAC,IQ61040466
Oglethorpe Power Corporation,N. America,IQ997308
UK Power Networks (Operations) Limited,EMEA,IQ5503059
Gulf Oil Lubricants India Limited,APAC,IQ266393242
Dana Petroleum Limited,EMEA,IQ881631
"Royal Gold, Inc.",N. America,IQ301040
"Par Pacific Holdings, Inc.",N. America,IQ98924
Ridley Corporation Limited,APAC,IQ878578
"Salzburg Ag Fur Energie, Verkehr Und Telekommunikation",EMEA,IQ5503442
"Jinhong Gas Co.,Ltd.",APAC,IQ109381559
Dogu Aras Enerji Yatirimlari AS,EMEA,IQ253638791
DPL LLC,N. America,IQ98186
Mega First Corporation Berhad,APAC,IQ4481356
"Changzheng Engineering Technology Co.,Ltd",APAC,IQ226778032
Romande Energie Holding SA,EMEA,IQ12483988
"Hengtong Group Co.,Ltd",APAC,IQ5579522
Expand Energy Corporation,N. America,IQ323857
Vietnam National Petroleum Group,APAC,IQ26203326
Baltimore Gas and Electric Company,N. America,IQ3117990
"Henan Jinyuan Hydrogenated Chemicals Co., Ltd.",APAC,IQ1864404200
JSC KazTransGaz Aymak,APAC,IQ30837850
Northern Electric plc,EMEA,IQ848295
The Dayton Power and Light Company,N. America,IQ1517971
Yinson Holdings Berhad,APAC,IQ7683467
KRIBHCO Fertilizers Limited,APAC,IQ52025097
"China Three Gorges Renewables (Group) Co.,Ltd.",APAC,IQ49711992
Cascade Natural Gas Corporation,N. America,IQ259139
New York State Electric & Gas Corporation,N. America,IQ1632096
Ero Copper Corp.,N. America,IQ428234584
"Shandong Weifang Rainbow Chemical Co., Ltd",APAC,IQ49192009
"Nine Energy Service, Inc.",N. America,IQ232311079
Seng Fong Holdings Berhad,APAC,IQ1760476010
First Resources Limited,APAC,IQ39365949
Services industriels de Genève,EMEA,IQ5498542
Elia Transmission Belgium SA/NV,EMEA,IQ642330755
China Modern Dairy Holdings Ltd.,APAC,IQ115704948
"Henan Yuguang Gold&Lead Co.,Ltd.",APAC,IQ5773596
"Intco Recycling Resources Co., Ltd.",APAC,IQ424153428
Türkiye Petrol Rafinerileri A.S.,EMEA,IQ882926
Liberty Energy Inc.,N. America,IQ228809907
Pennon Group Plc,EMEA,IQ877102
Chesapeake Utilities Corporation,N. America,IQ260346
"TETRA Technologies, Inc.",N. America,IQ35290
Susco Public Company Limited,APAC,IQ8088110
PT Buma Internasional Grup Tbk,APAC,IQ20342166
Northern Powergrid (Yorkshire) plc,EMEA,IQ1054542
Texas-New Mexico Power Company,N. America,IQ113125
Karoon Energy Ltd,APAC,IQ11016235
HEAG Holding AG,EMEA,IQ25553885
Northern Powergrid (Northeast) plc,EMEA,IQ6058413
Ros Agro PLC,EMEA,IQ129933596
"Zhejiang Yonghe Refrigerant Co., Ltd.",APAC,IQ671668888
"Cydsa, S.A.B. de C.V.",N. America,IQ874854
Wuling Power Corporation Ltd.,APAC,IQ45272461
Seadrill Limited,N. America,IQ22532593
HPCL-Mittal Energy Limited,APAC,IQ46953486
"China Oil HBP Science & Technology Co., Ltd",APAC,IQ38875291
Voltalia SA,EMEA,IQ27061710
Rianlon Corporation,APAC,IQ84234908
"Stanley Agriculture Group Co.,Ltd.",APAC,IQ130415604
"XPLR Infrastructure, LP",N. America,IQ264164886
Viva Energy Group Limited,APAC,IQ272243658
The Straits Trading Company Limited,APAC,IQ874646
"Kingfa Sci. & Tech. Co., Ltd.",APAC,IQ6084501
Managem S.A.,EMEA,IQ22885154
Comisión Federal de Electricidad,N. America,IQ5463939
Australia Pacific LNG Pty Ltd.,APAC,IQ4463203
PCBL Chemical Limited,APAC,IQ9222058
"Elite Color Environmental Resources Science & Technology Co., Ltd.",APAC,IQ132104438
National Gas and Industrialization Company,EMEA,IQ10199179
Northern Ireland Electricity Networks Limited,EMEA,IQ5489064
Bulgarian Energy Holding EAD,EMEA,IQ52812021
"Western Mining Group Co., Ltd.",APAC,IQ41621679
"Jiangxi Salt Industry Group Co., Ltd",APAC,IQ225172672
Italgas S.p.A.,EMEA,IQ874299
PT Eagle High Plantations Tbk,APAC,IQ272973389
Électricite de Strasbourg Société Anonyme,EMEA,IQ876880
"Western Superconducting Technologies Co., Ltd.",APAC,IQ54341010
Malaysia Smelting Corporation Berhad,APAC,IQ879569
Entega AG,EMEA,IQ5547077
VERBUND AG,EMEA,IQ875310
"Dongsung FineTec Co., Ltd.",APAC,IQ20502313
Equinox Gold Corp.,N. America,IQ216621362
Aygaz A.S.,EMEA,IQ874743
Lyse AS (Parent),EMEA,IQ4469422
Northern Powergrid Holdings Company,EMEA,IQ12703964
BP New Zealand Holdings Limited,APAC,IQ274247785
China Daye Non-Ferrous Metals Mining Limited,APAC,IQ119045824
"D&L Industries, Inc.",APAC,IQ27130104
"North Copper Co., Ltd.",APAC,IQ5533524
Camposol Holding PLC,EMEA,IQ37980628
Fresnillo plc,N. America,IQ44543451
ENERGO - PRO a.s.,EMEA,IQ27848207
"Yantai Jereh Oilfield Services Group Co., Ltd.",APAC,IQ51237977
Jotun A/S,EMEA,IQ873834
Eurogrid GmbH,EMEA,IQ111800554
Eni Plenitude S.P.A. Societa' Benefit,EMEA,IQ531807927
Samruk-Energy JSC,APAC,IQ50152819
Honghua Group Limited,APAC,IQ41865408
New Jersey Natural Gas Company,N. America,IQ4233224
"COSCO SHIPPING Energy Transportation Co., Ltd.",APAC,IQ879487
Mind Energy A/S,EMEA,IQ5208905
"Zhejiang Juhua Co., Ltd.",APAC,IQ5577615
KELAG-Kärntner Elektrizitäts-Aktiengesellschaft,EMEA,IQ26935502
Energa SA,EMEA,IQ99395599
China Maoming Port,APAC,IQ268814363
Elinoil Hellenic Petroleum Company S.A.,EMEA,IQ20342853
"Nanning Jianning Water Investment Group Co.,Ltd",APAC,IQ141497623
Old Dominion Electric Cooperative,N. America,IQ3063093
Glencore Holdings Pty Limited,EMEA,IQ22368014
"Shanjin International Gold Co., Ltd.",APAC,IQ20334623
Northern Virginia Electric Cooperative,N. America,IQ4244928
Gravita India Limited,APAC,IQ69633011
Precision Drilling Corporation,N. America,IQ355859
Straits Energy Resources Berhad,APAC,IQ22096025
"Fugao Wantai Group Co., Ltd",APAC,IQ691486613
KCA Deutag Alpha Limited,EMEA,IQ39650507
Anton Oilfield Services Group,APAC,IQ33175419
"Manila Water Company, Inc.",APAC,IQ8748566
B2Gold Corp.,N. America,IQ35511785
Elia Group SA/NV,EMEA,IQ22250082
Asyad Shipping Company SAOG,EMEA,IQ1917749773
Aegis Logistics Limited,APAC,IQ880782
Oakbridge Pty Limited,APAC,IQ20548430
"Boardwalk Pipeline Partners, LP",N. America,IQ13649709
Electricity Supply Board,EMEA,IQ4469007
Guangdong Guangxin Holdings Group Ltd.,APAC,IQ59742850
Xinjiang Lvyuan State-owned Capital Investment operation Co. LTD,APAC,IQ291133137
"Rongsheng Petrochemical Co., Ltd.",APAC,IQ27146757
Shandong Xinchao Energy Corporation Limited,APAC,IQ6480900
Groupe E SA,EMEA,IQ5547165
"Zhejiang Rongsheng Holding Group Co., Ltd.",APAC,IQ83348211
BlueNord ASA,EMEA,IQ24349084
China Sanjiang Fine Chemicals Company Limited,APAC,IQ112776481
AK Altynalmas JSC,APAC,IQ173532052
OKEA ASA,EMEA,IQ312629283
Torrent Power Limited,APAC,IQ1032596
Glencore Energy UK Ltd,EMEA,IQ26424178
N.V. Eneco,EMEA,IQ722418
Texas Pacific Land Corporation,N. America,IQ308037
"Guizhou Water Conservancy Investment Group Co., Ltd.",APAC,IQ652838877
Pohjolan Voima Oyj,EMEA,IQ877828
La Société wallonne des eaux,EMEA,IQ5581819
"Jinan Energy Group Co.,Ltd.",APAC,IQ1772386259
PT Mineral Industri Indonesia (Persero),APAC,IQ27943081
Tenaris S.A.,EMEA,IQ4005629
S.N.T.G.N. Transgaz S.A.,EMEA,IQ9182598
CGN Mining Company Limited,APAC,IQ7658284
Kenon Holdings Ltd.,APAC,IQ274422203
"Fujian Petrochemical Industrial Group Co., Ltd",APAC,IQ433891113
"NextEra Energy Resources, LLC",N. America,IQ818964
"Shanghai Pret Composites Co., Ltd.",APAC,IQ49189088
Trican Well Service Ltd.,N. America,IQ881413
Ramelius Resources Limited,APAC,IQ7689786
Harmony Gold Mining Company Limited,EMEA,IQ410154
"NYOCOR Co., Ltd.",APAC,IQ5908614
OPC Energy Ltd.,EMEA,IQ376945874
"Perimeter Solutions, Inc.",N. America,IQ1675209255
Adani Total Gas Limited,APAC,IQ110011311
Enexis Holding N.V.,EMEA,IQ59152920
"Shanghai Yongguan Adhesive Products Corp., Ltd.",APAC,IQ78720157
North American Construction Group Ltd.,N. America,IQ8251223
Northern Star Resources Limited,APAC,IQ11063965
"Changhua Chemical Technology Co., Ltd.",APAC,IQ548348330
Stedin Holding N.V.,EMEA,IQ5476731
"Hubei Harvin (Group) Chemical Co., Ltd.",APAC,IQ54105816
Jadestone Energy plc,APAC,IQ30517846
Singapore Power Limited,APAC,IQ686415
"Sunstone Development Co., Ltd.",APAC,IQ128396720
Public Joint Stock Company Rosseti Volga,EMEA,IQ45719667
Kazakhstan Electricity Grid Operating Company JSC,APAC,IQ25011685
"Guangdong Tianan New Material Co., Ltd.",APAC,IQ226135339
"Pocheon Power Co., Ltd.",APAC,IQ127495309
Hrvatska Elektroprivreda d.d.,EMEA,IQ22126356
Aker BP ASA,EMEA,IQ9048461
"Wuxi Paike New Materials Technology Co.,Ltd.",APAC,IQ115502656
STEP Energy Services Ltd.,N. America,IQ130414331
Sea Oil Public Company Limited,APAC,IQ233421164
"Select Water Solutions, Inc.",N. America,IQ61023831
S.N. Nuclearelectrica S.A.,EMEA,IQ28851418
MLG Oz Limited,APAC,IQ279147259
"Západoslovenská energetika, a.s.",EMEA,IQ2419475
Sino Shaanxi Nuclear Industry Group,APAC,IQ319655380
"Fujian Huadian Furui Energy Development Co.,Ltd.",APAC,IQ1678169691
"Ranger Energy Services, Inc.",N. America,IQ431781010
PetroVietnam Transportation Corporation,APAC,IQ30792897
Perseus Mining Limited,APAC,IQ12436042
"Cangzhou Dahua Co., Ltd.",APAC,IQ5457122
"Ningxia Baofeng Energy Group Co., Ltd.",APAC,IQ143513403
Wasco Berhad,APAC,IQ7435035
DuluxGroup Limited,APAC,IQ104866469
"Yueyang Xingchang Petro-Chemical Co., Ltd.",APAC,IQ5723123
The National Shipping Company of Saudi Arabia,EMEA,IQ4493067
PT Aneka Tambang Tbk,APAC,IQ883261
"Wankai New Materials Co., Ltd.",APAC,IQ144826841
"Zibo City Asset Operation Group Co., Ltd.",APAC,IQ52714306
Coterra Energy Inc.,N. America,IQ258181
"Shenzhen Batian Ecotypic Engineering Co., Ltd.",APAC,IQ36631560
"RPC, Inc.",N. America,IQ188005
Encevo S.A.,EMEA,IQ22771178
Hunting PLC,EMEA,IQ739698
Ningbo Boway Alloy Material Company Limited,APAC,IQ83037636
Thai Eastern Group Holdings Public Company Limited,APAC,IQ1776511645
Capital Power Corporation,N. America,IQ59036089
"Foshan Investment Holding Group Co., Ltd",APAC,IQ49095162
"Archrock, Inc.",N. America,IQ362798
PT FAP Agri Tbk,APAC,IQ699085247
Chevron Australia Holdings Pty Ltd,APAC,IQ21936725
"Helix Energy Solutions Group, Inc.",N. America,IQ93027
Coral A.E. Oil And Chemicals Company,EMEA,IQ564601366
Adani Power Limited,APAC,IQ37293443
Halcyon Agri Corporation Limited,APAC,IQ225910975
"Hangzhou Huaguang Advanced Welding Materials Co.,Ltd.",APAC,IQ60980877
Valaris Limited,N. America,IQ269488
"Exolum Corporation, S.A.",EMEA,IQ874921
"Dalian Deta Holding Co.,Ltd",APAC,IQ53376413
CES Energy Solutions Corp.,N. America,IQ26147908
VNG AG,EMEA,IQ2567171
Wheaton Precious Metals Corp.,N. America,IQ3103638
PHX Energy Services Corp.,N. America,IQ881260
"Shelf Drilling, Ltd.",EMEA,IQ264429554
Public Joint Stock Company Acron,EMEA,IQ20417055
Indraprastha Gas Limited,APAC,IQ1271089
"Chongyi Zhangyuan Tungsten Co., Ltd.",APAC,IQ54072355
Eldorado Gold Corporation,N. America,IQ877535
PT Medco Energi Internasional Tbk,APAC,IQ712384
"Yulin City Investment Operation Group Co., Ltd.",APAC,IQ225937948
"Zhenshi Holding Group Co., Ltd.",APAC,IQ82393143
Vattenfall N.V.,EMEA,IQ49383372
"Jiangxi KaiAn Intelligent CO.,LTD",APAC,IQ552651037
Expro Group Holdings N.V.,N. America,IQ127583
Whitehaven Coal Limited,APAC,IQ23713877
Corral Petroleum Holdings AB (publ),EMEA,IQ5466523
Petron Corporation,APAC,IQ878660
"Public Joint Stock Company ""ROSSETI Northern Caucasus""",EMEA,IQ45795725
"Ganzhou Tengyuan Cobalt New Material Co., Ltd.",APAC,IQ534193551
Matador Resources Company,N. America,IQ11888172
Ithaca Energy plc,EMEA,IQ23649527
"AirFirst Co.,LTD.",APAC,IQ99574501
Alpiq Ltd.,EMEA,IQ877115
Regis Resources Limited,APAC,IQ881366
PetroVietnam Technical Services Corporation,APAC,IQ22485221
West African Resources Limited,APAC,IQ46483536
Adani Energy Solutions Limited,APAC,IQ283330012
JSW Energy Limited,APAC,IQ29186179
"Shenzhen Senior Technology Material Co., Ltd.",APAC,IQ73482586
"ARE Holdings, Inc.",APAC,IQ53461836
Gold Road Resources Limited,APAC,IQ25599622
Public Joint Stock Company Interregional Distribution Grid Company of Siberia,EMEA,IQ45277353
CGN Wind Energy Limited,APAC,IQ129565090
"Canmax Technologies Co., Ltd.",APAC,IQ249321596
Source Energy Services Ltd.,N. America,IQ420011303
Energie Wasser Bern,EMEA,IQ5538735
"Zhongshan Public Utilities Group Co.,Ltd",APAC,IQ36375434
Scottish Hydro Electric Transmission plc,EMEA,IQ26955268
"Jiangsu Lopal Tech. Group Co., Ltd.",APAC,IQ97351915
"Hankuk Carbon Co., Ltd.",APAC,IQ6536777
"AnHui State Farms Group Co.,Ltd",APAC,IQ322761042
"Jiangsu Eastern Shenghong Co.,Ltd.",APAC,IQ537583594
ORLEN Unipetrol a.s.,EMEA,IQ883466
Zespól Elektrocieplowni Wroclawskich KOGENERACJA S.A.,EMEA,IQ4493202
"Kangda New Materials (Group) Co., Ltd.",APAC,IQ62314233
"Jiangmen Urban Development Investment Group Co., Ltd.",APAC,IQ307582330
Southern Electric Power Distribution plc,EMEA,IQ22548206
"Sunresin New Materials Co.,Ltd",APAC,IQ268197532
Tamarack Valley Energy Ltd.,N. America,IQ3184558
KAZ Minerals Limited,EMEA,IQ24861044
ADNOC Drilling Company P.J.S.C.,EMEA,IQ585848276
Great Rich Technologies Limited,APAC,IQ333358991
TORM plc,EMEA,IQ328256806
Whitecap Resources Inc.,N. America,IQ79124477
Telecom Plus Plc,EMEA,IQ513790
Enerjisa Enerji A.S.,EMEA,IQ33304028
PAO NOVATEK,EMEA,IQ12038215
"Prazská plynárenská, a.s.",EMEA,IQ883304
"Diamondback Energy, Inc.",N. America,IQ170245760
Mahanagar Gas Limited,APAC,IQ21817445
PT Petrosea Tbk,APAC,IQ8081118
"Shaanxi Energy Investment Co., Ltd.",APAC,IQ1785100026
Adani Green Energy Limited,APAC,IQ314677034
EDF Trading Limited,EMEA,IQ5467602
Ningbo Changhong Polymer Scientific and Technical Inc.,APAC,IQ608958983
First Majestic Silver Corp.,N. America,IQ3110160
"Kodiak Gas Services, Inc.",N. America,IQ601541655
"Guangdong Hongda Holdings Group Co., Ltd.",APAC,IQ61543635
"Winall Hi-tech Seed Co., Ltd.",APAC,IQ90697447
Solar Industries India Limited,APAC,IQ25394280
Baskent Dogalgaz Dagitim Gayrimenkul Yatirim Ortakligi A.S.,EMEA,IQ657012731
"Northern Oil and Gas, Inc.",N. America,IQ30822601
PLS Group Limited,APAC,IQ222394811
"Prazska Energetika, a.s.",EMEA,IQ882753
Aura Minerals Inc.,N. America,IQ36375290
"Akesu Green Industry Development Co.,Ltd",APAC,IQ271652217
PAO TMK,EMEA,IQ22457352
Cameco Corporation,N. America,IQ379153
"Haohua Chemical Science & Technology Corp., Ltd.",APAC,IQ20359714
Alamos Gold Inc.,N. America,IQ883515
"Guangdong Pearlriver Investment Management Group Co.,Ltd.",APAC,IQ380823498
Joint Stock Company Atomic Energy Power Corporation,EMEA,IQ36873379
Shell Energy Holdings Australia Limited,APAC,IQ28326218
Pan American Silver Corp.,N. America,IQ387933
"Western Region Gold Co., Ltd.",APAC,IQ263228761
Brookfield Infrastructure Corporation,N. America,IQ132234994
Hibiscus Petroleum Berhad,APAC,IQ129004094
National Atomic Company Kazatomprom JSC,APAC,IQ7728385
Lingbao Gold Group Company Ltd.,APAC,IQ25142901
"Qingdao Gon Technology Co., Ltd.",APAC,IQ252383997
Enovos Luxembourg S.A.,EMEA,IQ876858
Huadian New Energy Group Corporation Limited,APAC,IQ1679198166
"Foran Energy Group Co., Ltd.",APAC,IQ54228143
"Qingdao Conson Development (Group) Co.,Ltd",APAC,IQ224062079
Total Energy Services Inc.,N. America,IQ882016
Coterra Energy Operating Co,N. America,IQ1683286
"Jiangxi Ganneng Co., Ltd.",APAC,IQ5440872
Kuwait Petroleum Corporation,EMEA,IQ4481526
Hunan Gold Corporation Limited,APAC,IQ35879648
"Técnicas Reunidas, S.A.",EMEA,IQ895260
"Jiangsu Yoke Technology Co., Ltd.",APAC,IQ52092701
PetroVietnam Oil Corporation - Joint Stock Company,APAC,IQ51633718
"Shenzhen Dynanonic Co., Ltd",APAC,IQ270043812
"Anhui Higasket Plastics Co.,Ltd.",APAC,IQ224177456
"Lanzhou Jinchuan Advanced Materials Technology Co.,Ltd.",APAC,IQ143626672
AEW Energie AG,EMEA,IQ5532751
European Energy A/S,EMEA,IQ46994505
DMC Global Inc.,N. America,IQ34668
"Zhejiang Jiaao Enprotech Stock Co., Ltd",APAC,IQ113640180
Crystal Crop Protection Limited,APAC,IQ61041297
team SE,EMEA,IQ22595475
Tianjin Financial Investment and Services Group,APAC,IQ141505489
"Inner Mongolia Xingye Silver&Tin Mining Co.,Ltd",APAC,IQ12953845
Petrovietnam Drilling and Well Services Corporation,APAC,IQ30324697
Xinhua Hydropower Company Limited,APAC,IQ141387003
"Green Development Electricity Group of Tianjin Co., Ltd.",APAC,IQ5457245
Mach Natural Resources LP,N. America,IQ1856773365
Zhaojin Mining Industry Company Limited,APAC,IQ22546449
"Wenzhou Public Utilities Development Group Co.,Ltd",APAC,IQ54169028
"Zhongman Petroleum and Natural Gas Group Corp.,Ltd.",APAC,IQ99395410
"Hainan Agricultural Reclamation Investment Holding Co.,Ltd.",APAC,IQ383933947
"Yuan Long Ping High-Tech Agriculture Co., Ltd.",APAC,IQ12732252
"Kunming Chuan Jin Nuo Chemical Co., Ltd.",APAC,IQ114602946
Edison S.p.A.,EMEA,IQ875862
Hess Corporation,N. America,IQ249841
Crescent Energy Company,N. America,IQ564714137
Aris Mining Corporation,N. America,IQ108911491
Unimot S.A.,EMEA,IQ216596631
PT Sawit Sumbermas Sarana Tbk.,APAC,IQ247562032
Lundin Gold Inc.,N. America,IQ3040178
Opet Petrolcülük A.S.,EMEA,IQ9410344
"Shandong Humon Smelting Co., Ltd.",APAC,IQ44679343
"Slovenský plynárenský priemysel, a.s.",EMEA,IQ1734413
"Cactus, Inc.",N. America,IQ429432837
"Sinomine Resource Group Co., Ltd.",APAC,IQ76947634
"Jiangsu Nata Opto-electronic Material Co., Ltd.",APAC,IQ76956510
"RENOVA, Inc.",APAC,IQ61566596
"Coeur Mining, Inc.",N. America,IQ262033
Kuwait National Petroleum Company K.S.C.,EMEA,IQ5466295
Calibre Mining Corp.,N. America,IQ3184367
Ashapura Minechem Limited,APAC,IQ20333178
DOF Group ASA,EMEA,IQ884333
"Nanjing Public Utilities Development Co., Ltd.",APAC,IQ10961448
"Apex Mining Co., Inc.",APAC,IQ10999114
Friedrich Vorwerk Group SE,EMEA,IQ699368058
ProFrac Holding Corp.,N. America,IQ573605615
"Xinjiang Hongtong Natural Gas Co., Ltd.",APAC,IQ618019334
DOF Subsea AS,EMEA,IQ22985672
Frontline plc,EMEA,IQ144797851
OceanaGold Corporation,N. America,IQ9376903
Gaztransport & Technigaz SA,EMEA,IQ34181819
Nickel Industries Limited,APAC,IQ228606631
"GuoCheng Mining CO.,LTD",APAC,IQ53067474
Bapco Energies B.S.C. Closed,EMEA,IQ58923540
United Energy Group Limited,APAC,IQ4497450
Depa Commercial S.A.,EMEA,IQ21825913
"Viper Energy, Inc.",N. America,IQ249853894
Leshan Giantstar Farming&Husbandry Corporation Limited,APAC,IQ428574396
Calik Holding Anonim Sirketi,EMEA,IQ43976112
Evolution Mining Limited,APAC,IQ7713668
TriSummit Utilities Inc.,N. America,IQ580879884
Kinetik Holdings Inc.,N. America,IQ583915035
"Jinjiang State-owned Capital Investment and Operation Co.,Ltd.",APAC,IQ677973930
"Pyeongtaek Energy Service Co., Ltd.",APAC,IQ116961720
"Zhaojin Group Co.,Ltd.",APAC,IQ9476204
"Guangdong Yussen Energy Technology Co., Ltd.",APAC,IQ608971815
PT Chandra Asri Pacific Tbk,APAC,IQ21754481
Allied Gold Corporation,N. America,IQ1837594488
"JCHX Mining Management Co.,Ltd.",APAC,IQ303570467
DGL Group Limited,APAC,IQ879292
MVM Energetika Zártköruen Muködo Részvénytársaság,EMEA,IQ13225605
New Fortress Energy Inc.,N. America,IQ547804145
Iberdrola Australia Limited,APAC,IQ23401475
"Renxin New Material Co.,Ltd.",APAC,IQ620099731
"Shaanxi Yulin Energy Group Co., LTD",APAC,IQ279846438
Phillips 66 Limited,EMEA,IQ6437784
Harbour Energy plc,EMEA,IQ49494872
"Shandong Gold Mining Co., Ltd.",APAC,IQ9638068
Hafnia Limited,APAC,IQ589287859
Paradeep Phosphates Limited,APAC,IQ22709447
CleanCo Queensland Limited,APAC,IQ611944322
"China Hainan Rubber Industry Group Co.,Ltd.",APAC,IQ117025426
Teollisuuden Voima Oyj,EMEA,IQ875857
BW Energy Limited,N. America,IQ144579252
"Energetický a prumyslový holding, a.s.",EMEA,IQ60184889
BW LPG Limited,APAC,IQ246740269
State Grid Xin Yuan Company Limited,APAC,IQ52007562
Tamil Nadu Power Distribution Corporation Limited,APAC,IQ182348480
"Helmerich & Payne, Inc.",N. America,IQ278341
"Xinxiang Richful Lube Additive Co.,Ltd.",APAC,IQ613523093
Hanwha Impact Corporation,APAC,IQ230460451
"Lygend Resources & Technology Co., Ltd.",APAC,IQ171716613
TGS ASA,N. America,IQ883703
Capstone Copper Corp.,N. America,IQ2491785
E.ON UK plc,EMEA,IQ5466323
EBN B.V.,EMEA,IQ5467155
"Ningbo Hangzhou Bay New Zone Development Construction Co., Ltd",APAC,IQ306355734
"Chifeng Jilong Gold Mining Co., Ltd.",APAC,IQ9609346
"EASY BIO,Inc.",APAC,IQ652844988
Primeo Energie AG,EMEA,IQ5632530
Chord Energy Corporation,N. America,IQ37644463
Agnico Eagle Mines Limited,N. America,IQ248095
Swissgrid AG,EMEA,IQ20989199
"International Seaways, Inc.",N. America,IQ13756315
Westgold Resources Limited,APAC,IQ4481322
Wesdome Gold Mines Ltd.,N. America,IQ884115
Sudarshan Chemical Industries Limited,APAC,IQ878880
"Jiangxi State-owned Capital Operation Holding Group Co., Ltd.",APAC,IQ102232603
QGC Upstream Investments Pty Ltd,APAC,IQ143475593
IAMGOLD Corporation,N. America,IQ880318
Asian Paints International Private Limited,APAC,IQ4510551
"Core Natural Resources, Inc.",N. America,IQ530135269
"Innovex International, Inc.",N. America,IQ413892254
"Ningbo Urban Construction Investment Group Co., Ltd",APAC,IQ41267118
Inner Mongolia Energy Investment Group Co.Ltd,APAC,IQ83341039
HMH Holding Inc.,N. America,IQ682848998
Campine NV,EMEA,IQ878882
Enerflex Ltd.,N. America,IQ880157
"Karamay Urban Construction Investment Development Co., Ltd.",APAC,IQ242373488
"China Kings Resources Group Co.,Ltd.",APAC,IQ226531149
"TonyShare(suzhou)Electronic Material Technology Co.,Ltd",APAC,IQ547681083
"Hunan Energy Group Co.,Ltd.",APAC,IQ40231282
Guizhou Chanhen Chemical Corporation,APAC,IQ83195680
Hanwha Energy Corporation,APAC,IQ97280994
Tata Power Renewable Energy Limited,APAC,IQ171010834
Seplat Energy Plc,EMEA,IQ139205423
"Patterson-UTI Energy, Inc.",N. America,IQ337694
Hans Group Holdings Limited,APAC,IQ33876347
Tidewater Inc.,N. America,IQ35572
Chia Tai Enterprises International Limited,APAC,IQ274940262
"Vista Energy, S.A.B. de C.V.",N. America,IQ433384628
Cmb.Tech NV,EMEA,IQ12935063
K92 Mining Inc.,N. America,IQ270899410
"Solaris Energy Infrastructure, Inc.",N. America,IQ273546076
"HighPeak Energy, Inc.",N. America,IQ645795910
"Senba Power Co., Ltd.",APAC,IQ26554876
"Chugai Mining Co., Ltd.",APAC,IQ883724
Noble Corporation plc,N. America,IQ291385
PT Harum Energy Tbk,APAC,IQ59746118
TerraVest Industries Inc.,N. America,IQ881311
ADNOC Logistics & Services plc,EMEA,IQ604441563
"GEPIC Energy Development Co., Ltd.",APAC,IQ170269966
Borr Drilling Limited,N. America,IQ412495516
Alkhorayef Water and Power Technologies Company,EMEA,IQ701809023
ADES Holding Company,EMEA,IQ426375911
"Shandong Teamgene Technology Co., Ltd.",APAC,IQ1673007979
Banpu Power Public Company Limited,APAC,IQ25879838
Rosetti Marino SpA,EMEA,IQ5427242
Yü Group PLC,EMEA,IQ327010406
OceanaGold (Philippines) Inc.,APAC,IQ36824679
NMDC Energy - P.J.S.C.,EMEA,IQ1797579938
Capricorn Metals Ltd,APAC,IQ45252120
Joint stock company Alatau Zharyk Company,APAC,IQ225616750
"Explosive Co., Ltd.",APAC,IQ30445448
Mermaid Maritime Public Company Limited,APAC,IQ10319163
Imperial Metals Corporation,N. America,IQ875334
"Grenergy Renovables, S.A.",EMEA,IQ113676245
"Praxair Korea Co., Ltd.",APAC,IQ6489267
Permian Resources Corporation,N. America,IQ323581924
PT Merdeka Copper Gold Tbk,APAC,IQ285857471
Vallianz Holdings Limited,APAC,IQ7689775
Sunnova Energy International Inc.,N. America,IQ234681245
Shandong Hi-Speed Holdings Group Limited,APAC,IQ7689671
State Power Investment Corporation Xinjiang Energy Chemical Corporation Limited,APAC,IQ561823260
"Shinfox Energy Co., Ltd.",APAC,IQ331399730
"Beijing Energy International Holding Co., Ltd.",APAC,IQ146243129
"Hunan Silver Co.,Ltd.",APAC,IQ113528639
"Sanmenxia Investment Group Co.,Ltd.",APAC,IQ574339551
"Shandong Gold Group Co.,Ltd",APAC,IQ28802580
Bay State Gas Company,N. America,IQ254655
PRL Global Ltd.,APAC,IQ882065
Atlas Energy Solutions Inc.,N. America,IQ1823874952
"Seowon Co., Ltd.",APAC,IQ5722359
Allkem Pty Ltd,APAC,IQ38747234
"Tongyi Carbon Neutral Technology (Xinjiang) Co., Ltd",APAC,IQ13227420
Palmet Enerji A.S.,EMEA,IQ26492021
Vault Minerals Limited,APAC,IQ882729
Saturn Oil & Gas Inc.,N. America,IQ9862725
"Asia-potash International Investment (Guangzhou)Co.,Ltd.",APAC,IQ13292058
Mitsui E&P Australia Holdings Pty Ltd,APAC,IQ4493468
Ecosuntek S.p.A.,EMEA,IQ140963992
Strathcona Resources Ltd.,N. America,IQ106350436
Sitio Royalties Corp.,N. America,IQ645938796
"National Power Company ""Ukrenergo""",EMEA,IQ39034461
Sichuan State-owned Assets Operation Investment Management Co.Ltd,APAC,IQ591506850
SouthGobi Resources Ltd.,APAC,IQ34978285
"Suzhou Betely Polymer Materials Co., Ltd.",APAC,IQ317405515
Du Du Holdings Limited,APAC,IQ10999122
PT Petrindo Jaya Kreasi Tbk,APAC,IQ1826280776
"Aerospace Intelligent Manufacturing Technology Co., Ltd.",APAC,IQ266870493
Nyrstar Australia Pty Ltd,APAC,IQ312354330
RioZim Limited,EMEA,IQ875350
BP Corporation North America Inc.,N. America,IQ169582
GB Holdings Limited,EMEA,IQ20385861
Valeura Energy Inc.,APAC,IQ29187898
Orla Mining Ltd.,N. America,IQ35555920
Latur Renewable Private Limited,APAC,IQ580139405
"Cox Energy, S.A.B. de C.V.",N. America,IQ673701097
IL&FS Energy Development Company Limited,APAC,IQ61172323
"Cox ABG Group, S.A.",EMEA,IQ426700744
Genesis Minerals Limited,APAC,IQ35699414
Basic Energy Corporation,APAC,IQ10160181
Anglian Water Group Limited,EMEA,IQ875999
Energean plc,EMEA,IQ553083288
Abu Dhabi Future Energy Company PJSC - Masdar,EMEA,IQ30133846
Abu Dhabi National Energy Company PJSC,EMEA,IQ653784400
ACWA Power Company,EMEA,IQ51941637
Saudi Energy Company,EMEA,IQ10352656
Saudi Arabian Mining Company (Maaden),EMEA,IQ6630870
Indorama Ventures Public Company Limited,APAC,IQ40421598
Bangchak Corporation Public Company Limited,APAC,IQ882231
Gulf Development Public Company Limited,APAC,IQ328834687
Fortum Oyj,EMEA,IQ882894
Ørsted A/S,EMEA,IQ6492833
Technip Energies N.V.,EMEA,IQ657892334
Sandfire Resources Limited,APAC,IQ20385555
Vallourec S.A.,EMEA,IQ874654
Petróleos Mexicanos,N. America,IQ3546599
GrainCorp Limited,APAC,IQ4569972
Saudi Basic Industries Corporation,EMEA,IQ1918515
Saudi Arabian Oil Company,EMEA,IQ1241120
E.I.D.- Parry (India) Limited,APAC,IQ881087
Celanese Corporation,N. America,IQ405277
Albemarle Corporation,N. America,IQ18671
Alperia SpA,EMEA,IQ322586176
ACEA S.p.A.,EMEA,IQ716463
Enel SpA,EMEA,IQ93486
Snam S.p.A.,EMEA,IQ5481217
A2A S.p.A.,EMEA,IQ883534
Hera S.p.A.,EMEA,IQ9609666
ERG S.p.A.,EMEA,IQ875067
Terna S.p.A.,EMEA,IQ5489548
Public Power Corporation S.A.,EMEA,IQ874489
Dolomiti Energia Spa,EMEA,IQ20904006
Aksa Enerji Üretim A.S.,EMEA,IQ42676229
Federated Co-operatives Limited,N. America,IQ4161843
John Wood Group PLC,EMEA,IQ128711
BP p.l.c.,EMEA,IQ394466
Centerra Gold Inc.,N. America,IQ9870273
Hecla Mining Company,N. America,IQ278111
Kinross Gold Corporation,N. America,IQ297179
"NextEra Energy, Inc.",N. America,IQ270586
"Kumho Petro Chemical Co.,Ltd",APAC,IQ2482261
"INVENI Co., Ltd.",APAC,IQ5523657
"LG Chem, Ltd.",APAC,IQ3608705
S-Oil Corporation,APAC,IQ876157
"TKG Huchems Co., Ltd.",APAC,IQ6506931
"Korea Zinc Company, Ltd.",APAC,IQ1219444
GS Energy Corporation,APAC,IQ206461542
E1 Corporation,APAC,IQ13174076
"DL Chemical Co., Ltd.",APAC,IQ700614102
"DIG Airgas Co., Ltd.",APAC,IQ5824947
OCI Holdings Company Ltd.,APAC,IQ5492209
"HD Hyundai Co., Ltd.",APAC,IQ409915200
Petroliam Nasional Berhad (PETRONAS),APAC,IQ884391
PETRONAS Chemicals Group Berhad,APAC,IQ113024933
Tenaga Nasional Berhad,APAC,IQ877964
Teck Resources Limited,N. America,IQ189526
TC Energy Corporation,N. America,IQ309162
Suncor Energy Inc.,N. America,IQ354361
Newmont Corporation,N. America,IQ291795
New Gold Inc.,N. America,IQ4876557
AngloGold Ashanti plc,N. America,IQ392371
ContourGlobal Limited,EMEA,IQ61204426
"Naturgy Energy Group, S.A.",EMEA,IQ878889
"Acciona, S.A.",EMEA,IQ876153
BASF SE,EMEA,IQ382826
DSM-Firmenich AG,EMEA,IQ410412
PBF Energy Inc.,N. America,IQ142892259
"CenterPoint Energy, Inc.",N. America,IQ279513
CMS Energy Corporation,N. America,IQ257682
Alliant Energy Corporation,N. America,IQ312949
"TXNM Energy, Inc.",N. America,IQ298441
"MGE Energy, Inc.",N. America,IQ285723
Constellation Energy Corporation,N. America,IQ3136719
Eversource Energy,N. America,IQ292525
Atmos Energy Corporation,N. America,IQ252684
Lenzing Aktiengesellschaft,EMEA,IQ875770
Nutrien Ltd.,N. America,IQ297545
Hydro One Limited,N. America,IQ2405489
NiSource Inc.,N. America,IQ292092
Exxon Mobil Corporation,N. America,IQ406338
"EDP, S.A.",EMEA,IQ410485
China Three Gorges Corporation,APAC,IQ9496555
PT Pertamina (Persero),APAC,IQ4142986
Italmatch Chemicals S.p.A.,EMEA,IQ575630753
Topsoe A/S,EMEA,IQ5531589
ERAMET S.A.,EMEA,IQ877768
Gold Fields Limited,EMEA,IQ526381
Centrica plc,EMEA,IQ882523
Nayara Energy Limited,APAC,IQ882176
Umicore SA,EMEA,IQ691467
Fluxys Belgium SA,EMEA,IQ5468089
Glencore plc,EMEA,IQ704674
Lundin Mining Corporation,N. America,IQ880295
FMC Corporation,N. America,IQ28606
The Dow Chemical Company,N. America,IQ327097967
Eastman Chemical Company,N. America,IQ109103
ChampionX Corporation,N. America,IQ545985501
"INA-Industrija nafte, d.d.",EMEA,IQ11274362
Nebras Energy Q.P.S.C.,EMEA,IQ5629635
"Qatar Fuel Company Q.P.S.C. (""WOQOD"")",EMEA,IQ20358744
Gulf International Services Q.P.S.C.,EMEA,IQ45463524
QatarEnergy,EMEA,IQ3614471
"PPG Industries, Inc.",N. America,IQ294639
DTE Energy Company,N. America,IQ266598
Clariant AG,EMEA,IQ631575
PCC SE,EMEA,IQ5886237
Novozymes A/S,EMEA,IQ904817
Anglo American plc,EMEA,IQ409115
"Kukdong Oil & Chemicals Co.,Ltd",APAC,IQ5451546
The Southern Company,N. America,IQ120623
"Dominion Energy, Inc.",N. America,IQ267105
Methanex Corporation,N. America,IQ331298
Marathon Petroleum Corporation,N. America,IQ118315802
Phillips 66,N. America,IQ27306532
Keyera Corp.,N. America,IQ5844869
Enbridge Inc.,N. America,IQ280420
"ONEOK, Inc.",N. America,IQ293889
"Civitas Resources, Inc.",N. America,IQ117973925
"Kolon Industries, Inc.",APAC,IQ99411754
OMV Aktiengesellschaft,EMEA,IQ411108
OMV Petrom S.A.,EMEA,IQ9794205
Messer SE & Co. KGaA,EMEA,IQ9767491
Oil India Limited,APAC,IQ13531063
Hindustan Petroleum Corporation Limited,APAC,IQ878052
Bharat Petroleum Corporation Limited,APAC,IQ4481079
Indian Oil Corporation Limited,APAC,IQ7844179
HELLENiQ ENERGY Holdings S.A.,EMEA,IQ883751
Eviny AS,EMEA,IQ20702372
Kemira Oyj,EMEA,IQ692716
TotalEnergies SE,EMEA,IQ326300
Engie SA,EMEA,IQ1073371
Electricité de France S.A.,EMEA,IQ690392
Veolia Environnement SA,EMEA,IQ895251
EDF Energy Limited,EMEA,IQ852353
Occidental Petroleum Corporation,N. America,IQ293286
SLB N.V.,N. America,IQ301966
Lotte Chemical Corporation,APAC,IQ2492770
Public Joint Stock Company Mining and Metallurgical Company Norilsk Nickel,EMEA,IQ2421202
Public Joint Stock Company Polyus,EMEA,IQ272009778
Iluka Resources Limited,APAC,IQ875335
BHP Group Limited,APAC,IQ256654
Rio Tinto Group,EMEA,IQ299199
South32 Limited,APAC,IQ272945665
PTT Global Chemical Public Company Limited,APAC,IQ879835
PTT Public Company Limited,APAC,IQ5469268
PTT Exploration and Production Public Company Limited,APAC,IQ878957
UPC Technology Corporation,APAC,IQ9736053
Sika AG,EMEA,IQ694958
Yara International ASA,EMEA,IQ9235643
Equinor ASA,EMEA,IQ989228
Odfjell Drilling Ltd.,EMEA,IQ241631186
Aker Solutions ASA,EMEA,IQ262890984
CHS Inc.,N. America,IQ160810
Ingredion Incorporated,N. America,IQ372526
"CF Industries Holdings, Inc.",N. America,IQ22357184
"Corteva, Inc.",N. America,IQ319130234
Bunge Global SA,N. America,IQ687261
B.F. S.p.A.,EMEA,IQ268144986
LyondellBasell Industries N.V.,EMEA,IQ792424
Quaker Chemical Corporation,N. America,IQ298843
"MOEVE, S.A.",EMEA,IQ874195
OQ SAOC,EMEA,IQ10877852
Solvay SA,EMEA,IQ377837
Syensqo SA/NV,EMEA,IQ1844488027
Symrise AG,EMEA,IQ856755
Vedanta Limited,APAC,IQ878252
Nitto Denko Corporation,APAC,IQ874972
Dyno Nobel Limited,APAC,IQ13190293
AGL Energy Limited,APAC,IQ874736
Woodside Energy Group Ltd,APAC,IQ873963
SSE plc,EMEA,IQ877219
Thames Water Utilities Limited,EMEA,IQ5475482
Public Joint Stock Company Inter RAO UES,EMEA,IQ11368677
Eni S.p.A.,EMEA,IQ358534
Vår Energi ASA,EMEA,IQ20670212
Saipem SpA,EMEA,IQ874343
Aboitiz Power Corporation,APAC,IQ30854892
Statkraft AS,EMEA,IQ876292
Å Energi AS,EMEA,IQ8209414
Tata Power Company Limited,APAC,IQ874401
"ENEOS Holdings, Inc.",APAC,IQ113576343
The Mosaic Company,N. America,IQ890498
Westlake Chemical Partners LP,N. America,IQ262786915
SHV Holdings N.V.,EMEA,IQ792896
Portland General Electric Company,N. America,IQ297526
DCM Shriram Limited,APAC,IQ878603
Reliance Industries Limited,APAC,IQ878373
"The Williams Companies, Inc.",N. America,IQ390225
Chevron Corporation,N. America,IQ98506
Ferroglobe PLC,EMEA,IQ126991219
"Repsol, S.A.",EMEA,IQ323502
Elementis plc,EMEA,IQ882190
Synthomer plc,EMEA,IQ692987
KGHM Polska Miedz S.A.,EMEA,IQ882350
Polenergia S.A.,EMEA,IQ523507
Orlen S.A.,EMEA,IQ883676
2i Rete Gas S.p.A.,EMEA,IQ627329
Iren SpA,EMEA,IQ716286
Sempra,N. America,IQ120622
Southern California Gas Company,N. America,IQ3037532
Southern California Edison Company,N. America,IQ1431883
Johnson Matthey Plc,EMEA,IQ631740
Orica Limited,APAC,IQ874190
RWE Aktiengesellschaft,EMEA,IQ408612
Energinet.dk,EMEA,IQ947547
Vattenfall AB (publ),EMEA,IQ875142
"Iberdrola, S.A.",EMEA,IQ517300
ATCO Ltd.,N. America,IQ873644
UPL Limited,APAC,IQ20376936
Oil and Natural Gas Corporation Limited,APAC,IQ882940
"NRG Energy, Inc.",N. America,IQ413857
National Grid plc,EMEA,IQ405257
Pacific Gas and Electric Company,N. America,IQ805269
"Consolidated Edison, Inc.",N. America,IQ263295
Duke Energy Corporation,N. America,IQ267850
Arizona Public Service Company,N. America,IQ388114
E.ON SE,EMEA,IQ385510
"DuPont de Nemours, Inc.",N. America,IQ768440
Ameren Corporation,N. America,IQ373264
ReNew Energy Global Plc,EMEA,IQ209953775
Public Joint Stock Company Gazprom Neft,EMEA,IQ7680427
PI Industries Limited,APAC,IQ24275391
Indofil Industries Limited,APAC,IQ52036642
Coromandel International Limited,APAC,IQ878825
Jubilant Ingrevia Limited,APAC,IQ645770012
"Galp Energia, SGPS, S.A.",EMEA,IQ874537
Hempel A/S,EMEA,IQ5498720
Akzo Nobel N.V.,EMEA,IQ325843
SCR-Sibelco N.V.,EMEA,IQ5774750
Neste Oyj,EMEA,IQ20582418
Entergy Corporation,N. America,IQ269764
Baker Hughes Company,N. America,IQ425005479
"Puget Sound Energy, Inc.",N. America,IQ1779517
PGE Polska Grupa Energetyczna S.A.,EMEA,IQ1680696
Origin Energy Limited,APAC,IQ874069
Shell plc,EMEA,IQ22385966
Uniper SE,EMEA,IQ323729197
WE Soda Ltd,EMEA,IQ554431022
"DL Holdings CO., LTD.",APAC,IQ874697
PT Alamtri Resources Indonesia Tbk,APAC,IQ46695423
PT. Indika Energy Tbk,APAC,IQ25239747
PT TBS Energi Utama Tbk,APAC,IQ139678547
PT ABM Investama Tbk,APAC,IQ142622655
PT Barito Pacific Tbk,APAC,IQ878243
Brookfield Infrastructure Partners L.P.,N. America,IQ36012134
"Mativ Holdings, Inc.",N. America,IQ351162
"Air Products and Chemicals, Inc.",N. America,IQ248356
Sasol Limited,EMEA,IQ527037
Aurubis AG,EMEA,IQ874312
Nufarm Limited,APAC,IQ878126
"Ganfeng Lithium Group Co., Ltd.",APAC,IQ60869480
"Minimed Group, Inc.",N. America,IQ1970346369
Medline Inc.,N. America,IQ1967303892
AstraZeneca AB,EMEA,IQ383605
GlaxoSmithKline Services Unlimited,EMEA,IQ5546439
Sanofi-Aventis Korea Co. Ltd,APAC,IQ40213740
Pfizer Pharmaceuticals Korea Limited,APAC,IQ12701736
"Axsome Therapeutics, Inc.",N. America,IQ241907563
"Viadavinci Co., Ltd.",APAC,IQ208177286
"Nam Yang Pharmaceutical Co., Ltd.",APAC,IQ85144220
New Shin Phin Pharm Ltd.,APAC,IQ227953521
"Shanghai C&D INNOSTIC Medical Technology Group Co., Ltd.",APAC,IQ1789078822
Entero Healthcare Solutions Limited,APAC,IQ574289796
Sigma Healthcare Limited,APAC,IQ1825751140
Indegene Limited,APAC,IQ434490987
SCHOTT Pharma AG & Co. KGaA,EMEA,IQ1788637884
Amal Holdings A.D. Ltd.,EMEA,IQ1763206857
CUC Inc.,APAC,IQ686448803
"Hinge Health, Inc.",N. America,IQ334099910
Inventurus Knowledge Solutions Limited,APAC,IQ31069981
BenQ BM Holding Cayman Corp.,APAC,IQ131376980
Adventist Health System/West,N. America,IQ3113574
Sunway Healthcare Holdings Berhad,APAC,IQ1674257964
Pure Health Holding PJSC,EMEA,IQ1797516417
Edding Genor Group Holdings Limited,APAC,IQ1899956606
Blueprint Medicines Corporation,N. America,IQ129802746
"Caris Life Sciences, Inc.",N. America,IQ285971879
"Madrigal Pharmaceuticals, Inc.",N. America,IQ144939852
"Samsung Epis Holdings Co., Ltd.",APAC,IQ1944474107
"Moderna, Inc.",N. America,IQ128680956
BioNTech SE,EMEA,IQ51198843
"SD Biosensor, Inc.",APAC,IQ114336042
Hartalega Holdings Berhad,APAC,IQ35158565
"Realcan Pharmaceutical Group Co., Ltd.",APAC,IQ47105922
Kossan Rubber Industries Bhd,APAC,IQ4481738
"Accendra Health, Inc.",N. America,IQ294382
"Seegene, Inc.",APAC,IQ9459992
"Luoxin Pharmaceuticals Group Stock Co., Ltd.",APAC,IQ24549779
"OPKO Health, Inc.",N. America,IQ33405327
"Zhonghong Pulin Medical Products Co., Ltd.",APAC,IQ308188750
"Chongqing Zhifei Biological Products Co., Ltd.",APAC,IQ61443073
Top Glove Corporation Bhd.,APAC,IQ8090046
Emergent BioSolutions Inc.,N. America,IQ13627017
"Youcare Pharmaceutical Group Co., Ltd.",APAC,IQ113639240
"Guangzhou Kingmed Diagnostics Group Co., Ltd.",APAC,IQ69507529
"Intco Medical Technology Co., Ltd.",APAC,IQ332232878
Maccura Biotechnology Co.Ltd,APAC,IQ79629679
"Shanxi Zhendong Pharmaceutical Co.,Ltd",APAC,IQ114602010
"BGI Genomics Co., Ltd.",APAC,IQ320766695
"Shijiazhuang Yiling Pharmaceutical Co., Ltd.",APAC,IQ48994010
Sri Trang Gloves (Thailand) Public Company Limited,APAC,IQ5829376
"Blue Sail Medical Co.,Ltd.",APAC,IQ83431266
"Lepu Medical Technology (Beijing) Co., Ltd.",APAC,IQ65075092
"Premier, Inc.",N. America,IQ705287
"SK bioscience Co.,Ltd.",APAC,IQ574494123
"Shenzhen Neptunus Bioengineering Co., Ltd.",APAC,IQ5706402
Bangkok Chain Hospital Public Company Limited,APAC,IQ11777422
"Shanghai Junshi Biosciences Co., Ltd.",APAC,IQ309250670
"Sumitomo Pharma Co., Ltd.",APAC,IQ876269
Fresenius SE & Co. KGaA,EMEA,IQ879555
PT Kimia Farma Tbk,APAC,IQ20347107
"Shandong Buchang Pharmaceuticals Co., Ltd.",APAC,IQ58172328
"Shanghai Shyndec Pharmaceutical Co., Ltd.",APAC,IQ12703416
"BML, Inc.",APAC,IQ5521836
Endo LP,N. America,IQ28071
"Cross Country Healthcare, Inc.",N. America,IQ27189
"Astena Holdings Co., Ltd.",APAC,IQ883409
"Yantai Dongcheng Pharmaceutical Group Co.,Ltd.",APAC,IQ49616978
Agfa-Gevaert NV,EMEA,IQ874709
"Walvax Biotechnology Co., Ltd.",APAC,IQ61421071
Australian Unity Limited,APAC,IQ5566600
"Zhende Medical Co., Ltd.",APAC,IQ48975199
"HARBIN GLORIA PHARMACEUTICALS Co., LTD",APAC,IQ106674904
Tianjin Pharmaceutical Da Ren Tang Group Corporation Limited,APAC,IQ5554742
"Jeil Pharmaceutical Co.,Ltd",APAC,IQ416522561
"Zhejiang Zhenyuan Share Co.,Ltd.",APAC,IQ6122608
"Holley Group Co., Ltd",APAC,IQ936085
SanPower Group,APAC,IQ32680604
"Tianjin Chase Sun Pharmaceutical Co.,Ltd",APAC,IQ73586756
"AMN Healthcare Services, Inc.",N. America,IQ24821
Jeil Pharma Holdings Inc,APAC,IQ5663200
"Cachet Pharmaceutical Co., Ltd.",APAC,IQ59703619
"Renhe Pharmacy Co.,Ltd",APAC,IQ12732439
"Yabao Pharmaceutical Group Co., Ltd",APAC,IQ12936848
Melbourne Health,APAC,IQ30298890
"H.U. Group Holdings, Inc.",APAC,IQ879730
China Traditional Chinese Medicine Holdings Co. Limited,APAC,IQ4481200
"Shanghai Kindly Enterprise Development Group Co.,LTD.",APAC,IQ12546322
"KPC Pharmaceuticals,Inc.",APAC,IQ5435594
Adicon Holdings Limited,APAC,IQ583854391
Teleflex Incorporated,N. America,IQ307430
Healius Limited,APAC,IQ419262
"Fukuda Denshi Co., Ltd.",APAC,IQ875363
"Shinsung Pharm. Co., Ltd.",APAC,IQ99985949
"Zhejiang Hisun Group Co.,Ltd",APAC,IQ22831289
"Shaoxing Tourism Group Co., Ltd.",APAC,IQ139610455
Sanofi-Aventis Australia Pty Ltd,APAC,IQ34538772
Bayer Australia Limited,APAC,IQ5554762
"Kaken Pharmaceutical Co., Ltd.",APAC,IQ878899
"Zhejiang Xianju Pharmaceutical Co.,Ltd.",APAC,IQ6492247
"Winning Health Technology Group Co., Ltd.",APAC,IQ113745878
"Guangzhou Wondfo Biotech Co.,Ltd",APAC,IQ107140559
"Revvity, Inc.",N. America,IQ268363
"Fuso Pharmaceutical Industries,Ltd.",APAC,IQ879717
"Hologic, Inc.",N. America,IQ108544
"Shenzhen Kangtai Biological Products Co., Ltd.",APAC,IQ61414966
"Dian Diagnostics Group Co.,Ltd.",APAC,IQ118207004
"Tianjin Tianyao Pharmaceuticals Co., Ltd.",APAC,IQ6020730
"Mochida Pharmaceutical Co., Ltd.",APAC,IQ874392
"Sawai Group Holdings Co., Ltd.",APAC,IQ4493541
"Shanghai Runda Medical Technology Co., Ltd.",APAC,IQ60890540
"Hubei Jumpcan Pharmaceutical Co., Ltd.",APAC,IQ242739686
"Zhuzhou State-owned Assets Investment Holding Group Co., Ltd",APAC,IQ140770122
"Yamashita Health Care Holdings,Inc.",APAC,IQ25617636
Bendigo Health,APAC,IQ22987871
SSY Group Limited,APAC,IQ24349948
Australian Clinical Labs Limited,APAC,IQ11437426
"Vital KSK Holdings, Inc.",APAC,IQ53461803
"Chongqing Taiji Industry(Group) Co.,Ltd",APAC,IQ5546540
"Shandong Jincheng Pharmaceutical Group Co., Ltd",APAC,IQ83200590
"Northeast Pharmaceutical Group Co., Ltd.",APAC,IQ5559290
Life Healthcare Group Holdings Limited,EMEA,IQ877128
"Santen Pharmaceutical Co., Ltd.",APAC,IQ880916
"Zhejiang Hisun Pharmaceutical Co., Ltd.",APAC,IQ5842289
Cresco Labs Inc.,N. America,IQ273639073
Wockhardt Limited,APAC,IQ881091
"Suzuken Co., Ltd.",APAC,IQ878800
"Japan Lifeline Co., Ltd.",APAC,IQ884061
"Ildong Holdings Co., Ltd.",APAC,IQ4481735
"Daito Pharmaceutical Co.,Ltd.",APAC,IQ98376436
"Guizhou Xinbang Pharmaceutical Co., Ltd.",APAC,IQ61636574
"OLBA HEALTHCARE HOLDINGS, Inc.",APAC,IQ8789263
The Royal Children's Hospital,APAC,IQ32413444
"JMS Co.,Ltd.",APAC,IQ880836
"Cisen Pharmaceutical Co., Ltd.",APAC,IQ115037017
"France Bed Holdings Co.,Ltd.",APAC,IQ10559360
"Eisai Co., Ltd.",APAC,IQ685500
North China Pharmaceutical Company.Ltd,APAC,IQ5885543
"Ildong Pharmaceutical Co., Ltd.",APAC,IQ328947640
Pharmaniaga Berhad,APAC,IQ9206114
PHC Holdings Corporation,APAC,IQ303565381
"China Meheco Group Co., Ltd.",APAC,IQ5527739
MediPal Holdings Corporation,APAC,IQ4484388
CSPC Pharmaceutical Group Limited,APAC,IQ879722
"Jiangsu Kanion Pharmaceutical Co.,Ltd.",APAC,IQ12708886
HANDOK Inc.,APAC,IQ5606896
Chong Kun Dang Holdings Corp.,APAC,IQ6463761
"Regeneron Pharmaceuticals, Inc.",N. America,IQ33715
"Lanzhou Foci pharmaceutical industry development Group co., ltd",APAC,IQ170898661
"Shinva Medical Instrument Co.,Ltd.",APAC,IQ12745530
Alfresa Holdings Corporation,APAC,IQ9248638
Alfred Health,APAC,IQ22654065
Xiamen Kingdomway Group Company,APAC,IQ60840122
"Shaoxing Communications Holding Group Co.,Ltd",APAC,IQ13622914
"Taizhou Jiaojiang State Owned Capital Operation Group Co., Ltd",APAC,IQ242359165
Select Medical Holdings Corporation,N. America,IQ23873120
"Chuchang Investment Group Co.,Ltd.",APAC,IQ222377630
St Vincent's Hospital (Melbourne) Limited,APAC,IQ22711003
China Shineway Pharmaceutical Group Limited,APAC,IQ12736702
"Bio-Rad Laboratories, Inc.",N. America,IQ255743
Saint-Care Holding Corporation,APAC,IQ5437094
Eastern Health,APAC,IQ5579565
"Avantor, Inc.",N. America,IQ403055588
Fortrea Holdings Inc.,N. America,IQ1793665465
Solasto Corporation,APAC,IQ884150
"Paramount Bed Holdings Co., Ltd.",APAC,IQ881565
"Hokuyaku Takeyama Holdings,Inc.",APAC,IQ5479355
China Medical System Holdings Limited,APAC,IQ37144276
"Nippon Shinyaku Co., Ltd.",APAC,IQ880880
"Medius Holdings Co., Ltd.",APAC,IQ28645939
Mylan Australia Holding Pty Ltd,APAC,IQ169261769
Qiagen N.V.,EMEA,IQ33471
"Shenzhen Baiyeyuan Investment Co.,Ltd",APAC,IQ140791332
"ASKA Pharmaceutical Holdings Co.,Ltd.",APAC,IQ687135
Roche Products Pty Limited,APAC,IQ22709753
GlaxoSmithKline Pharmaceuticals Limited,APAC,IQ878375
Livzon Pharmaceutical Group Inc.,APAC,IQ5567081
"Maruho Co.,Ltd.",APAC,IQ5542386
"Zhejiang International Business Group Co.,Ltd",APAC,IQ98002578
"Toho Holdings Co., Ltd.",APAC,IQ883899
AS ONE Corporation,APAC,IQ5545822
DVx Inc.,APAC,IQ23376438
"Guangdong Zhongsheng Pharmaceutical Co., Ltd.",APAC,IQ64807823
"Pharma Foods International Co., Ltd.",APAC,IQ23972721
Shandong Weigao Group Medical Polymer Company Limited,APAC,IQ9649234
Fisher & Paykel Healthcare Corporation Limited,APAC,IQ875015
Medtronic Australasia Pty Ltd,APAC,IQ22829797
Embecta Corp.,N. America,IQ714010553
"Jilin Aodong Pharmaceutical Group Co., Ltd.",APAC,IQ12666601
Baxter International Inc.,N. America,IQ254571
"Jianmin Pharmaceutical Group Co.,Ltd.",APAC,IQ11367676
"KYORIN Pharmaceutical Co., Ltd.",APAC,IQ873679
"Zhejiang Medicine Co., Ltd.",APAC,IQ5685341
"New Journey Health Technology Group Co.,LTD",APAC,IQ40478841
"Menicon Co., Ltd.",APAC,IQ5544484
"Guizhou Bailing Group Pharmaceutical Co., Ltd.",APAC,IQ58169391
"Taizhou Huaxin Pharmaceutical Investment Co., Ltd.",APAC,IQ132235347
"Tasly Pharmaceutical Group Co., Ltd",APAC,IQ12680453
ETHK Labs Inc.,APAC,IQ625580230
Keenova Therapeutics plc,EMEA,IQ232036063
Monash Health,APAC,IQ131458849
Hualan Biological Engineering Inc.,APAC,IQ12739153
"Zhejiang CONBA Pharmaceutical Co.,Ltd.",APAC,IQ20384612
"Mayinglong Pharmaceutical Group Co., Ltd.",APAC,IQ20383955
Gan & Lee Pharmaceuticals.,APAC,IQ106344166
"Ohki Healthcare Holdings Co.,Ltd.",APAC,IQ5495469
TOKAI Corp.,APAC,IQ5875154
"Enhabit, Inc.",N. America,IQ667880480
Ansell Limited,APAC,IQ167945
"Sichuan Kelun Pharmaceutical Co., Ltd.",APAC,IQ34616783
"Hisamitsu Pharmaceutical Co., Inc.",APAC,IQ877050
"Nanjing King-Friend Biochemical Pharmaceutical Co.,Ltd.",APAC,IQ61566874
"Shanghai Fosun Pharmaceutical (Group) Co., Ltd.",APAC,IQ22239281
"Nanjing Xinjiekou Department Store Co., Ltd.",APAC,IQ5559235
"WIN-Partners Co., Ltd.",APAC,IQ241964078
"Topchoice Medical Co., Inc.",APAC,IQ11341798
HPGC Renmintongtai Pharmaceutical Corporation,APAC,IQ24467061
Qingdao Baheal Medical INC.,APAC,IQ559352206
Care Twentyone Corporation,APAC,IQ9476191
"Novavax, Inc.",N. America,IQ350381
China National Accord Medicines Corporation Ltd.,APAC,IQ5547751
"Chugai Pharmaceutical Co., Ltd.",APAC,IQ685347
Organon & Co.,N. America,IQ653748561
"Jiangsu Hengrui Pharmaceuticals Co.,Ltd",APAC,IQ6153489
"Tianjin Jinhao Pharmaceutical Co., Ltd.",APAC,IQ39474854
Elanco Animal Health Incorporated,N. America,IQ576158911
Nipro Corporation,APAC,IQ876125
"Apeloa Pharmaceutical Co.,Ltd",APAC,IQ12458871
Truking Technology Limited,APAC,IQ206869906
"Qingdao Haier Biomedical Co.,Ltd",APAC,IQ571522874
"China National Medical Device Co., ltd",APAC,IQ51718742
"Suheung Co., Ltd.",APAC,IQ9463057
Baxter Healthcare Pty Limited,APAC,IQ6562908
"Pediatrix Medical Group, Inc.",N. America,IQ205233
Sinopharm Group Co. Ltd.,APAC,IQ62494979
Philips India Limited,APAC,IQ878365
"CK Life Sciences Int'l., (Holdings) Inc.",APAC,IQ7657914
Vetoquinol SA,EMEA,IQ969333
"Community Health Systems, Inc.",N. America,IQ26782
Porton Pharma Solutions Ltd.,APAC,IQ99153853
Eppendorf SE,EMEA,IQ5533743
JW Holdings Corporation,APAC,IQ62031616
Guangzhou Pharmaceutical Holdings Limited,APAC,IQ61237021
Varex Imaging Corporation,N. America,IQ379834366
"Ship Healthcare Holdings, Inc.",APAC,IQ5569508
"Yifan Pharmaceutical Co., Ltd.",APAC,IQ20384650
Bupa ANZ Healthcare Holdings Pty Ltd,APAC,IQ114917316
"Align Technology, Inc.",N. America,IQ24568
"Jiangsu Yuyue Medical Equipment & Supply Co., Ltd.",APAC,IQ43846536
Guangzhou Baiyunshan Pharmaceutical Holdings Company Limited,APAC,IQ5281857
Quest Diagnostics Incorporated,N. America,IQ361335
"Meinian Onehealth Healthcare Holdings Co., Ltd.",APAC,IQ215619526
Aruma Services Limited,APAC,IQ48674968
"Kwang Dong Pharmaceutical Co., Ltd.",APAC,IQ2517614
China National Medicines Corporation Ltd.,APAC,IQ13294912
Sartorius Aktiengesellschaft,EMEA,IQ881470
"Allmed Medical Products Co.,Ltd",APAC,IQ83640054
Sartorius Stedim Biotech S.A.,EMEA,IQ43246930
"Yunnan Baiyao Group Co.,Ltd",APAC,IQ6476754
Aspen Pharmacare Holdings Limited,EMEA,IQ4481307
EL.En. S.p.A.,EMEA,IQ8100675
PT Medikaloka Hermina Tbk,APAC,IQ536901284
Tecan Group AG,EMEA,IQ6512027
Amgen Australia Pty Limited,APAC,IQ28402092
Divi's Laboratories Limited,APAC,IQ9249099
Chong Kun Dang Pharmaceutical Corp.,APAC,IQ242577150
GlaxoSmithKline Holdings Pty Ltd,APAC,IQ49409583
Koninklijke Philips N.V.,EMEA,IQ185801
Jinling Pharmaceutical Company Limited,APAC,IQ5449996
Prestige Consumer Healthcare Inc.,N. America,IQ10969688
"Charmacy Pharmaceutical Co., Ltd.",APAC,IQ318304046
"Kissei Pharmaceutical Co., Ltd.",APAC,IQ877912
Drägerwerk AG & Co. KGaA,EMEA,IQ876863
"Omnicell, Inc.",N. America,IQ32401
Sysmex Corporation,APAC,IQ882801
Mettler-Toledo International Inc.,EMEA,IQ31468
Shandong Pharmaceutical Glass Co.Ltd,APAC,IQ12763511
PT Mitra Keluarga Karyasehat Tbk,APAC,IQ286399946
Teva Pharmaceutical Industries Limited,EMEA,IQ308047
Sonic Healthcare Limited,APAC,IQ879338
Mega Lifesciences Public Company Limited,APAC,IQ31094172
JW Pharmaceutical Corporation,APAC,IQ6562472
Abbott Australasia Pty Limited,APAC,IQ5659962
"Autobio Diagnostics Co., Ltd.",APAC,IQ379813950
"Curaleaf Holdings, Inc.",N. America,IQ116958995
PharmaCare Laboratories Pty Ltd,APAC,IQ22520339
"Humanwell Healthcare (Group) Co.,Ltd.",APAC,IQ9637556
"Hanmi Pharm. Co., Ltd.",APAC,IQ109399013
Labcorp Holdings Inc.,N. America,IQ30643
"Anhui Fengyuan Pharmaceutical Co., Ltd.",APAC,IQ12785371
PT Tempo Scan Pacific Tbk,APAC,IQ879449
"Zhejiang Jingxin Pharmaceutical Co., Ltd.",APAC,IQ11369860
Paul Hartmann AG,EMEA,IQ876847
Netcare Limited,EMEA,IQ4493654
"Zhejiang Tianyu Pharmaceutical Co., Ltd.",APAC,IQ109312208
Xianju County Industrial Investment and Development Group,APAC,IQ140518732
Rici Healthcare Holdings Limited,APAC,IQ402486369
GC Biopharma Corp.,APAC,IQ3477637
Yuhan Corporation,APAC,IQ2444677
Tsumura & Co.,APAC,IQ878688
"Beijing Tongrentang Co., Ltd",APAC,IQ6464311
Sino Biopharmaceutical Limited,APAC,IQ7654965
Austin Health,APAC,IQ6464229
"Ono Pharmaceutical Co., Ltd.",APAC,IQ876950
"Kangmei Pharmaceutical Co., Ltd.",APAC,IQ12709357
"China Animal Husbandry Industry Co., Ltd.",APAC,IQ12744642
Guerbet SA,EMEA,IQ879424
"West Pharmaceutical Services, Inc.",N. America,IQ313784
Eurofins Scientific SE,EMEA,IQ883811
Tong Ren Tang Technologies Co. Ltd.,APAC,IQ5449412
"Zeria Pharmaceutical Co., Ltd.",APAC,IQ873690
Tenet Healthcare Corporation,N. America,IQ107911
"Amedisys, Inc.",N. America,IQ347535
"China Resources Double-Crane Pharmaceutical Co.,Ltd.",APAC,IQ5531267
PT Medela Potentia Tbk,APAC,IQ1934599169
PT Enseval Putera Megatrading Tbk.,APAC,IQ4481540
"Farminveste, S.G.P.S., S.A.",EMEA,IQ545998636
"E-WOO Technology Co., Ltd.",APAC,IQ54496481
Repligen Corporation,N. America,IQ33769
Dishman Carbogen Amcis Limited,APAC,IQ61262674
Luye Pharma Group Ltd.,APAC,IQ9994690
Green Cross Holdings Corporation,APAC,IQ12752952
"Luyan Pharma Co.,Ltd.",APAC,IQ97352097
Bupa Aged Care Australia Pty Ltd,APAC,IQ22173652
Nanjing Pharmaceutical Group Company Limited,APAC,IQ5566168
Terveystalo Oyj,EMEA,IQ431958482
Raffles Medical Group Ltd,APAC,IQ882724
"Anhui Anke Biotechnology (Group) Co., Ltd.",APAC,IQ66323113
"Winner Medical Co., Ltd.",APAC,IQ690212643
"Azenta, Inc.",N. America,IQ336648
Verano Holdings Corp.,N. America,IQ322580786
"Chengdu Kanghong Pharmaceutical Group Co., Ltd",APAC,IQ49757574
Sandoz Group AG,EMEA,IQ1842922977
"Changchun High-Tech Industry (Group) Co., Ltd.",APAC,IQ20334433
"Harbin Pharmaceutical Group Co., Ltd.",APAC,IQ5875325
Ibnsina Pharma,EMEA,IQ544635808
"Daewoong Pharmaceutical Co., Ltd",APAC,IQ4149164
"Dong-A ST Co., Ltd.",APAC,IQ228911178
"Guangxi LiuYao Group Co., Ltd",APAC,IQ27264279
Pihlajalinna Oyj,EMEA,IQ30901700
"Daewoong Co., Ltd.",APAC,IQ20342129
Laurus Labs Limited,APAC,IQ35100693
"Charles River Laboratories International, Inc.",N. America,IQ91093
Genus plc,EMEA,IQ1029971
"Huadong Medicine Co., Ltd",APAC,IQ26841898
Waters Corporation,N. America,IQ36475
"Torii Pharmaceutical Co., Ltd.",APAC,IQ880932
"Nanjing New Industrial Investment Group Co.,Ltd.",APAC,IQ97387264
Alkem Laboratories Limited,APAC,IQ9104830
Western Health,APAC,IQ5801238
"Laboratorios Farmaceuticos Rovi, S.A.",EMEA,IQ13539385
"Zhejiang Int'l Group Co.,Ltd.",APAC,IQ20343960
PT Kalbe Farma Tbk.,APAC,IQ878664
"Cha Healthcare Operation Co., Ltd",APAC,IQ248218320
Mölnlycke Holding AB (publ),EMEA,IQ253868019
Arjo AB (publ),EMEA,IQ250713683
Barwon Health,APAC,IQ22745290
Merck Limited Korea,APAC,IQ83841378
"Patterson Companies, Inc.",N. America,IQ320186
CommonSpirit Health,N. America,IQ160800
Ferring Holding SA,EMEA,IQ6711475
Assistance Publique - Hopitaux de Paris,EMEA,IQ26953504
Aurobindo Pharma Limited,APAC,IQ1514127
Humana AB (publ),EMEA,IQ47738410
"Jointown Pharmaceutical Group Co., Ltd",APAC,IQ36830010
"Ionis Pharmaceuticals, Inc.",N. America,IQ30300
Alembic Pharmaceuticals Limited,APAC,IQ108762263
MEDICLIN Aktiengesellschaft,EMEA,IQ5531441
PT Siloam International Hospitals Tbk,APAC,IQ46883822
Terumo Corporation,APAC,IQ875522
"Shionogi & Co., Ltd.",APAC,IQ875364
"Zhangzhou Pientzehuang Pharmaceutical., Ltd",APAC,IQ13098732
"Huons Co., Ltd.",APAC,IQ318002041
CompuGroup Medical SE & Co. KGaA,EMEA,IQ881607
"Fuji Pharma Co., Ltd.",APAC,IQ2422852
"Hangzhou Tigermed Consulting Co., Ltd",APAC,IQ46839975
IQVIA Holdings Inc.,N. America,IQ137473239
"Hanmi Science Co., Ltd.",APAC,IQ4149091
Bio-Techne Corporation,N. America,IQ189488
William Osler Health System,N. America,IQ20700955
Chemed Corporation,N. America,IQ260583
NovoCure Limited,EMEA,IQ69172456
"Chongqing Pharmaceutical (Group)Co.,Ltd.",APAC,IQ642010345
"Changchun New District Development Group Co., Ltd.",APAC,IQ665690692
Abbott India Limited,APAC,IQ9608883
"Shanghai Pharmaceuticals Holding Co., Ltd",APAC,IQ20356815
Brookdale Senior Living Inc.,N. America,IQ23500974
"Shandong Lukang Pharmaceutical Co.,Ltd.",APAC,IQ5705138
"Shenzhen Mindray Bio-Medical Electronics Co., Ltd.",APAC,IQ3605035
"SIIC Shanghai (Holdings) Co.,Ltd.",APAC,IQ31251693
"Avanos Medical, Inc.",N. America,IQ251719973
Granules India Limited,APAC,IQ12752639
"Towa Pharmaceutical Co., Ltd.",APAC,IQ4509216
Galenica AG,EMEA,IQ281749134
Organogenesis Holdings Inc.,N. America,IQ294048
University Health Network,N. America,IQ4703900
Pyeonghwa Dream Co. Ltd,APAC,IQ97333748
"Otsuka Holdings Co., Ltd.",APAC,IQ51739240
Guobang Pharma Ltd.,APAC,IQ672614573
Gland Pharma Limited,APAC,IQ419969
Alcon Inc.,EMEA,IQ694234
RHÖN-KLINIKUM Aktiengesellschaft,EMEA,IQ881495
Elekta AB (publ),EMEA,IQ879839
"Huons Global Co., Ltd.",APAC,IQ30054431
"Jinhe Biotechnology CO., LTD.",APAC,IQ61380131
Alkermes plc,EMEA,IQ24572
Ramkhamhaeng Hospital Public Company Limited,APAC,IQ8089740
"C.Q. Pharmaceutical Holding Co., Ltd.",APAC,IQ5533531
B. Braun Melsungen AG,EMEA,IQ876738
Syngene International Limited,APAC,IQ28623664
"Shandong Weigao Blood Purification Products Co., Ltd.",APAC,IQ1871722688
"Beijing Foyou Pharma CO.,LTD",APAC,IQ240638608
The United Laboratories International Holdings Limited,APAC,IQ34724429
Cegedim SA,EMEA,IQ4493068
Piramal Pharma Limited,APAC,IQ61239743
"Supernus Pharmaceuticals, Inc.",N. America,IQ422832
AddLife AB (publ),EMEA,IQ320042758
"Teladoc Health, Inc.",N. America,IQ22548461
Landeskrankenanstalten-Betriebsgesellschaft - KABEG,EMEA,IQ5538659
"Concentra Group Holdings Parent, Inc.",N. America,IQ1884847541
Spital Zofingen AG,EMEA,IQ47941932
Shandong Xinhua Pharmaceutical Company Limited,APAC,IQ218786
"Pacific Shuanglin Bio-pharmacy Co., Ltd.",APAC,IQ5393511
Sun Pharmaceutical Industries Limited,APAC,IQ141232
Asklepios Kliniken GmbH & Co. KGaA,EMEA,IQ6442817
Biotest Aktiengesellschaft,EMEA,IQ4481757
Marcolin SpA,EMEA,IQ228376205
"Yili Chuanning Biotechnology Co.,Ltd.",APAC,IQ637819856
Hirslanden AG,EMEA,IQ3550659
"M3, Inc.",APAC,IQ11367675
Modern Dental Group Limited,APAC,IQ318350450
"Zhejiang Huahai Pharmaceutical Co., Ltd.",APAC,IQ11211335
Trulieve Cannabis Corp.,N. America,IQ53036657
"Tofflon Science and Technology Group Co., Ltd.",APAC,IQ50181545
China Resources Pharmaceutical Group Limited,APAC,IQ239648624
China Isotope & Radiation Corporation,APAC,IQ154061841
"Shanghai Haohai Biological Technology Co., Ltd.",APAC,IQ108801478
Hikma Pharmaceuticals PLC,EMEA,IQ23049465
Tibet Rhodiola Pharmaceutical Holding Co.,APAC,IQ12745033
Evotec SE,EMEA,IQ531375
"Zhejiang Jiuzhou Pharmaceutical Co., Ltd",APAC,IQ47688134
Demant A/S,EMEA,IQ426471
MicroPort Scientific Corporation,APAC,IQ26049405
"HCA Healthcare, Inc.",N. America,IQ261825
Elan Corporation,APAC,IQ254444026
"DongKook Pharmaceutical Co., Ltd.",APAC,IQ33170980
"Roche Holdings, Inc.",N. America,IQ4161841
"CERAGEM Co., Ltd.",APAC,IQ23352292
CDC Pharmaceuticals Limited,APAC,IQ23034861
"Ardent Health, Inc.",N. America,IQ1194838
LivaNova PLC,EMEA,IQ27283
PT Soho Global Health Tbk,APAC,IQ143696074
"Henan Lingrui Pharmaceutical Co., Ltd.",APAC,IQ9735954
Fortis Healthcare Limited,APAC,IQ11147129
Dermapharm Holding SE,EMEA,IQ549517766
Ramsay Générale de Santé SA,EMEA,IQ135020
"Asymchem Laboratories (Tianjin) Co., Ltd.",APAC,IQ59561513
Jinxin Fertility Group Limited,APAC,IQ613242086
"10x Genomics, Inc.",N. America,IQ223288117
Oriola Oyj,EMEA,IQ27773534
"ATI Physical Therapy, Inc.",N. America,IQ27817717
Extendicare Inc.,N. America,IQ379493
Green Thumb Industries Inc.,N. America,IQ560549330
AdaptHealth Corp.,N. America,IQ628604936
Bioventus Inc.,N. America,IQ154172707
Oberösterreichische Gesundheitsholding GmbH,EMEA,IQ22563394
"Baekje Pharmaceutical Co., Ltd.",APAC,IQ99408357
LNA Santé SA,EMEA,IQ20946994
Ambea AB (publ),EMEA,IQ41570535
Nakanishi Inc.,APAC,IQ5778557
Kantonsspital St.Gallen,EMEA,IQ30339588
Peninsula Health,APAC,IQ22783189
Ryman Healthcare Limited,APAC,IQ1757534
"Merck & Co., Inc.",N. America,IQ288502
Ajanta Pharma Limited,APAC,IQ139957
CVS Group plc,EMEA,IQ418375
"Dong-A Socio Holdings Co., Ltd.",APAC,IQ880143
"China Resources Jiangzhong Pharmaceutical Co.,Ltd",APAC,IQ10200104
"IDEXX Laboratories, Inc.",N. America,IQ29729
"Aier Eye Hospital Group Co., Ltd.",APAC,IQ69062403
"Haisco Pharmaceutical Group Co., Ltd.",APAC,IQ144625798
Siegfried Holding AG,EMEA,IQ879592
"Pacira BioSciences, Inc.",N. America,IQ27508
"Asahi Intecc Co., Ltd.",APAC,IQ10203749
Lonza Group AG,EMEA,IQ631759
UCB SA,EMEA,IQ874491
Cliniques Universitaires Saint-Luc,EMEA,IQ46515587
"Shenzhen Salubris Pharmaceuticals Co., Ltd.",APAC,IQ48784795
"Catalent, Inc.",N. America,IQ83345566
InnovAge Holding Corp.,N. America,IQ703723932
Bausch + Lomb Corporation,N. America,IQ1678122959
CONMED Corporation,N. America,IQ263232
Cochlear Limited,APAC,IQ419113
"Beijing Tiantan Biological Products Co., Ltd.",APAC,IQ9963755
"GKHT Medical Technology Co., Ltd.",APAC,IQ367044494
"Guangzhou Pharmaceutical Co., Ltd",APAC,IQ5547738
"Yale-New Haven Hospital, Inc.",N. America,IQ4205064
STERIS plc,N. America,IQ34783
"Universal Health Services, Inc.",N. America,IQ36040
Hansoh Pharmaceutical Group Company Limited,APAC,IQ589660751
Spire Healthcare Group plc,EMEA,IQ268031400
Virbac SA,EMEA,IQ997213
Haemonetics Corporation,N. America,IQ94613
"Cofoe Medical Technology Co.,Ltd.",APAC,IQ641525472
"Tilray Brands, Inc.",N. America,IQ265511894
Ipsen S.A.,EMEA,IQ135238
Ipca Laboratories Limited,APAC,IQ4481217
"Clover Health Investments, Corp.",N. America,IQ321227313
"Jiangsu Nhwa Pharmaceutical Co., LTD",APAC,IQ46887714
"Dongwha Pharm.Co.,Ltd",APAC,IQ2488862
Coloplast A/S,EMEA,IQ683131
Attendo AB (publ),EMEA,IQ20459861
Simcere Pharmaceutical Group Limited,APAC,IQ33364824
"Merit Medical Systems, Inc.",N. America,IQ319791
"Daewon Pharmaceutical Co., Ltd.",APAC,IQ9463044
emeis Société anonyme,EMEA,IQ9817151
Kantonsspital Winterthur,EMEA,IQ46954432
Ottobock SE & Co. KGaA,EMEA,IQ5577124
Gedeon Richter PLC,EMEA,IQ881330
Sonova Holding AG,EMEA,IQ882368
"Sunshine Lake Pharma Co., Ltd.",APAC,IQ318951917
"Betta Pharmaceuticals Co., Ltd.",APAC,IQ262922747
UniversitätsSpital Zürich,EMEA,IQ5521561
Bruker Corporation,N. America,IQ527317
Grand Pharmaceutical Group Limited,APAC,IQ4481845
"Acadia Healthcare Company, Inc.",N. America,IQ26259736
Health Care Service Corporation,N. America,IQ165214
"Osstem Implant Co., Ltd.",APAC,IQ30565967
"Chabiotech Co.,Ltd.",APAC,IQ52008884
"Amneal Pharmaceuticals, Inc.",N. America,IQ38444119
"Tandem Diabetes Care, Inc.",N. America,IQ46368713
Octapharma AG,EMEA,IQ2558806
Aveanna Healthcare Holdings Inc.,N. America,IQ575366670
Xi'an International Medical Investment Company Limited,APAC,IQ9638059
Johor Corporation,APAC,IQ10545387
King's College Hospital NHS Foundation Trust,EMEA,IQ26972876
"Daiichi Sankyo Company, Limited",APAC,IQ23697721
Mouwasat Medical Services Company,EMEA,IQ59676761
"Shanghai Conant Optical Co., Ltd.",APAC,IQ572793678
Galderma Group AG,EMEA,IQ1871598340
ModivCare Inc.,N. America,IQ33398
"U.S. Physical Therapy, Inc.",N. America,IQ326272
"Hackensack Meridian Health, Inc.",N. America,IQ421602347
Charm Care Corporation,APAC,IQ61876845
"Luz Saúde, S.A.",EMEA,IQ25396042
J. B. Chemicals & Pharmaceuticals Limited,APAC,IQ878634
Atrium Health Wake Forest Baptist and Brenner Childrens Hospital,N. America,IQ20965663
"NeoGenomics, Inc.",N. America,IQ1335304
Ambu A/S,EMEA,IQ878918
H. Lundbeck A/S,EMEA,IQ671670
"Xi'an Qujiang Cultural Finance Holdings (Group) Co., Ltd",APAC,IQ646267981
Estia Health Limited,APAC,IQ247590416
CorVel Corporation,N. America,IQ273312
Consun Pharmaceutical Group Limited,APAC,IQ46266842
Integer Holdings Corporation,N. America,IQ36627
National HealthCare Corporation,N. America,IQ31869
Aevis Victoria SA,EMEA,IQ11791622
Dr. Soliman Abdel Kader Fakeeh Hospital Company,EMEA,IQ37444562
"Grifols, S.A.",EMEA,IQ734865
Medios AG,EMEA,IQ364624951
"Faes Farma, S.A.",EMEA,IQ883218
Dentalcorp Holdings Ltd.,N. America,IQ713258991
Gerresheimer AG,EMEA,IQ144218
Bachem Holding AG,EMEA,IQ760034
"Imeik Technology Development Co.,Ltd.",APAC,IQ530164297
HUTCHMED (China) Limited,APAC,IQ26652603
"Tianjin Ringpu Bio-Technology Co.,Ltd.",APAC,IQ110055830
"Huaxia Eye Hospital Group Co.,Ltd.",APAC,IQ638855934
"Shanghai RAAS Blood Products Co., Ltd.",APAC,IQ36854371
Southern Cross Health Trust,APAC,IQ49582369
Narayana Hrudayalaya Limited,APAC,IQ30202521
"Indivior Pharmaceuticals, Inc.",N. America,IQ277824630
"Hygeia Healthcare Holdings Co., Limited",APAC,IQ668694163
Bangkok Dusit Medical Services Public Company Limited,APAC,IQ879440
Uniphar plc,EMEA,IQ5532747
Burjeel Holdings PLC,EMEA,IQ223779741
Thomson Medical Group Limited,APAC,IQ283876870
Middle East Healthcare Company,EMEA,IQ28603212
QuidelOrtho Corporation,N. America,IQ127881
"Exelixis, Inc.",N. America,IQ28338
"Samsung Medison Co., Ltd.",APAC,IQ1004602
Sopharma AD,EMEA,IQ9220630
"RadNet, Inc.",N. America,IQ373691
Regis Healthcare Limited,APAC,IQ272367539
"Shenzhen New Industries Biomedical Engineering Co., Ltd.",APAC,IQ254260050
GPI S.p.A.,EMEA,IQ112698313
"Option Care Health, Inc.",N. America,IQ206437596
"Guiyang City Construction Investment Group Co.,Ltd.",APAC,IQ118156728
"Amphastar Pharmaceuticals, Inc.",N. America,IQ2003650
Addus HomeCare Corporation,N. America,IQ1108195
Marksans Pharma Limited,APAC,IQ20904084
Fagron NV,EMEA,IQ37345302
"C.I. Medical Co.,Ltd.",APAC,IQ49245273
Phibro Animal Health Corporation,N. America,IQ528955
KPJ Healthcare Berhad,APAC,IQ879711
Neogen Corporation,N. America,IQ339683
"ICU Medical, Inc.",N. America,IQ317440
Sopharma Trading AD,EMEA,IQ27482664
Incyte Corporation,N. America,IQ332954
"Pharmaron Beijing Co., Ltd.",APAC,IQ529472242
Glaukos Corporation,N. America,IQ3131592
Veeva Systems Inc.,N. America,IQ33414482
Medicover AB (publ),EMEA,IQ22255
Swedish Orphan Biovitrum AB (publ),EMEA,IQ1072270
Medika d.d.,EMEA,IQ5561930
"Intuitive Surgical, Inc.",N. America,IQ30239
PHOENIX Pharmahandel GmbH & Co KG,EMEA,IQ5466921
Orthofix Medical Inc.,N. America,IQ32538
"Novant Health, Inc.",N. America,IQ9426442
Max Healthcare Institute Limited,APAC,IQ22615821
"Celltrion, Inc.",APAC,IQ1889807
Orion Oyj,EMEA,IQ27881517
"Zhejiang Jolly Pharmaceutical Co.,LTD",APAC,IQ51238029
"Guardian Pharmacy Services, Inc.",N. America,IQ25690957
Dr. Sulaiman Al Habib Medical Services Group Company,EMEA,IQ142894722
Krishna Institute of Medical Sciences Limited,APAC,IQ82100574
Exact Sciences Corporation,N. America,IQ28311
ICON Public Limited Company,EMEA,IQ397809
"Bright Eye Hospital Group Co., Ltd.",APAC,IQ591524175
Biocon Limited,APAC,IQ8835628
Angelalign Technology Inc.,APAC,IQ714667957
"China Resources Sanjiu Medical & Pharmaceutical Co., Ltd.",APAC,IQ5898985
Dallah Healthcare Company,EMEA,IQ24965200
China Resources Medical Holdings Company Limited,APAC,IQ100704689
"Penumbra, Inc.",N. America,IQ28688621
Medacta Group SA,EMEA,IQ49943681
YSB Inc.,APAC,IQ1842938972
United Therapeutics Corporation,N. America,IQ36018
Waystar Holding Corp.,N. America,IQ1859254185
"DexCom, Inc.",N. America,IQ114039
"Hunan Jiudian Pharmaceutical Co., Ltd.",APAC,IQ84066973
Sinocare Inc.,APAC,IQ142662120
Ultragenyx Pharmaceutical Inc.,N. America,IQ117471985
"Hunan Dajiaweikang Pharmaceutical Industry Co.,Ltd",APAC,IQ309057225
WuXi Biologics (Cayman) Inc.,APAC,IQ431763406
"The Ensign Group, Inc.",N. America,IQ4295645
"BrightSpring Health Services, Inc.",N. America,IQ1685468949
"AtriCure, Inc.",N. America,IQ901985
Selçuk Ecza Deposu Ticaret ve Sanayi A.S.,EMEA,IQ26877932
Saudi Chemical Holding Company,EMEA,IQ20406784
Eris Lifesciences Limited,APAC,IQ140122079
Genscript Biotech Corporation,APAC,IQ318952834
Ion Beam Applications SA,EMEA,IQ1165466
"Doximity, Inc.",N. America,IQ128585388
"Evolent Health, Inc.",N. America,IQ225523981
"Amicus Therapeutics, Inc.",N. America,IQ7009878
Corcept Therapeutics Incorporated,N. America,IQ1423826
Bumrungrad Hospital Public Company Limited,APAC,IQ8087546
Ypsomed Holding AG,EMEA,IQ10158679
"LifeStance Health Group, Inc.",N. America,IQ715141243
"Amvis Holdings, Inc.",APAC,IQ635497007
Gushengtang Holdings Limited,APAC,IQ1758625187
"The Pennant Group, Inc.",N. America,IQ610592247
Med Life S.A.,EMEA,IQ29521917
"Shands Teaching Hospital And Clinics, Inc.",N. America,IQ4193184
"Privia Health Group, Inc.",N. America,IQ118049209
ACADIA Pharmaceuticals Inc.,N. America,IQ683713
"Medpace Holdings, Inc.",N. America,IQ260345878
Abacus Medicine A/S,EMEA,IQ60016303
P3 Health Partners Inc.,N. America,IQ555049589
NATCO Pharma Limited,APAC,IQ9410328
Pfizer Australia Holdings Pty Limited,APAC,IQ22399557
"iRhythm Holdings, Inc.",N. America,IQ34159879
Global Health Limited,APAC,IQ105810828
"Veracyte, Inc.",N. America,IQ42154124
"American Oncology Network, Inc.",N. America,IQ596948374
"The Oncology Institute, Inc.",N. America,IQ661363343
3SBio Inc.,APAC,IQ24164591
"Neurocrine Biosciences, Inc.",N. America,IQ32073
Auna S.A.,EMEA,IQ226158327
Fred Hutchinson Cancer Center,N. America,IQ24904465
"Guardant Health, Inc.",N. America,IQ256906841
Nutex Health Inc.,N. America,IQ705789927
"Snoopby Optical Co., Ltd.",APAC,IQ330943802
"Innovent Biologics, Inc.",APAC,IQ141109936
MLP Saglik Hizmetleri A.S.,EMEA,IQ79116731
APT Medical Inc.,APAC,IQ305874562
"Harmony Biosciences Holdings, Inc.",N. America,IQ679038073
Novo Nordisk Pharmaceuticals Pty. Limited,APAC,IQ23020377
"UFP Technologies, Inc.",N. America,IQ340904
"Xiamen Amoytop Biotech Co., Ltd.",APAC,IQ226515827
RSL Care RDNS Limited,APAC,IQ47935842
"Globus Medical, Inc.",N. America,IQ8793244
Paragon Care Limited,APAC,IQ29383636
"Sarepta Therapeutics, Inc.",N. America,IQ362584
"Alphatec Holdings, Inc.",N. America,IQ21766771
Zai Lab Limited,APAC,IQ271123063
"PTC Therapeutics, Inc.",N. America,IQ1006484
Insmed Incorporated,N. America,IQ29978
Bavarian Nordic A/S,EMEA,IQ7687618
"Inotiv, Inc.",N. America,IQ25587
"Alignment Healthcare, Inc.",N. America,IQ262793824
"Bora Pharmaceuticals Co., Ltd.",APAC,IQ272617648
"Shanghai Henlius Biotech, Inc.",APAC,IQ240641776
"Lantheus Holdings, Inc.",N. America,IQ8285048
"Natera, Inc.",N. America,IQ27603970
"agilon health, inc.",N. America,IQ412327965
"Inspire Medical Systems, Inc.",N. America,IQ59661803
"ANI Pharmaceuticals, Inc.",N. America,IQ1528824
"Catalyst Pharmaceuticals, Inc.",N. America,IQ5103575
WELL Health Technologies Corp.,N. America,IQ309251015
BeOne Medicines AG,EMEA,IQ115205344
"Alnylam Pharmaceuticals, Inc.",N. America,IQ2796659
"PACS Group, Inc.",N. America,IQ1874670139
"Tempus AI, Inc.",N. America,IQ421843712
"Inari Medical, Inc.",N. America,IQ140993984
"BioCryst Pharmaceuticals, Inc.",N. America,IQ25594
"ADMA Biologics, Inc.",N. America,IQ51119246
"BridgeBio Pharma, Inc.",N. America,IQ412911458
argenx SE,EMEA,IQ62120637
"Hims & Hers Health, Inc.",N. America,IQ542604862
"Akeso, Inc.",APAC,IQ660797233
"Apellis Pharmaceuticals, Inc.",N. America,IQ106524288
SNDL Inc.,N. America,IQ432220968
Legend Biotech Corporation,N. America,IQ552805228
WuXi XDC Cayman Inc.,APAC,IQ717761940
"TransMedics Group, Inc.",N. America,IQ429233
PharmaEssentia Corporation,APAC,IQ60427403
"Mirum Pharmaceuticals, Inc.",N. America,IQ590571226
"Intra-Cellular Therapies, Inc.",N. America,IQ9425271
Zealand Pharma A/S,EMEA,IQ1268514
"TG Therapeutics, Inc.",N. America,IQ143627354
Telix Pharmaceuticals Limited,APAC,IQ537247297
St Vincent's Health Australia Limited,APAC,IQ28401671
Manipal Health Enterprises Limited,APAC,IQ26797345
Sotera Health Company,N. America,IQ34781
"Geo-Young Co., Ltd.",APAC,IQ91898344
"Agilent Technologies, Inc.",N. America,IQ154924
Thermo Fisher Scientific Inc.,N. America,IQ97023
Carl Zeiss Meditec AG,EMEA,IQ2508428
CVS Health Corporation,N. America,IQ93625
Medtronic plc,EMEA,IQ31348
"Myriad Genetics, Inc.",N. America,IQ31822
McKesson Corporation,N. America,IQ288195
Bristol-Myers Squibb Company,N. America,IQ25798
BioMarin Pharmaceutical Inc.,N. America,IQ25605
"Collegium Pharmaceutical, Inc.",N. America,IQ7490189
HK inno.N Corporation,APAC,IQ262212781
Bausch Health Companies Inc.,N. America,IQ345779
"PharmaResearch Co., Ltd.",APAC,IQ238610800
R1 RCM Inc.,N. America,IQ27265085
Johnson & Johnson,N. America,IQ139677
Enovis Corporation,N. America,IQ617309
EssilorLuxottica Société anonyme,EMEA,IQ433057
EBOS Group Limited,APAC,IQ884397
Ramsay Health Care Limited,APAC,IQ4469416
Integral Diagnostics Limited,APAC,IQ312471911
Convatec Group PLC,EMEA,IQ39347275
"Cardinal Health, Inc.",N. America,IQ172207
"The Cooper Companies, Inc.",N. America,IQ263609
Haleon plc,EMEA,IQ1671690919
Sienna Senior Living Inc.,N. America,IQ4372185
Clariane SE,EMEA,IQ23585971
"Almirall, S.A.",EMEA,IQ6562238
Stevanato Group S.p.A.,EMEA,IQ47845265
Recordati Industria Chimica e Farmaceutica S.p.A.,EMEA,IQ687223
Viatris Inc.,N. America,IQ290203
Perrigo Company plc,EMEA,IQ319092
DaVita Inc.,N. America,IQ35644
Mass General Brigham Incorporated,N. America,IQ4160683
Biogen Inc.,N. America,IQ29726
Takeda Pharmaceutical Company Limited,APAC,IQ874540
"Gilead Sciences, Inc.",N. America,IQ29002
AbbVie Inc.,N. America,IQ141885706
Vertex Pharmaceuticals Incorporated,N. America,IQ36235
"Halozyme Therapeutics, Inc.",N. America,IQ7931206
"Zimmer Biomet Holdings, Inc.",N. America,IQ264048
DiaSorin S.p.A.,EMEA,IQ679534
GE HealthCare Technologies Inc.,N. America,IQ1804385326
"Becton, Dickinson and Company",N. America,IQ103678
ResMed Inc.,N. America,IQ340196
Danaher Corporation,N. America,IQ265621
Akums Drugs and Pharmaceuticals Limited,APAC,IQ31090660
Strides Pharma Science Limited,APAC,IQ1507410
Torrent Pharmaceuticals Limited,APAC,IQ878525
GSK plc,EMEA,IQ275442
Dr. Reddy's Laboratories Limited,APAC,IQ881725
Zydus Lifesciences Limited,APAC,IQ865192
Mankind Pharma Limited,APAC,IQ28445986
Encompass Health Corporation,N. America,IQ29374
Bayer Aktiengesellschaft,EMEA,IQ103375
"Dong-E-E-Jiao Co., Ltd.",APAC,IQ9708864
Pfizer Inc.,N. America,IQ162270
DENTSPLY SIRONA Inc.,N. America,IQ27504
"Cencora, Inc.",N. America,IQ24809
The Cigna Group,N. America,IQ172899
Novartis AG,EMEA,IQ382553
CSL Limited,APAC,IQ881503
Novo Nordisk A/S,EMEA,IQ323452
Jazz Pharmaceuticals plc,EMEA,IQ6724933
Amgen Inc.,N. America,IQ24816
HOYA Corporation,APAC,IQ875302
Smith & Nephew plc,EMEA,IQ97461
"Genomma Lab Internacional, S.A.B. de C.V.",N. America,IQ33444737
Abbott Laboratories,N. America,IQ247483
Integra LifeSciences Holdings Corporation,N. America,IQ30012
"Henry Schein, Inc.",N. America,IQ339447
Fresenius Medical Care AG,EMEA,IQ384522
Stryker Corporation,N. America,IQ94614
Insulet Corporation,N. America,IQ618908
Aster DM Healthcare Limited,APAC,IQ41630765
Olympus Corporation,APAC,IQ681217
Edwards Lifesciences Corporation,N. America,IQ411220
IHH Healthcare Berhad,APAC,IQ59440835
Getinge AB (publ),EMEA,IQ134377
API Holdings Limited,APAC,IQ676015463
"Kyowa Kirin Co., Ltd.",APAC,IQ685515
"Lotus Pharmaceutical Co., Ltd.",APAC,IQ278356438
"Samsungbioepis Co,.Ltd",APAC,IQ171696118
"WuXi AppTec Co., Ltd.",APAC,IQ37259571
Siemens Healthineers AG,EMEA,IQ553386133
Embla Medical hf.,EMEA,IQ1051103
Straumann Holding AG,EMEA,IQ3129354
"CUF, S.A.",EMEA,IQ7910779
Nihon Kohden Corporation,APAC,IQ880773
Astellas Pharma Inc.,APAC,IQ874641
Claritev Corporation,N. America,IQ968903
"Lumexa Imaging Holdings, Inc.",N. America,IQ559791703
"Surgery Partners, Inc.",N. America,IQ35623987
Boston Scientific Corporation,N. America,IQ317627
Zoetis Inc.,N. America,IQ215548781
ALK-Abelló A/S,EMEA,IQ1856089
Asker Healthcare Group A 1),EMEA,IQ247592118
Genmab A/S,EMEA,IQ665704
Euroapi S.A.,EMEA,IQ1761324915
Merck KGaA,EMEA,IQ596117
Sanofi,EMEA,IQ687130
bioMérieux S.A.,EMEA,IQ771431
"Illumina, Inc.",N. America,IQ29753
"Shenzhen Hepalink Pharmaceutical Group Co., Ltd.",APAC,IQ61236432
NEUCA S.A.,EMEA,IQ5631669
Solventum Corporation,N. America,IQ1871945009
Masimo Corporation,N. America,IQ31167
Envista Holdings Corporation,N. America,IQ629627778
"Progyny, Inc.",N. America,IQ114326063
Roche Holding AG,EMEA,IQ687140
Eli Lilly and Company,N. America,IQ285467
Jubilant Pharmova Limited,APAC,IQ4497477
Glenmark Pharmaceuticals Limited,APAC,IQ2529483
Lupin Limited,APAC,IQ9643983
Emcure Pharmaceuticals Limited,APAC,IQ21771338
Falck A/S,EMEA,IQ11314442
Apollo Hospitals Enterprise Limited,APAC,IQ8888162
UnitedHealth Group Incorporated,N. America,IQ104673
Cipla Limited,APAC,IQ882504
"GoodRx Holdings, Inc.",N. America,IQ576807508
Amplifon S.p.A.,EMEA,IQ1002655
"HealthEquity, Inc.",N. America,IQ11129585
AstraZeneca PLC,EMEA,IQ336774
"Elevance Health, Inc.",N. America,IQ160077
Centene Corporation,N. America,IQ26273
Humana Inc.,N. America,IQ29618
Boryung Corporation,APAC,IQ5839403
"SK Biopharmaceuticals Co., Ltd.",APAC,IQ134732534
"Samsung Biologics Co.,Ltd.",APAC,IQ138307680
Kakao M Corp.,APAC,IQ589994815
DR,EMEA,IQ12752751
NEOWIZ HOLDINGS Corporation,APAC,IQ9776825
NEXON Korea Corporation,APAC,IQ24985532
De Agostini S.p.A.,EMEA,IQ823918
"DoubleDown Interactive Co., Ltd.",APAC,IQ432042767
NIQ Global Intelligence plc,N. America,IQ1951047590
"KT Studio Genie Co.,Ltd.",APAC,IQ710135254
ANYCOLOR Inc.,APAC,IQ635055664
DouYu International Holdings Limited,APAC,IQ611310492
Liberty Media Corporation,N. America,IQ142670771
Hubei Changjiang Publishing & Media Group Company Limited,APAC,IQ228342925
"Jiangsu Broadcasting Corporation CO., Ltd.",APAC,IQ109314429
HUYA Inc.,APAC,IQ431096194
"Zhewen Interactive Group Co., Ltd.",APAC,IQ11381732
NCSOFT Corporation,APAC,IQ1261518
NetDragon Websoft Holdings Limited,APAC,IQ11672428
PT MNC Asia Holding Tbk,APAC,IQ2478083
"Jiangxi Publishing and Media Group Co., Ltd",APAC,IQ207191412
"Square Enix Holdings Co., Ltd.",APAC,IQ884137
Corus Entertainment Inc.,N. America,IQ683720
"Chinese Universe Publishing and Media Group Co., Ltd.",APAC,IQ62449809
"NanJi E-Commerce Co., LTD",APAC,IQ310030204
"GREE Holdings, Inc.",APAC,IQ50273730
"GungHo Online Entertainment, Inc.",APAC,IQ20725018
Hakuhodo DY Holdings Inc,APAC,IQ13698805
PT. Media Nusantara Citra Tbk,APAC,IQ20726748
Tanwan Inc.,APAC,IQ1831876299
"Beijing Jetsen Technology Co., Ltd",APAC,IQ117027181
Tohokushinsha Film Corporation,APAC,IQ5522618
"Guangdong Brandmax Marketing Co.,Ltd.",APAC,IQ571925734
"Perfect World Co., Ltd.",APAC,IQ271459744
"China Film Co., Ltd.",APAC,IQ117976091
"Thryv Holdings, Inc.",N. America,IQ386000
Astro Malaysia Holdings Berhad,APAC,IQ215354258
Wowow Inc.,APAC,IQ6457720
"Mango Excellent Media Co., Ltd.",APAC,IQ540664706
"GMA Network, Inc.",APAC,IQ697777
Sohu.com Limited,APAC,IQ111756
"Fuji Media Holdings, Inc.",APAC,IQ882281
"Hunan TV & Broadcast Intermediary Co., Ltd.",APAC,IQ9754574
"Focus Media Information Technology Co., Ltd.",APAC,IQ25090653
RCS MediaGroup S.p.A.,EMEA,IQ882455
China Literature Limited,APAC,IQ301049178
"Wanda Film Holding Co., Ltd.",APAC,IQ37346172
"Inmyshow Digital Technology(Group)Co.,Ltd.",APAC,IQ271262413
"China Publishing & Media Holdings Co., Ltd.",APAC,IQ324698631
Seoul Broadcasting System,APAC,IQ6462056
"USA TODAY Co., Inc.",N. America,IQ30795
"John Wiley & Sons, Inc.",N. America,IQ314242
INTAGE HOLDINGS Inc.,APAC,IQ5567051
"Woongjin Thinkbig Co., Ltd.",APAC,IQ22277347
WPP AUNZ Limited,APAC,IQ3124194
Shanghai Media Group,APAC,IQ118322839
Reach plc,EMEA,IQ876853
"Zenrin Co., Ltd.",APAC,IQ883507
"China Radio And Television Shandong Network Co.,Ltd.",APAC,IQ226960244
Munhwa Broadcasting Corporation,APAC,IQ5502665
TV TOKYO Holdings Corporation,APAC,IQ11365427
"iQIYI, Inc.",APAC,IQ98904258
Criteo S.A.,EMEA,IQ111853347
Asahi Broadcasting Group Holdings Corporation,APAC,IQ2445930
"Koei Tecmo Holdings Co., Ltd.",APAC,IQ883778
TV Asahi Holdings Corporation,APAC,IQ5872203
News Corporation,N. America,IQ212741644
"Qingdao Publishing Group Co.,Ltd.",APAC,IQ279859868
Sunwave Communications Co.Ltd,APAC,IQ31315566
Saudi Research and Media Group,EMEA,IQ8191071
"Zhejiang Publishing & Media Co., Ltd.",APAC,IQ673192745
"Time Publishing and Media Co., Ltd.",APAC,IQ41697675
"TBS Holdings,Inc.",APAC,IQ877262
HS Ad Inc.,APAC,IQ5554580
Jiangsu Phoenix Publishing & Media Group Limited,APAC,IQ143329721
Zee Entertainment Enterprises Limited,APAC,IQ878807
"Nippon Television Holdings, Inc.",APAC,IQ877126
Starz Entertainment Corp.,N. America,IQ778715
IMAGICA GROUP Inc.,APAC,IQ9273050
Studio Dragon Corporation,APAC,IQ381057854
RTL Group S.A.,EMEA,IQ135398
"Clear Channel Outdoor Holdings, Inc.",N. America,IQ23499518
IGG Inc,APAC,IQ39795216
"Zhejiang Daily Digital Culture Group Co.,Ltd",APAC,IQ117096116
Jiangsu Phoenix Publishing & Media Corporation Limited,APAC,IQ83758983
"Leo Group Co., Ltd.",APAC,IQ34336253
"Shandong Publishing&Media Co.,Ltd",APAC,IQ412835707
Shandong Publishing Group Company Limited,APAC,IQ550672805
Netmarble Corporation,APAC,IQ154136153
Cairo Communication S.p.A.,EMEA,IQ5774017
Kadokawa Corporation,APAC,IQ271467885
"CyberAgent, Inc.",APAC,IQ6490195
The E.W. Scripps Company,N. America,IQ20119
"Changjiang Publishing & Media Co.,Ltd",APAC,IQ115333008
TF1 SA,EMEA,IQ664220
Tencent Music Entertainment Group,APAC,IQ551009282
Nine Entertainment Co. Holdings Limited,APAC,IQ226082439
Dentsu Group Inc.,APAC,IQ883194
"37 Interactive Entertainment Network Technology Group Co., Ltd.",APAC,IQ114816017
Stillfront Group AB (publ),EMEA,IQ109918076
Jiangsu Broadcasting Cable Information Network Corporation Limited,APAC,IQ264509811
MFE-Mediaforeurope N.V.,EMEA,IQ882299
PT Surya Citra Media Tbk,APAC,IQ9639309
"SLL JOONGANG Co., Ltd",APAC,IQ83836115
"Southern Publishing and Media Co.,Ltd.",APAC,IQ263820205
"Easy Click Worldwide Network Technology Co., Ltd.",APAC,IQ303711857
NetEase Cloud Music Inc.,APAC,IQ716396150
Special Broadcasting Service Corporation,APAC,IQ6057602
Avex Inc.,APAC,IQ704848
Bonnier AB,EMEA,IQ3733889
"Atresmedia Corporación de Medios de Comunicación, S.A.",EMEA,IQ5502715
"Xinhua Winshare Publishing and Media Co., Ltd.",APAC,IQ28706226
TX Group AG,EMEA,IQ1173038
"China South Publishing & Media Group Co., Ltd",APAC,IQ109466963
Sun TV Network Limited,APAC,IQ23634250
Highlight Event and Entertainment AG,EMEA,IQ881909
Highlight Communications AG,EMEA,IQ158217
Playtika Holding Corp.,EMEA,IQ530230440
China Science Publishing & Media Ltd.,APAC,IQ268141529
Sanoma Oyj,EMEA,IQ1007880
BBC Studios Distribution Limited,EMEA,IQ881771
Vector Inc.,APAC,IQ79709132
"MIXI, Inc.",APAC,IQ28689461
Arqiva Group Limited,EMEA,IQ215099230
Scholastic Corporation,N. America,IQ37870
S4 Capital plc,EMEA,IQ568611787
"Nexstar Media Group, Inc.",N. America,IQ518638
"Shochiku Co., Ltd.",APAC,IQ877320
"Three's Company Media Group Co., Ltd.",APAC,IQ530132181
"iHeartMedia, Inc.",N. America,IQ92768
Arqiva Limited,EMEA,IQ10851757
Television Broadcasts Limited,APAC,IQ875103
"Daehan Printing & Publishing Co, Ltd",APAC,IQ58141279
Bertelsmann SE & Co. KGaA,EMEA,IQ519888
Electronic Arts Inc.,N. America,IQ27963
"Wuxi Boton Technology Co., Ltd.",APAC,IQ82615412
Reworld Media Société Anonyme,EMEA,IQ69159479
Cheil Worldwide Inc.,APAC,IQ4149428
Springer Nature AG & Co. KGaA,EMEA,IQ553298619
"Gravity Co., Ltd.",APAC,IQ13669587
Konami Group Corporation,APAC,IQ880912
"Toei Company, Ltd.",APAC,IQ875035
Bushiroad Inc.,APAC,IQ100803053
"NetEase, Inc.",APAC,IQ416512
Brightcom Group Limited,APAC,IQ33736460
"Toho Co., Ltd.  (Operating 2)",APAC,IQ874980
Ipsos SA,EMEA,IQ135029
Prime Focus Limited,APAC,IQ27352669
Innocean Worldwide Inc.,APAC,IQ83972561
Embracer Group AB (publ),EMEA,IQ408057324
Canal+ SA,EMEA,IQ27868703
Future plc,EMEA,IQ883471
"Xiamen Jihong Co., Ltd",APAC,IQ226501965
Channel Four Television Corporation,EMEA,IQ8083496
"Promotora de Informaciones, S.A.",EMEA,IQ2464187
"Capcom Co., Ltd.",APAC,IQ880476
Fox Corporation,N. America,IQ546623668
"G-bits Network Technology (Xiamen) Co., Ltd.",APAC,IQ54442689
Daehong Communications Inc.,APAC,IQ42089563
"Toei Animation Co.,Ltd.",APAC,IQ5639081
Havas N.V.,EMEA,IQ431261
"Inly Media Co., Ltd.",APAC,IQ266342434
oOh!media Limited,APAC,IQ278772347
"FreakOut Holdings, inc.",APAC,IQ204676528
IVE Group Limited,APAC,IQ309683684
"Guangdong Yowant Technology Group Co., Ltd.",APAC,IQ60054960
Maoyan Entertainment,APAC,IQ596400922
Lamar Media Corp.,N. America,IQ3097546
Australasian Performing Right Association Limited,APAC,IQ30415664
PT Elang Mahkota Teknologi Tbk,APAC,IQ59185901
Ströer SE & Co. KGaA,EMEA,IQ23698673
"Gray Media, Inc.",N. America,IQ322777
"Daiichikosho Co., Ltd.",APAC,IQ6457667
Vivid Seats Inc.,N. America,IQ53887479
"Simei Media Co.,Ltd.",APAC,IQ51419401
"Atlanta Braves Holdings, Inc.",N. America,IQ331717750
Uju Holding Limited,APAC,IQ1684937375
China Ruyi Holdings Limited,APAC,IQ882017
ContentreeJoongAng corp.,APAC,IQ5854172
Viaplay Group AB (publ),EMEA,IQ557040911
Sound Group Inc.,APAC,IQ641937822
Deezer S.A.,EMEA,IQ267031721
The New York Times Company,N. America,IQ291619
Borussia Dortmund GmbH & Co. Kommanditgesellschaft auf Aktien,EMEA,IQ5826944
Kingsoft Corporation Limited,APAC,IQ9274438
Amuse Inc.,APAC,IQ5705014
"SM Entertainment Co., Ltd.",APAC,IQ9637470
"BlueFocus Intelligent Communications Group Co., Ltd.",APAC,IQ97312900
Banijay Group N.V.,EMEA,IQ1782436015
"Beijing Yuanlong Yato Culture Dissemination Co.,Ltd.",APAC,IQ61039140
Australian Football League,APAC,IQ22800020
Poly Culture Group Corporation Limited,APAC,IQ247329797
JCDecaux SE,EMEA,IQ419357
WMG Acquisition Corp.,N. America,IQ13390528
"Guangdong Advertising Group Co.,Ltd",APAC,IQ25615900
Proto Corporation,APAC,IQ1326729
"Wemade Co.,Ltd.",APAC,IQ27918486
"Netflix, Inc.",N. America,IQ32012
"Magnite, Inc.",N. America,IQ37502896
"Lotte Cultureworks Co., Ltd.",APAC,IQ574372065
"Talkweb Information System Co.,Ltd.",APAC,IQ37283473
The Marcus Corporation,N. America,IQ180950
4imprint Group plc,EMEA,IQ877345
Lionsgate Entertainment Corp.,N. America,IQ1847842771
"GMO internet, Inc.",APAC,IQ9237211
Futbol Club Barcelona,EMEA,IQ5663893
Madison Square Garden Sports Corp.,N. America,IQ289813109
Univision Communications Inc.,N. America,IQ352350
"Roku, Inc.",N. America,IQ8690249
"International Games System Co.,Ltd.",APAC,IQ20345170
"HYBE Co., Ltd.",APAC,IQ290287471
Tennis Australia Limited,APAC,IQ30487753
EVT Limited,APAC,IQ875366
Pico Far East Holdings Limited,APAC,IQ4272760
Next 15 Group plc,EMEA,IQ883191
Cineplex Inc.,N. America,IQ7918123
"Giant Network Group Co., Ltd.",APAC,IQ238623642
Lagardere SA,EMEA,IQ878300
"AMC Entertainment Holdings, Inc.",N. America,IQ34874958
"Take-Two Interactive Software, Inc.",N. America,IQ371281
Formula One Group,N. America,IQ331718339
XD Inc.,APAC,IQ644038048
Integral Ad Science Holding Corp.,N. America,IQ73957391
Stagwell Inc.,N. America,IQ605942702
Sphere Entertainment Co.,N. America,IQ572161426
MBC Group,EMEA,IQ65325341
"WME Group, Inc.",N. America,IQ614784871
"Cinemark USA, Inc.",N. America,IQ26498
"Cinemark Holdings, Inc.",N. America,IQ32389646
Kinepolis Group NV,EMEA,IQ139027
Arsenal Holdings Limited,EMEA,IQ9274017
Shaanxi Culture Industry Investment Holdings (Group) Co.Ltd,APAC,IQ208793028
Team Internet Group plc,EMEA,IQ244485258
Megazone Corporation,APAC,IQ292203393
Believe S.A.,EMEA,IQ38972106
"Zhejiang Century Huatong Group Co.,Ltd",APAC,IQ48814931
"DoubleVerify Holdings, Inc.",N. America,IQ707993341
"Kingnet Network Co., Ltd.",APAC,IQ108714384
"The Trade Desk, Inc.",N. America,IQ99942756
Informa plc,EMEA,IQ689585
Damai Entertainment Holdings Limited,APAC,IQ142011474
Roblox Corporation,N. America,IQ32789865
"CJ CGV Co., Ltd.",APAC,IQ3153557
"StubHub Holdings, Inc.",N. America,IQ129364128
Mobvista Inc.,APAC,IQ589073298
Madison Square Garden Entertainment Corp.,N. America,IQ1814625476
JYP Entertainment Corporation,APAC,IQ9616619
"Macbee Planet, Inc.",APAC,IQ650366090
PT Nusantara Sejahtera Raya Tbk,APAC,IQ412003501
"Live Nation Entertainment, Inc.",N. America,IQ384687
"TKO Group Holdings, Inc.",N. America,IQ31207841
PVR INOX Limited,APAC,IQ4923232
"Shenzhen Bingchuan Network Co.,Ltd.",APAC,IQ264171120
CTS Eventim AG & Co. KGaA,EMEA,IQ5598951
"China Everbright Industry (Group) Co., Ltd.",APAC,IQ558336881
Louis Hachette Group S.A.,EMEA,IQ1870888746
Publicis Groupe S.A.,EMEA,IQ528424
ITV plc,EMEA,IQ668578
WPP plc,EMEA,IQ312546
Universal Music Group N.V.,EMEA,IQ1675845293
Advantage Solutions Inc.,N. America,IQ308072053
Omnicom Group Inc.,N. America,IQ96161
Métropole Télévision S.A.,EMEA,IQ4481676
"Warner Bros. Discovery, Inc.",N. America,IQ22666093
Rai Radiotelevisione italiana SpA,EMEA,IQ876877
British Broadcasting Corporation,EMEA,IQ950649
Warner Music Group Corp.,N. America,IQ734078
Manchester United plc,EMEA,IQ879581
Arnoldo Mondadori Editore S.p.A.,EMEA,IQ873867
Daily Mail and General Trust plc,EMEA,IQ679529
Ubisoft Entertainment SA,EMEA,IQ882201
Spotify Technology S.A.,EMEA,IQ225595077
AMC Networks Inc.,N. America,IQ679630
"The Interpublic Group of Companies, Inc.",N. America,IQ108616
Paramount Skydance Corporation,N. America,IQ27763231
"DeNA Co., Ltd.",APAC,IQ13669266
"Nintendo Co., Ltd.",APAC,IQ875940
"CJ ENM CO., Ltd.",APAC,IQ8781281
Lionsgate Studios Corp.,N. America,IQ30864
"Sinclair, Inc.",N. America,IQ526950
TEGNA Inc.,N. America,IQ20571
Seven West Media Limited,APAC,IQ878502
TV18 Broadcast Limited,APAC,IQ25764940
"NEXON Co., Ltd.",APAC,IQ142745502
The Walt Disney Company,N. America,IQ191564
Modern Times Group MTG AB,EMEA,IQ408906
ProSiebenSat.1 Media SE,EMEA,IQ680934
DAZN Group ltd.,EMEA,IQ5585802
Elkjøp Norge AS,EMEA,IQ20413582
Wireless Zone LLC,N. America,IQ8865999
"Ziel Home Furnishing Technology Co., Ltd.",APAC,IQ1672591784
HomesToLife Ltd.,APAC,IQ1899071662
"Bob's Discount Furniture, Inc.",N. America,IQ244478953
Teract S.A.,EMEA,IQ698538071
Cocoblu Retail Limited,APAC,IQ1764532683
Shinsegae DF Inc.,APAC,IQ301064635
Meesho Limited,APAC,IQ334459226
Vishal Mega Mart Limited,APAC,IQ540284065
Pattern Group Inc.,N. America,IQ206356509
Rusta AB (publ),EMEA,IQ5843241
Aditya Birla Lifestyle Brands Limited,APAC,IQ1876658182
"Pond Group Co., Ltd.",APAC,IQ1864655299
"Noble Industry Co.,Ltd",APAC,IQ240989742
Lanvin Group Holdings Limited,APAC,IQ555733410
"Fresh Skylark Co., Ltd.",APAC,IQ30424802
"Alpico Holdings Co., Ltd.",APAC,IQ51845070
"Mini Stop, Korea",APAC,IQ51752766
"GNC Holdings, LLC",N. America,IQ695997550
"Homeplus Stores Co., Ltd",APAC,IQ573555153
"Homeplus Holdings Co., Ltd.",APAC,IQ97975580
Holland & Barrett International Limited,EMEA,IQ24987340
"Busy Ming Group Co., Ltd.",APAC,IQ1865730933
Boxer Retail Limited,EMEA,IQ1902122278
Andhra Pradesh State Beverages Corporation Limited,APAC,IQ699786240
Descente Korea Ltd.,APAC,IQ98379217
Beijing Xianglong Assets Management Co.Ltd,APAC,IQ115221880
Atlas Energy Public Company Limited,APAC,IQ1841661302
Maxgrow India Limited,APAC,IQ20384749
Birkenstock Holding plc,EMEA,IQ1848618564
"Hyundai Green Food Co., Ltd",APAC,IQ1802942137
Sucro Limited,N. America,IQ1856268950
Sunwoo MT Corp,APAC,IQ592823903
Highland Foods Co. Ltd.,APAC,IQ97994065
"Foodist Co., LTD.",APAC,IQ671777094
CPF Global Food Solution Public Company Limited,APAC,IQ59314908
Popular Vehicles and Services Limited,APAC,IQ58286169
Kolon Mobility Group Corporation,APAC,IQ1815800416
Anwim Spolka Akcyjna,EMEA,IQ5577287
ARKO Petroleum Corp.,N. America,IQ1974822084
Argos Limited,EMEA,IQ5467152
"Kyowon Edu Co., Ltd.",APAC,IQ690197151
Kurly Inc.,APAC,IQ413064647
P N Gadgil Jewellers Limited,APAC,IQ281992423
Intermestic Inc.,APAC,IQ36012979
Brainbees Solutions Limited,APAC,IQ130714801
Standa Commerciale Spa,EMEA,IQ37955722
Eco-Shop Marketing Berhad,APAC,IQ1682543250
"TRIAL Holdings, Inc.",APAC,IQ1828908532
"Genky Stores, Inc.",APAC,IQ544505354
"Anhui Huaren Health Pharmaceutical Co., Ltd.",APAC,IQ612337464
BHC INC.,APAC,IQ216977071
Carls Jr Restaurants LLC,N. America,IQ232352798
"Feastogether Group Co., Ltd.",APAC,IQ1845934366
"MTY Franchising USA, Inc.",N. America,IQ202341818
"McDonald's USA, LLC",N. America,IQ9069926
"Kisoji Co., Ltd.",APAC,IQ5531389
"Aramark Services, Inc.",N. America,IQ45274156
"Eternal Hospitality Group Co.,Ltd.",APAC,IQ58807022
"Auntea Jenny (Shanghai) Industrial Co., Ltd.",APAC,IQ695891078
Chagee Holdings Limited,APAC,IQ1869545764
Green Tea Group Limited,APAC,IQ1773504240
"Riot Games Korea, Ltd.",APAC,IQ665064549
Hilton Franchise Holding LLC,N. America,IQ272151091
"Sono International Co.,Ltd.",APAC,IQ60043828
"GS P&L Co., Ltd.",APAC,IQ1883424880
FIVE Holdings (BVI) Limited,EMEA,IQ1827047134
"FoShan NanHu International Travel Service Co.,Ltd.",APAC,IQ539585570
Wemakeprice Inc.,APAC,IQ129401954
"Hyatt Franchising, L.L.C.",N. America,IQ234340816
TUI UK Limited,EMEA,IQ6564039
Costa Crociere S.p.A.,EMEA,IQ677490
ITC Hotels Limited,APAC,IQ1848821075
"Navan, Inc.",N. America,IQ298633288
HBX Group International plc,EMEA,IQ1871009053
"Better Life Commercial Chain Share Co.,Ltd",APAC,IQ45977606
"Xi'an Qujiang Cultural Industry Investment (Group) Co.,Ltd",APAC,IQ145809878
Overseas Chinese Town Enterprise Limited Company,APAC,IQ34694104
"Xi'an Qujiang Culture Holdings Co.,Ltd.",APAC,IQ575681056
"Kojima Co.,Ltd.",APAC,IQ2492775
Johnson & Johnson Pty Limited,APAC,IQ22630923
"Suning.com Co., Ltd.",APAC,IQ5908471
"MINISTOP Co., Ltd.",APAC,IQ881879
"Wuxi Commercial Mansion Grand Orient Co., Ltd.",APAC,IQ5754649
boohoo group plc,EMEA,IQ252132831
"Yili Kazakh Autonomous Prefecture Caitong Stateowned Assets Management Co.,Ltd",APAC,IQ260658039
Tabcorp Holdings Limited,APAC,IQ881761
"Guangzhou Shangpin Home Collection Co., Ltd.",APAC,IQ69071978
"Takashimaya Company, Limited",APAC,IQ875893
"Taizhou Xintai Group Co., Ltd.",APAC,IQ145150046
Cnova N.V.,EMEA,IQ265474093
"Beijing Chaoyang State-owned Capital Operation Management Co.,Ltd.",APAC,IQ241669177
Li & Fung Limited,APAC,IQ795846
"Liaoning Shenhua Holdings Co.,Ltd",APAC,IQ9616163
JM Digital Steel Inc.,APAC,IQ410809238
Premier Investments Limited,APAC,IQ7684864
"Ningbo Peacebird Fashion Co.,Ltd.",APAC,IQ60961431
Maoye International Holdings Limited,APAC,IQ40187019
"Newegg Commerce, Inc.",N. America,IQ6463012
Ocado Group plc,EMEA,IQ109303666
"Fossil Group, Inc.",N. America,IQ317037
"Guangzhou Grandbuy Co., Ltd.",APAC,IQ38703002
"Markor International Home Furnishings Co., Ltd.",APAC,IQ13030697
"Xiabuxiabu Catering Management (China) Holdings Co., Ltd.",APAC,IQ50239341
"Lazydays Holdings, Inc.",N. America,IQ311100622
Electronics Boutique Australia Pty Limited,APAC,IQ6499163
"New Huadu Technology Co., Ltd.",APAC,IQ47098533
"Global Top E-Commerce Co., Ltd.",APAC,IQ140774408
Sunfonda Group Holdings Limited,APAC,IQ254772511
"Izumi Co., Ltd.",APAC,IQ874992
Asian Star Company Limited,APAC,IQ20406818
Kogan.com Ltd,APAC,IQ374923836
"Sunday Co.,Ltd.",APAC,IQ883258
GameStop Corp.,N. America,IQ1342560
"FIYTA Precision Technology Co., Ltd.",APAC,IQ8061371
"NAFCO Co., Ltd.",APAC,IQ9833906
"Sunrise Manufacture Group Co., Ltd.",APAC,IQ675467199
"Qu Mei Home Furnishings Group Co.,Ltd",APAC,IQ60223715
"Sichuan Haowu Electromechanical Co., Ltd.",APAC,IQ9682281
Sun Art Retail Group Limited,APAC,IQ100462712
XXL ASA,EMEA,IQ30428758
"Laox Holdings CO.,LTD.",APAC,IQ883617
"Wangfujing Group Co., Ltd.",APAC,IQ9476548
"Zhongbai Holdings Group Co.,Ltd.",APAC,IQ6465448
"Dashang Co., Ltd.",APAC,IQ6463177
ASOS Plc,EMEA,IQ9237218
"Shinsegae International Co., Ltd.",APAC,IQ5851985
"Yamanaka Co.,Ltd.",APAC,IQ5481662
"Tenmaya Store Co., Ltd.",APAC,IQ5491301
Playtech plc,EMEA,IQ26363497
"Gfoot Co.,Ltd.",APAC,IQ5721271
China Yongda Automobiles Services Holdings Limited,APAC,IQ206735422
"Shanghai Yuyuan Tourist Mart (Group) Co., Ltd.",APAC,IQ5510201
"Shanghai Bailian (Group) Co., Ltd.",APAC,IQ880030
Big 5 Sporting Goods Corporation,N. America,IQ2388578
"Joyful Honda Co.,Ltd.",APAC,IQ5504822
"Hanssem Co., Ltd.",APAC,IQ5529010
Sleep Number Corporation,N. America,IQ34176
Imperial Tobacco Australia Limited,APAC,IQ5646486
Global Fashion Group S.A.,EMEA,IQ286512343
"Nissan Tokyo Sales Holdings Co., Ltd.",APAC,IQ876086
QVC Group Inc.,N. America,IQ30796
"Dazzle Fashion Co., Ltd",APAC,IQ317277103
Topsports International Holdings Limited,APAC,IQ626639987
Beijing Jingkelong Company Limited,APAC,IQ5555726
Pou Sheng International (Holdings) Limited,APAC,IQ40427610
"Chiyoda Co., Ltd.",APAC,IQ877922
Parkson Retail Group Limited,APAC,IQ25119401
"Mitsubishi Shokuhin Co., Ltd.",APAC,IQ882411
PChome Online Inc.,APAC,IQ106387
"Zinus, Inc",APAC,IQ5566923
Baroque Japan Limited,APAC,IQ83718637
"Kintetsu Department Store Co., Ltd.",APAC,IQ880769
Lotte Home Shopping Inc.,APAC,IQ13452058
Damartex,EMEA,IQ20342334
Dorel Industries Inc.,N. America,IQ384253
Ping An Healthcare and Technology Company Limited,APAC,IQ558829092
"Test-Rite International Co., Ltd.",APAC,IQ12718959
Koton Magazacilik Tekstil Sanayi ve Ticaret A.S.,EMEA,IQ46986753
"Chang Chun Eurasia Group Co., Ltd.",APAC,IQ9549991
"Konaka Co.,Ltd.",APAC,IQ883434
"Orient International Enterprise, Ltd.",APAC,IQ5523261
"The Children's Place, Inc.",N. America,IQ35335
"Tsann Kuen Enterprise Co.,Ltd",APAC,IQ9833842
JFLA Holdings Inc.,APAC,IQ9220874
"Chongqing Department Store Co.,Ltd.",APAC,IQ6462595
"Yamazawa Co., Ltd.",APAC,IQ883919
"Okuwa Co., Ltd.",APAC,IQ880722
"Alleanza Holdings Co., Ltd.",APAC,IQ408280509
"Yagi & Co.,Ltd.",APAC,IQ5479727
"Mega Mart Co., Ltd.",APAC,IQ98573069
Olympic Group Corporation,APAC,IQ883106
ASKUL Corporation,APAC,IQ5490069
China Tourism Group Duty Free Corporation Limited,APAC,IQ5561540
"Tilly's, Inc.",N. America,IQ4307505
"1-800-FLOWERS.COM, Inc.",N. America,IQ24085
"Komeri Co.,Ltd.",APAC,IQ882298
Headlam Group plc,EMEA,IQ877911
"Belluna Co., Ltd.",APAC,IQ883005
Shenzhen Pagoda Industrial (Group) Corporation Limited,APAC,IQ1818536898
DocMorris AG,EMEA,IQ5570001
"Yamada Holdings Co., Ltd.",APAC,IQ883904
"HIMARAYA Co.,Ltd.",APAC,IQ883975
"Lotte Shopping Co., Ltd.",APAC,IQ5466913
"Eco's Co.,Ltd.",APAC,IQ2492745
"Seowon Holdings Co., Ltd",APAC,IQ681141766
"Liqun Commercial Group Co.,Ltd.",APAC,IQ264077141
"PLANT Co.,Ltd.",APAC,IQ9805874
"Wushang Group Co., Ltd.",APAC,IQ9735929
"QVC, Inc.",N. America,IQ298753
K's Holdings Corporation,APAC,IQ880947
"Zhoushan Communications Investment Group Co., Ltd.",APAC,IQ233928861
AO World plc,EMEA,IQ51972899
Simone Acc. Collection Ltd,APAC,IQ308970031
Arclands Corporation,APAC,IQ6461714
Cawachi Limited,APAC,IQ5478544
Wacoal Holdings Corp.,APAC,IQ320788
"Haverty Furniture Companies, Inc.",N. America,IQ277096
Groupe LDLC société anonyme,EMEA,IQ20354344
"Roo Hsing Co., Ltd",APAC,IQ9898387
Cross Plus Inc.,APAC,IQ20338654
"Harima-Kyowa Co.,LTD.",APAC,IQ5540816
"Heiwado Co.,Ltd.",APAC,IQ878585
THG Plc,EMEA,IQ282374997
"Tohto Suisan Co., Ltd.",APAC,IQ880991
Byggmax Group AB (publ),EMEA,IQ25056601
"Hunan Heshun Petroleum Co.,Ltd.",APAC,IQ528736914
Joshin Corporation,APAC,IQ876036
Honda Australia Pty Limited,APAC,IQ5503654
Torrid Holdings Inc.,N. America,IQ717722383
SRP Groupe S.A.,EMEA,IQ311185986
China MeiDong Auto Holdings Limited,APAC,IQ251962529
"ParkLand CO.,LTD",APAC,IQ5689362
"MEDIA DO Co., Ltd.",APAC,IQ52782119
Capri Holdings Limited,EMEA,IQ143971118
"Wolverine World Wide, Inc.",N. America,IQ315210
Scroll Corporation,APAC,IQ875987
Sony Australia Limited,APAC,IQ5510555
Zumiez Inc.,N. America,IQ3659162
BetterLife Holding Limited,APAC,IQ718802749
Maisons du Monde S.A.,EMEA,IQ5843791
"Beijing Bashi Media Co., Ltd.",APAC,IQ12763359
"YES24 Co.,Ltd",APAC,IQ8686559
ARCS Company Limited,APAC,IQ5875188
"Maruzen CHI Holdings Co.,Ltd.",APAC,IQ876139
"Kato Sangyo Co., Ltd.",APAC,IQ883301
BHG Group AB (publ),EMEA,IQ412090459
Vipshop Holdings Limited,APAC,IQ115620169
Gunze Limited,APAC,IQ874632
"Kappa Create Co., Ltd.",APAC,IQ5554460
E-Life Corporation,APAC,IQ22654841
"Leggett & Platt, Incorporated",N. America,IQ30760
"Aimer Co., Ltd.",APAC,IQ47853138
Cosmo Lady (China) Holdings Company Limited,APAC,IQ264672551
"Shanghai Laiyifen Co.,Ltd",APAC,IQ84056709
Luen Thai Holdings Limited,APAC,IQ10497332
EDION Corporation,APAC,IQ9262023
"Fujian Septwolves Industry Co., Ltd.",APAC,IQ12763522
"Sportsman's Warehouse Holdings, Inc.",N. America,IQ23037669
Alliance Entertainment Holding Corporation,N. America,IQ411494447
Ethan Allen Interiors Inc.,N. America,IQ28258
Gourmet Master Co. Ltd.,APAC,IQ53463487
"ALBIS Co.,Ltd.",APAC,IQ5498928
Anhui Xinhua Distribution Group Holding Company Ltd.,APAC,IQ39946893
Duluth Holdings Inc.,N. America,IQ47242142
China ZhengTong Auto Services Holdings Limited,APAC,IQ116071379
Parkson Holdings Berhad,APAC,IQ4508805
"TSI Holdings Co.,Ltd.",APAC,IQ874666
Gradiant Corporation,APAC,IQ5756808
"Anhui Xinhua Media Co., Ltd.",APAC,IQ39946872
"Rock Field Co.,Ltd.",APAC,IQ2445573
"Zhejiang Ming Jewelry Co., Ltd.",APAC,IQ115840459
"Maxvalu Tokai Co.,Ltd.",APAC,IQ5882377
"Lands' End, Inc.",N. America,IQ285185
"Retail Partners Co., Ltd.",APAC,IQ5522248
Oriental Watch Holdings Limited,APAC,IQ878032
AFG International Company,EMEA,IQ28009414
Yamaya Corporation,APAC,IQ884003
"AEON Stores (Hong Kong) Co., Limited",APAC,IQ878921
"Daisui Co.,Ltd.",APAC,IQ5471797
"AmeriGas Partners, L.P.",N. America,IQ338403
Iloom Co. Ltd,APAC,IQ98565027
"Lao Feng Xiang Co., Ltd.",APAC,IQ5648746
Dong Suh Companies Inc.,APAC,IQ5632735
Xinjiang Guanghui Industry Investment (Group) Corporation Limited,APAC,IQ26503197
"Tsukiji Uoichiba Company, Limited",APAC,IQ883274
Sultan Center Food Products Company - K.S.C. (Public),EMEA,IQ10159904
V.F. Corporation,N. America,IQ191328
"Chuo Gyorui Co., Ltd.",APAC,IQ883336
Hunan Dezhong automotive sales service Limited by Share Ltd,APAC,IQ416162352
"Citi Trends, Inc.",N. America,IQ769264
Win Hanverky Holdings Limited,APAC,IQ28820662
"Can Do Co., Ltd.",APAC,IQ5537194
Medion AG,EMEA,IQ882966
"Carter's, Inc.",N. America,IQ3004786
Man Wah Holdings Limited,APAC,IQ22277583
Zhejiang Daily Media Holding Group Limited,APAC,IQ183962688
"Yokorei Co.,Ltd.",APAC,IQ881342
"Suofeiya Home Collection Co., Ltd.",APAC,IQ113583917
Oppein Home Group Inc.,APAC,IQ49586858
"Takihyo Co., Ltd.",APAC,IQ5492169
"Aoyama Trading Co., Ltd.",APAC,IQ877950
"Xebio Holdings Co., Ltd.",APAC,IQ880442
"Echo Trading Co., Ltd.",APAC,IQ5525646
"CB GROUP MANAGEMENT Co., Ltd.",APAC,IQ5480203
"Kyochon Food&Beverage Co., Ltd.",APAC,IQ91881217
"VATS Liquor Chain Store Management Joint Stock Co., Ltd.",APAC,IQ115841928
"Yuasa Funashoku Co., Ltd.",APAC,IQ883469
"Kohnan Shoji Co., Ltd.",APAC,IQ5477829
Atomy Corporation,APAC,IQ206752453
"The Class Hyosung Co., Ltd.",APAC,IQ10244900
Yellow Hat Ltd.,APAC,IQ882391
"Asahi Co., Ltd.",APAC,IQ11943963
The Cato Corporation,N. America,IQ258697
"ITOCHU-SHOKUHIN Co., Ltd.",APAC,IQ5467120
"Far Eastern Department Stores, Ltd.",APAC,IQ9870628
Zhongsheng Group Holdings Limited,APAC,IQ98901900
"Shoe Carnival, Inc.",N. America,IQ324135
Paris Miki Holdings Inc.,APAC,IQ614508
The Warehouse Group Limited,APAC,IQ881748
"Nitori Holdings Co., Ltd.",APAC,IQ883585
"Public Joint Stock Company ""M.video""",EMEA,IQ12679172
Alko Inc.,EMEA,IQ4462825
"DCM Holdings Co., Ltd.",APAC,IQ6562766
"Rainbow Digital Commercial Co., Ltd.",APAC,IQ35228217
PT FKS Multi Agro Tbk,APAC,IQ12963114
"Shanghai Shenda Co., Ltd",APAC,IQ6462082
Arata Corporation,APAC,IQ7884402
"Watts Co., Ltd.",APAC,IQ5774282
"Piggly Wiggly Midwest, LLC",N. America,IQ302177
Shop Direct Home Shopping Limited,EMEA,IQ2504214
Signet Jewelers Limited,N. America,IQ693964
Axial Retailing Inc.,APAC,IQ5504001
"Applied Co.,Ltd.",APAC,IQ5528588
Life Corporation,APAC,IQ880512
Arko Corp.,N. America,IQ952512
"Leslie's, Inc.",N. America,IQ691092297
LG Electronics Australia Pty Limited,APAC,IQ5555062
"Doshisha Co.,Ltd.",APAC,IQ5491104
IDOM Inc.,APAC,IQ884169
Mr Max Holdings Ltd.,APAC,IQ880883
"SAN-A CO.,LTD.",APAC,IQ5490309
"Monro, Inc.",N. America,IQ318869
"Nishimatsuya Chain Co., Ltd.",APAC,IQ884074
The Colonial Motor Company Limited,APAC,IQ881948
"Seria Co., Ltd.",APAC,IQ9221386
"Zhejiang Semir Garment Co., Ltd.",APAC,IQ83282135
"CarMax, Inc.",N. America,IQ356805
PT Matahari Department Store Tbk,APAC,IQ9648109
OUG Holdings Inc.,APAC,IQ881014
"Jinhong Fashion Group Co.,Ltd.",APAC,IQ138305608
Bic Camera Inc.,APAC,IQ5479884
"Bell-Park Co.,Ltd.",APAC,IQ1239011
The Star Entertainment Group Limited,APAC,IQ133308271
Cashbuild Limited,EMEA,IQ882725
"Central Sports Co., Ltd.",APAC,IQ5537031
HANDSOME Corporation,APAC,IQ5663225
"Hotel Shilla Co.,Ltd",APAC,IQ2482263
"Shinsung Tongsang Co., Ltd.",APAC,IQ5542565
"SHIMAMURA Co., Ltd.",APAC,IQ880693
Daebo distribution,APAC,IQ104647823
"Academy Sports and Outdoors, Inc.",N. America,IQ136801693
Easyhome New Retail Group Corporation Limited,APAC,IQ599484469
"Medical System Network Co., Ltd.",APAC,IQ9221423
"Simple Mart Retail Co., Ltd.",APAC,IQ564347274
"Watahan & Co.,Ltd.",APAC,IQ5532962
"Fujian Zhangzhou Development Co.,LTD.",APAC,IQ20343392
"Joeone Co.,Ltd",APAC,IQ109019312
"Hansoll Textile, Ltd.",APAC,IQ5566885
"Alpen Co.,Ltd.",APAC,IQ5478185
Woolworths Holdings Limited,EMEA,IQ882869
H2O Retailing Corporation,APAC,IQ879613
Mazda Australia Pty Limited,APAC,IQ9916929
EEKA Fashion Holdings Limited,APAC,IQ265980341
"Canadian Tire Corporation, Limited",N. America,IQ873636
PT Putra Mandiri Jembar Tbk,APAC,IQ647803965
"Central Forest Group, Inc.",APAC,IQ5478817
"DYNAM JAPAN HOLDINGS Co., Ltd.",APAC,IQ191047078
Designer Brands Inc.,N. America,IQ318523
LF Corp.,APAC,IQ30054332
Best & Less Group Holdings Ltd,APAC,IQ26465739
Hyundai Livart Furniture Company Limited,APAC,IQ24885745
"Camping World Holdings, Inc.",N. America,IQ249110868
"MARUICHI Co.,Ltd.",APAC,IQ6439860
"Autobacs Seven Co., Ltd.",APAC,IQ878006
Mercedes-Benz Australia/Pacific Pty Ltd,APAC,IQ20530307
Wayfair Inc.,N. America,IQ30663855
"Valor Holdings Co., Ltd.",APAC,IQ5482760
China Tourism Group Corporation Limited,APAC,IQ51371536
"Nien Made Enterprise Co., LTD.",APAC,IQ6814855
RH,N. America,IQ33797
Nayuki Holdings Limited,APAC,IQ716218855
"Movado Group, Inc.",N. America,IQ330762
"Syuppin Co., Ltd.",APAC,IQ47941261
"111, Inc.",APAC,IQ577608285
Domino's Pizza Enterprises Limited,APAC,IQ22275640
International Housewares Retail Company Limited,APAC,IQ245560239
"Honeys Holdings Co., Ltd.",APAC,IQ5705330
"Satudora Holdings Co.,Ltd.",APAC,IQ332336193
"Satoh & Co., Ltd.",APAC,IQ884050
"Yinchuan Xinhua Commercial (Group) Co., Ltd.",APAC,IQ13091952
Keeson Technology Corporation Limited,APAC,IQ551781185
Pou Chen Corporation,APAC,IQ882518
YHI International Limited,APAC,IQ7657636
"Sanjiang Shopping Club Co.,Ltd",APAC,IQ6470466
NTAW Holdings Limited,APAC,IQ544823459
Michelin Australia Pty Ltd,APAC,IQ5669029
PT Matahari Putra Prima Tbk,APAC,IQ878353
Fuji Corporation  (Operating 2),APAC,IQ6563635
Look Holdings Incorporated,APAC,IQ5507409
"Daiichi Co.,Ltd.",APAC,IQ5555683
Kamux Oyj,EMEA,IQ50173034
"Ku Holdings Co.,Ltd.",APAC,IQ883004
"Jiajiayue Group Co., Ltd.",APAC,IQ98792218
Bunnings Limited,APAC,IQ22771777
PT Tigaraksa Satria Tbk,APAC,IQ4481456
Hawesko Holding SE,EMEA,IQ884286
Beijing UBOX Online Technology Corp.,APAC,IQ254462628
Dr. Martens plc,EMEA,IQ285228621
"National Petroleum Co., Ltd.",APAC,IQ9898403
"Fortune Motors Co., Ltd.",APAC,IQ22533690
"CarParts.com, Inc.",N. America,IQ4597614
"GoldenHome Living Co., Ltd.",APAC,IQ116051790
Yue Yuen Industrial (Holdings) Limited,APAC,IQ878106
"Senao International Co.,Ltd.",APAC,IQ9794187
Shufersal Ltd,EMEA,IQ383522
AOKI Holdings Inc.,APAC,IQ879135
Century City International Holdings Limited,APAC,IQ4480915
Leon's Furniture Limited,N. America,IQ873859
"Sally Beauty Holdings, Inc.",N. America,IQ30177530
"Hotel Lotte Co., Ltd.",APAC,IQ26979216
Paliburg Holdings Limited,APAC,IQ877646
Shoei Foods Corporation,APAC,IQ875912
"Williams-Sonoma, Inc.",N. America,IQ314400
"Sundrug Co.,Ltd.",APAC,IQ883364
Louis Vuitton Australia Pty Ltd,APAC,IQ30613477
Smiths News plc,EMEA,IQ28223483
Pharmarise Holdings Corporation,APAC,IQ8868721
TP Inc.,APAC,IQ9559963
"DoubleUGames Co., Ltd.",APAC,IQ254637465
PT Multipolar Tbk,APAC,IQ4481055
"Shanxi Province Cultural Tourism Investment Holding Group Co.,Ltd.",APAC,IQ663899838
The Swatch Group AG,EMEA,IQ875547
"Hansae Co., Ltd.",APAC,IQ105661002
"Bloomin' Brands, Inc.",N. America,IQ128530849
United Strength Power Holdings Limited,APAC,IQ538630967
Baozun Inc.,APAC,IQ153970398
Harvey Norman Stores (N.Z.) Pty Limited,APAC,IQ30278670
"Mos Food Services, Inc.",APAC,IQ878902
"Mohawk Industries, Inc.",N. America,IQ31670
"McDonald's Holdings Company (Japan), Ltd.",APAC,IQ6561811
Pan Pacific International Holdings Corporation,APAC,IQ883350
DFI Retail Group Holdings Limited,APAC,IQ875503
Victoria's Secret & Co.,N. America,IQ714532508
Ili State-owned Assets Investment and Operation Company Limited,APAC,IQ225135999
"Distribuidora Internacional de Alimentación, S.A.",EMEA,IQ13514970
Briscoe Group Limited,APAC,IQ5664767
The Reject Shop Limited,APAC,IQ717440
Hanwha Galleria Corporation,APAC,IQ51763498
"Paris Croissant Co., Ltd.",APAC,IQ5554036
Misto Holdings Corp.,APAC,IQ5673221
"Makiya Co., Ltd.",APAC,IQ883875
"Hefei Department Store Group Co.,Ltd",APAC,IQ5828222
Zett Corporation,APAC,IQ5529391
"NS Shopping Co., Ltd",APAC,IQ23022706
"Hotai Motor Co.,Ltd.",APAC,IQ9849122
"F&F Co., Ltd",APAC,IQ695784469
Hyundai Department Store Co. Ltd.,APAC,IQ879893
Coop Norge SA,EMEA,IQ4459689
"Welcia Holdings Co., Ltd.",APAC,IQ24982422
"NIHON CHOUZAI Co.,Ltd.",APAC,IQ12073933
"Fulgent Sun International (Holding) Co., Ltd.",APAC,IQ129293312
NTUC Fairprice Co-operative Limited,APAC,IQ5491109
"Hla Group Corp., Ltd.",APAC,IQ62077253
NXC Corporation,APAC,IQ89067114
Ocean System Corporation,APAC,IQ5566098
"Dillard's, Inc.",N. America,IQ266847
Woolworths New Zealand Group Limited,APAC,IQ283781507
"Caleres, Inc.",N. America,IQ256893
Siam Global House Public Company Limited,APAC,IQ48775514
United Super Markets Holdings Inc.,APAC,IQ275899842
Chow Tai Fook Jewellery Group Limited,APAC,IQ5510491
Al Meera Consumer Goods Company Q.P.S.C.,EMEA,IQ79059963
Co-operative Group Limited,EMEA,IQ3433747
Pool Corporation,N. America,IQ34117
Bapcor Limited,APAC,IQ261393013
"Chengdu Hongqi Chain Co.,Ltd.",APAC,IQ107490752
"Shenzhen Huijie Group Co., Ltd.",APAC,IQ83112723
G-7 Holdings Inc.,APAC,IQ5567021
"The Buckle, Inc.",N. America,IQ318463
Iceco Inc.,APAC,IQ30518127
"Hansae Yes24 Holdings Co., Ltd",APAC,IQ5547228
"YAKUODO HOLDINGS Co., Ltd.",APAC,IQ23553685
William Hill Limited,EMEA,IQ94862
Genesco Inc.,N. America,IQ274846
"USS Co., Ltd.",APAC,IQ2445757
"Wuhan State-Owned Capital Investment and Operation Group Co., Ltd.",APAC,IQ51329254
"Halows Co.,Ltd.",APAC,IQ5548153
"Jason Furniture (Hangzhou) Co.,Ltd.",APAC,IQ113634510
"ZOZO, Inc.",APAC,IQ31089922
"Healthcare Co.,Ltd.",APAC,IQ384096869
E-MART EVERYDAY Inc.,APAC,IQ5554920
China Harmony Auto Holding Limited,APAC,IQ240941024
"E. Land World Company, Ltd.",APAC,IQ108958363
Safilo Group S.p.A.,EMEA,IQ430357
"Daikokutenbussan Co.,Ltd.",APAC,IQ5719971
"Wuchan Zhongda Group Co.,Ltd.",APAC,IQ5523647
United Arrows Ltd.,APAC,IQ5547507
Tan Chong International Limited,APAC,IQ7658258
Ourhome Co. Ltd,APAC,IQ5546213
"Upbound Group, Inc.",N. America,IQ33765
"Jiangsu Guotai International Trading Co.,Ltd",APAC,IQ142811105
"Genky DrugStores Co., Ltd.",APAC,IQ9245500
Baby Bunting Group Limited,APAC,IQ311774853
Stella International Holdings Limited,APAC,IQ35021861
"J.Jill, Inc.",N. America,IQ419879251
"Baoxiniao Holding Co., Ltd.",APAC,IQ35879735
"Workman Co.,Ltd.",APAC,IQ5908467
Sobeys Inc.,N. America,IQ882769
Empire Company Limited,N. America,IQ7683267
Regina Miracle International (Holdings) Limited,APAC,IQ305359488
Chow Sang Sang Holdings International Limited,APAC,IQ876985
Harvey Norman Holdings Limited,APAC,IQ6478902
KMD Brands Limited,APAC,IQ26813745
ShinWon Corporation,APAC,IQ5507361
Paddy Power Australia Pty Limited,APAC,IQ311445164
Wickes Group plc,EMEA,IQ253966081
"Petco Health and Wellness Company, Inc.",N. America,IQ696961387
mobilezone holding ag,EMEA,IQ12488602
"Toho Co., Ltd.  (Operating 1)",APAC,IQ882344
ChangShin Inc.,APAC,IQ22709974
Sangetsu Corporation,APAC,IQ877838
Victory Supermarket Chain Ltd,EMEA,IQ133106873
"Belc CO., LTD.",APAC,IQ883762
"Create SD Holdings Co., Ltd.",APAC,IQ5503783
"Kidswant Children Products Co.,Ltd.",APAC,IQ552436034
COSMOS Pharmaceutical Corporation,APAC,IQ12679732
Lux Industries Limited,APAC,IQ108922320
"Resorttrust, Inc.",APAC,IQ5505975
Ohsho Food Service Corp.,APAC,IQ5528997
"Onward Holdings Co., Ltd.",APAC,IQ873936
Seiko Group Corporation,APAC,IQ876076
Geo Holdings Corporation,APAC,IQ20343547
"Red Robin Gourmet Burgers, Inc.",N. America,IQ131943
Super Group Limited,EMEA,IQ2446010
Goldwin Inc.,APAC,IQ880398
LKQ Corporation,N. America,IQ4303924
Sac's Bar Holdings Inc.,APAC,IQ884058
"Ingles Markets, Incorporated",N. America,IQ279954
"Feng Tay Enterprises Co., Ltd.",APAC,IQ8935573
Metcash Limited,APAC,IQ881626
"Inzone Group Co.,Ltd",APAC,IQ20359526
"Makalot Industrial Co., Ltd.",APAC,IQ5576958
PT Catur Sentosa Adiprana Tbk,APAC,IQ2761496
Delta Galil Industries Ltd.,EMEA,IQ398806
"Superior Group of Companies, Inc.",N. America,IQ306113
ICA Gruppen AB (publ),EMEA,IQ6058468
Pepkor Holdings Limited,EMEA,IQ535741917
"K Car Co., Ltd.",APAC,IQ713688640
Nobland International Inc.,APAC,IQ22848702
Lindex Group Oyj,EMEA,IQ875234
Clicks Group Limited,EMEA,IQ4494417
Matsuoka Corporation,APAC,IQ5553608
High Fashion International Limited,APAC,IQ878622
"DOUTOR NICHIRES Holdings Co., Ltd.",APAC,IQ60359544
H & M Hennes & Mauritz AB (publ),EMEA,IQ770402
Jiangsu High Hope International Group Corporation,APAC,IQ5885881
"The Nature Holdings Co., Ltd.",APAC,IQ411658250
Millennium Group Corporation (Asia) Public Company Limited,APAC,IQ1790573972
a.k.a. Brands Holding Corp.,N. America,IQ1679126434
"G-III Apparel Group, Ltd.",N. America,IQ274166
Fenix Outdoor International AG,EMEA,IQ9220428
Meritage Hospitality Group Inc.,N. America,IQ403299
"AutoNation, Inc.",N. America,IQ112302
PUMA SE,EMEA,IQ416658
Fairwood Holdings Limited,APAC,IQ4481141
Levi Strauss & Co.,N. America,IQ30773
"Ichibanya Co., Ltd.",APAC,IQ1470833
Central England Co-operative Limited,EMEA,IQ12344423
ELO S.A.,EMEA,IQ5463557
"JM Holdings Co.,Ltd.",APAC,IQ5720016
"HWASEUNG Industries Co.,Ltd.",APAC,IQ12721875
JS Corporation,APAC,IQ85144192
Mitsubishi Electric Australia Pty Ltd,APAC,IQ22785124
Pan German Universal Motors Ltd.,APAC,IQ535812354
"Oomitsu Co., Ltd.",APAC,IQ88964830
"Hongdou Group Co., Ltd.",APAC,IQ30322573
Michael Hill International Limited,APAC,IQ882719
"Papa John's International, Inc.",N. America,IQ325388
Bookoff Group Holdings Limited,APAC,IQ5570366
Bilia AB (publ),EMEA,IQ875741
The North West Company Inc.,N. America,IQ881354
momo.com Inc.,APAC,IQ79236521
"CJ Foodville Co., Ltd.",APAC,IQ23036124
"Yoshinoya Holdings Co., Ltd.",APAC,IQ883701
Pick n Pay Stores Limited,EMEA,IQ874812
Columbia Sportswear Company,N. America,IQ384300
Agrium SP Holdings Pty Limited,APAC,IQ222707158
"Rakuten Group, Inc.",APAC,IQ4018231
Crops Corporation,APAC,IQ21010697
China Lilang Limited,APAC,IQ47242347
Vaibhav Global Limited,APAC,IQ20991658
"CUCKOO Homesys Co., Ltd",APAC,IQ531026437
Pepco Group N.V.,EMEA,IQ410663235
Nameson Holdings Limited,APAC,IQ322409489
"Shanghai Jin Jiang International Hotels Co., Ltd.",APAC,IQ8080871
"Wyndham Hotels & Resorts, Inc.",N. America,IQ555811978
"RideNow Group, Inc.",N. America,IQ254640431
"BGF Retail Co., Ltd.",APAC,IQ433639246
Mobile World Investment Corporation,APAC,IQ35057477
Kesko Oyj,EMEA,IQ874048
Mammy Mart Holdings Corporation,APAC,IQ2938713
"MarineMax, Inc.",N. America,IQ384562
"Chow Tai Seng Jewellery Co., Ltd.",APAC,IQ117154720
Sinomax Group Limited,APAC,IQ260006563
"LOTTEGRS Co., Ltd.",APAC,IQ5532496
United Parks & Resorts Inc.,N. America,IQ864032
"Watami Co., Ltd.",APAC,IQ883705
"American Eagle Outfitters, Inc.",N. America,IQ332273
"America's Car-Mart, Inc.",N. America,IQ303785
Happinet Corporation,APAC,IQ883989
Reitmans (Canada) Limited,N. America,IQ769316
Ceconomy AG,EMEA,IQ875173
"Sleemon Healthy Sleep Technology Co., Ltd.",APAC,IQ54298512
"Mokingran Jewellery Group Co., Ltd.",APAC,IQ704082215
"and ST HD Co.,Ltd.",APAC,IQ5646303
Murphy USA Inc.,N. America,IQ240460878
Tai Hing Group Holdings Limited,APAC,IQ614562997
"Yixintang Pharmaceutical Group Co., Ltd.",APAC,IQ84149194
China Travel International Investment Hong Kong Limited,APAC,IQ878013
"Kobe Bussan Co., Ltd.",APAC,IQ6477336
DFS Furniture plc,EMEA,IQ879328
"De Rucci Healthy Sleep Co., Ltd.",APAC,IQ1671600103
Samse SA,EMEA,IQ751578
PT Aspirasi Hidup Indonesia Tbk,APAC,IQ37790034
"BTG Hotels (Group) Co., Ltd.",APAC,IQ5579861
Sanyo Shokai Ltd.,APAC,IQ876274
Combined Motor Holdings Limited,EMEA,IQ7687859
GPC Asia Pacific Holdings Pty Ltd,APAC,IQ310863925
Esselunga S.p.A.,EMEA,IQ5467388
Metro Inc.,N. America,IQ876199
"Asung Co.,Ltd.",APAC,IQ241122156
Crystal International Group Limited,APAC,IQ540758249
HelloFresh SE,EMEA,IQ315460452
Inchcape Australia Limited,APAC,IQ5483507
JINS HOLDINGS Inc.,APAC,IQ27900788
"Nan Du Motor Co., Ltd.",APAC,IQ22654910
HORNBACH Holding AG & Co. KGaA,EMEA,IQ879554
"Hwaseung Enterprise Co., Ltd.",APAC,IQ317947542
Café de Coral Holdings Limited,APAC,IQ876972
Oriental Merchant Pty. Ltd.,APAC,IQ30401774
HL Holdings Corporation,APAC,IQ752781
Surteco Group SE,EMEA,IQ2482202
"United Natural Foods, Inc.",N. America,IQ365303
"China National Gold Group Gold Jewellery Co.,Ltd.",APAC,IQ206316651
Jiumaojiu International Holdings Limited,APAC,IQ646217143
JB Hi-Fi Limited,APAC,IQ1319678
Super Retail Group Limited,APAC,IQ5647527
"Blue Zones Holdings Co.,Ltd.",APAC,IQ882282
Bridgestone Mining Solutions Australia Pty Ltd,APAC,IQ23048435
Giordano International Limited,APAC,IQ410706
HORNBACH Baumarkt AG,EMEA,IQ881499
China Resources Inc.,APAC,IQ59500833
"Beijing Tourism Group Co., Ltd.",APAC,IQ6447066
"Daesung Industrial Co., Ltd.",APAC,IQ107796586
"AEON Fantasy Co.,LTD.",APAC,IQ5631034
"Genesis Co., Ltd.",APAC,IQ109541318
"Tau Miau Motor Co., Ltd.",APAC,IQ22615371
"ZJAMP Group Co., Ltd.",APAC,IQ611277050
"ABC-Mart,Inc.",APAC,IQ5685872
Rami Levi Chain Stores Hashikma Marketing 2006 Ltd,EMEA,IQ41597559
The Wendy's Company,N. America,IQ23557
Truworths International Limited,EMEA,IQ882806
EDEKA Nord eG,EMEA,IQ252097320
Pets at Home Group Plc,EMEA,IQ22637298
"Fuji Kyuko Co., Ltd.",APAC,IQ880940
Dramet Pty Ltd,APAC,IQ25665270
The Lottery Corporation Limited,APAC,IQ1774495530
Page Industries Limited,APAC,IQ30644230
"Kau Du Automobile Co., Ltd.",APAC,IQ22654690
B&M European Value Retail plc,EMEA,IQ264420908
PT Mitra Pinasthika Mustika Tbk,APAC,IQ110186851
Home Product Center Public Company Limited,APAC,IQ9883647
Bermaz Auto Berhad,APAC,IQ216296059
"Barnes & Noble Education, Inc.",N. America,IQ286180590
Møller Mobility Group AS,EMEA,IQ7654408
WASGAU Produktions & Handels AG,EMEA,IQ882135
"Taiwan FamilyMart Co., Ltd.",APAC,IQ9637292
7-Eleven Malaysia Holdings Berhad,APAC,IQ22400508
Golf Digest Online Inc.,APAC,IQ10333886
Ceres Global Ag Corp.,N. America,IQ38942072
Hurxley Corporation,APAC,IQ884127
"Mercari, Inc.",APAC,IQ261280068
"Village Super Market, Inc.",N. America,IQ312085
SPK Corporation,APAC,IQ879233
Acomo N.V.,EMEA,IQ879010
"Zhejiang Jiaxin Silk Corp.,Ltd.",APAC,IQ13010909
"Shenzhen Ellassay Fashion Co.,Ltd.",APAC,IQ54132158
Bavarian Motors Co. Ltd.,APAC,IQ85137728
GSI Creos Corporation,APAC,IQ873949
Restaurant Brands New Zealand Limited,APAC,IQ873775
"Metro Retail Stores Group, Inc.",APAC,IQ309666979
"Weis Markets, Inc.",N. America,IQ313573
Toyota Motor Corporation Australia Limited,APAC,IQ22511542
Berli Jucker Public Company Limited,APAC,IQ875017
"Zhejiang Jasan Holding Group Co., Ltd.",APAC,IQ263436419
Tsogo Sun Limited,EMEA,IQ13514301
Nissan Motor Co. (Australia) Pty. Ltd.,APAC,IQ5875157
President Chain Store Corporation,APAC,IQ1433510
"PENN Entertainment, Inc.",N. America,IQ335919
United Electronics Company,EMEA,IQ128589947
Shenzhou International Group Holdings Limited,APAC,IQ24248461
Petro Franchise Systems LLC,N. America,IQ1759981740
"Vt Holdings Co.,Ltd.",APAC,IQ10714496
O'Key Group S.A.,EMEA,IQ25144431
Tesco PLC,EMEA,IQ413744
Adairs Limited,APAC,IQ126889641
Dohome Public Company Limited,APAC,IQ410662814
"Joyfull Co., Ltd.",APAC,IQ5531757
Li Ning Company Limited,APAC,IQ10877491
Dis-Chem Pharmacies Limited,EMEA,IQ44702302
Genki Global Dining Concepts Corporation,APAC,IQ883807
Zalando SE,EMEA,IQ97997549
Marriott Vacations Worldwide Corporation,N. America,IQ127149531
Samsung Welstory Inc.,APAC,IQ252702730
"Sugi Holdings Co.,Ltd.",APAC,IQ5510304
Bidfood Limited,APAC,IQ23247951
Tristate Holdings Limited,APAC,IQ875640
Komplett ASA,EMEA,IQ8178441
"China Cyts Tours Holding Co., Ltd.",APAC,IQ5576858
"Lacto Japan Co., Ltd.",APAC,IQ5631053
"China Electronics Information Service Co., Ltd",APAC,IQ22613823
Daisyo Corporation,APAC,IQ882856
Techwool Trading Pty Ltd,APAC,IQ30374931
"Kura Sushi, Inc.",APAC,IQ1340760
"Kitoku Shinryo Co., Ltd.",APAC,IQ6452742
Mitsubishi Motors Australia Limited,APAC,IQ12143951
Youngone Corporation,APAC,IQ61682863
Sheng Siong Group Ltd,APAC,IQ136821806
"Robinsons Retail Holdings, Inc.",APAC,IQ51829569
"Ross Stores, Inc.",N. America,IQ33926
Crown Resorts Limited,APAC,IQ20608200
Wowprime Corp.,APAC,IQ129699334
AB Persson Invest,EMEA,IQ5545746
"Caesars Entertainment, Inc.",N. America,IQ3133890
Dingdang Health Technology Group Ltd.,APAC,IQ1796687255
"Jiangxi Guoguang Commercial Chains Co., Ltd.",APAC,IQ610613485
"S.Ishimitsu & Co.,Ltd.",APAC,IQ6463613
"Medical Ikkou Group Co.,Ltd.",APAC,IQ12677680
"Eroski, S. Coop.",EMEA,IQ32336484
Boyd Gaming Corporation,N. America,IQ327880
Afaq For Energy Co. P.L.C,EMEA,IQ51781681
Aeon Co. (M) Bhd.,APAC,IQ882721
Jarir Marketing Company,EMEA,IQ5422083
Sa Sa International Holdings Limited,APAC,IQ777172
"Shenyang Cuihua Gold and Silver Jewelry Co., Ltd.",APAC,IQ119085771
Lulu Retail Holdings PLC,EMEA,IQ1900338781
"Colowide Co.,Ltd.",APAC,IQ5546199
Valuence Holdings Inc.,APAC,IQ421321978
JNBY Design Limited,APAC,IQ405047144
Tractor Supply Company,N. America,IQ329501
Dingdong (Cayman) Limited,APAC,IQ717850100
Universal Motors Israel Ltd,EMEA,IQ5546994
"Sonic Automotive, Inc.",N. America,IQ370122
Berjaya Philippines Inc.,APAC,IQ13191902
K.P.R. Mill Limited,APAC,IQ30612308
Kmart NZ Holdings Limited,APAC,IQ5460373
Nahdi Medical Company,EMEA,IQ22785534
"Red Rock Resorts, Inc.",N. America,IQ132691799
Specsavers Pty. Ltd.,APAC,IQ145020442
Bikurey Hasade Group Ltd,EMEA,IQ636434442
Advice IT Infinite Public Company Limited,APAC,IQ574542475
Nick Scali Limited,APAC,IQ10930197
CBH Grain Pty Ltd,APAC,IQ5503616
Hong Kong Technology Venture Company Limited,APAC,IQ412256
Dunelm Group plc,EMEA,IQ22354773
"Fujian SBS Zipper Science&Technology Co., Ltd",APAC,IQ30445478
Apoteket AB (publ),EMEA,IQ874459
World Gym Corporation,APAC,IQ529257180
"Etsy, Inc.",N. America,IQ28492682
Gildan Activewear Inc.,N. America,IQ387513
Collins Foods Limited,APAC,IQ137464369
Deutsch Motors Inc.,APAC,IQ49519923
"Burlington Stores, Inc.",N. America,IQ242224249
"Korea Seven Co., Ltd.",APAC,IQ5554488
"The TJX Companies, Inc.",N. America,IQ306688
Mohegan Gaming & Entertainment,N. America,IQ3073720
Canada Goose Holdings Inc.,N. America,IQ53307868
Hojeon Limited,APAC,IQ23109755
Bata India Limited,APAC,IQ878655
"Youngone Holdings Co., Ltd.",APAC,IQ2482161
Index Living Mall Public Company Limited,APAC,IQ34761418
Dollar General Corporation,N. America,IQ266974
"Sichuan Hezong Medicine Easy-to-buy Pharmaceutical Co., Ltd.",APAC,IQ626535743
Nojima Corporation,APAC,IQ4493085
Victoria PLC,EMEA,IQ877948
"Natural Grocers by Vitamin Cottage, Inc.",N. America,IQ4312149
"HitoMile Co., Ltd.",APAC,IQ5538289
CJ Freshway Corporation,APAC,IQ9857337
Delek Automotive Systems Ltd,EMEA,IQ895476
Castro Model Ltd.,EMEA,IQ5440246
MatsukiyoCocokara & Co.,APAC,IQ883547
Naspers Limited,EMEA,IQ882310
Almunajem Foods Company,EMEA,IQ1672212219
Lookers Limited,EMEA,IQ875553
Tesco Stores Limited,EMEA,IQ5463520
"Winasset Co.,Ltd.",APAC,IQ49128005
"Jinjiang International (Group) Co., Ltd.",APAC,IQ20996894
"Fast Retailing Co., Ltd.",APAC,IQ4493009
"HOTLAND HOLDINGS Co., Ltd.",APAC,IQ5755775
Mahindra Holidays & Resorts India Limited,APAC,IQ9663717
"Kuze Co., Ltd.",APAC,IQ1333955
"Kusuri No Aoki Holdings Co., Ltd.",APAC,IQ406873309
"Linhai State Owned Property Investment Holding Group Co.,Ltd",APAC,IQ558227007
"KOMEDA Holdings Co., Ltd.",APAC,IQ343261973
"Skylark Holdings Co., Ltd.",APAC,IQ875023
Guangzhou Restaurant Group Company Limited,APAC,IQ36817002
PT Sumber Alfaria Trijaya Tbk,APAC,IQ34580149
"Kontoor Brands, Inc.",N. America,IQ577318955
Dor Alon Energy In Israel (1988) Ltd,EMEA,IQ23750981
Yondoshi Holdings Inc.,APAC,IQ6464748
Toyota New Zealand Limited,APAC,IQ5542703
"POYA International Co., Ltd.",APAC,IQ11418785
Isrotel Ltd.,EMEA,IQ881970
Abdullah Al-Othaim Markets Company,EMEA,IQ46695146
The Cheesecake Factory Incorporated,N. America,IQ319496
Xtep International Holdings Limited,APAC,IQ45535911
Fnac Darty SA,EMEA,IQ237655379
"Penske Automotive Group, Inc.",N. America,IQ365436
"Ryohin Keikaku Co., Ltd.",APAC,IQ883379
Saha Pathanapibul Public Company Limited,APAC,IQ1914147
"BJ's Restaurants, Inc.",N. America,IQ374469
"Build-A-Bear Workshop, Inc.",N. America,IQ122203
Genuine Parts Company,N. America,IQ275034
HR Owen plc,EMEA,IQ5487012
"World Co., Ltd.",APAC,IQ5872183
"PAL GROUP Holdings CO., LTD.",APAC,IQ6476346
"Puregold Price Club, Inc.",APAC,IQ34643947
"Guess?, Inc.",EMEA,IQ348699
Bonif Co. Ltd.,APAC,IQ98916077
Travel + Leisure Co.,N. America,IQ31063165
"Oxford Industries, Inc.",N. America,IQ294483
PT Midi Utama Indonesia Tbk,APAC,IQ115975650
Diplomat Holdings Ltd,EMEA,IQ705618076
Subaru (Aust) Pty Limited,APAC,IQ22547941
Huali Industrial Group Company Limited,APAC,IQ692931413
Halfords Group plc,EMEA,IQ12786753
"Renaissance,Incorporated",APAC,IQ9794774
"Publix Super Markets, Inc.",N. America,IQ201170
LAVEBA Genossenschaft,EMEA,IQ5570199
"Aeon Kyushu Co., Ltd.",APAC,IQ9220820
Scania Australia Pty Ltd,APAC,IQ22729114
"Kyoritsu Maintenance Co., Ltd.",APAC,IQ883985
Tsuruha Holdings Inc.,APAC,IQ24348269
"Cosco Capital, Inc.",APAC,IQ11063659
"Nishimoto Co., Ltd.",APAC,IQ256653144
Food & Life Companies Ltd.,APAC,IQ421343834
"Quang Viet Enterprise Co., Ltd.",APAC,IQ304227365
Motorpoint Group Plc,EMEA,IQ338141066
"SRS Holdings Co.,Ltd.",APAC,IQ880404
Sime Darby Motor Group (NZ) Limited,APAC,IQ24700683
City Auto Corporation,APAC,IQ408438722
Entain Plc,EMEA,IQ13759215
Central Retail Corporation Public Company Limited,APAC,IQ11190048
"Oie Sangyo Co., Ltd.",APAC,IQ5523211
Co-operative Bulk Handling Limited,APAC,IQ5646484
"Valeo Pyeong Hwa International Co., Ltd.",APAC,IQ666529051
"Nanjing Agricultural and Sideline Products Logistics Distribution Center Co., Ltd",APAC,IQ593685270
Soho Holly Corporation,APAC,IQ5908879
Luk Fook Holdings (International) Limited,APAC,IQ882227
Mr Price Group Limited,EMEA,IQ2459647
M.Yochananof and Sons (1988) Ltd,EMEA,IQ644780282
B&S Group S.A.,EMEA,IQ549772370
"O'Reilly Automotive, Inc.",N. America,IQ324289
Coop-Gruppe Genossenschaft,EMEA,IQ7694394
AmRest Holdings SE,EMEA,IQ21950751
US Foods Holding Corp.,N. America,IQ325290136
The Foschini Group Limited,EMEA,IQ874613
Al-Dawaa Medical Services Company,EMEA,IQ131600294
Accent Group Limited,APAC,IQ10636950
"Vail Resorts, Inc.",N. America,IQ36122
Shoprite Holdings Ltd,EMEA,IQ879703
"Sichuan Baicha Baidao Industrial Co., Ltd.",APAC,IQ1842786549
"Saint Marc Holdings Co., Ltd.",APAC,IQ5776553
TORIDOLL Holdings Corporation,APAC,IQ25500533
Fix Price Group PLC,APAC,IQ703517298
Fourlis Holdings S.A.,EMEA,IQ879113
Oravel Stays Limited,APAC,IQ222929564
Tribhovandas Bhimji Zaveri Limited,APAC,IQ49553448
Boozt AB (publ),EMEA,IQ82015177
"Urban Outfitters, Inc.",N. America,IQ330706
Arvind Fashions Limited,APAC,IQ30720500
"Steven Madden, Ltd.",N. America,IQ347145
Costco Wholesale Corporation,N. America,IQ92817
Just Eat Takeaway.com N.V.,EMEA,IQ145810514
"Floor & Decor Holdings, Inc.",N. America,IQ270357747
Frasers Group Plc,EMEA,IQ34049884
Portillo's Inc.,N. America,IQ307512580
Kindred Group plc,EMEA,IQ10393871
"Darden Restaurants, Inc.",N. America,IQ336160
"AuGroup (SHENZHEN) Cross-Border Business Co., Ltd.",APAC,IQ207892098
ADM Trading Australia Pty Ltd,APAC,IQ58423397
"Monarch Casino & Resort, Inc.",N. America,IQ337961
"Revolve Group, Inc.",N. America,IQ583985474
Yamatane Corporation,APAC,IQ876016
Eagers Automotive Limited,APAC,IQ876713
Heiwa Corporation,APAC,IQ882148
Pungkook Corporation,APAC,IQ23036471
Celik Motor Ticaret A.S.,EMEA,IQ22989493
TNG Investment and Trading Joint Stock Company,APAC,IQ39123482
Meko AB (publ),EMEA,IQ5686693
"Matsuya Foods Holdings Co., Ltd.",APAC,IQ884230
Autosports Group Limited,APAC,IQ407808414
"Savers Value Village, Inc.",N. America,IQ226143858
EDEKA ZENTRALE Stiftung & Co. KG,EMEA,IQ874989
Pet Valu Holdings Ltd.,N. America,IQ715954314
OneWater Marine Inc.,N. America,IQ272093428
The Lovesac Company,N. America,IQ22454382
"Shanghai Aiyingshi Co.,Ltd",APAC,IQ317641122
Spinneys 1961 Holding plc,EMEA,IQ1878729984
"Guangdong Provincial Tourism Holdings Co.,Ltd.",APAC,IQ666971720
"Korea Metal 3M Co., Ltd.",APAC,IQ206750952
"Chewy, Inc.",N. America,IQ272762396
Sligro Food Group N.V.,EMEA,IQ877008
The Hour Glass Limited,APAC,IQ878905
"Zensho Holdings Co., Ltd.",APAC,IQ5545882
ABOUT YOU Holding SE,EMEA,IQ675688488
Colabor Group Inc.,N. America,IQ22478973
"BIEM.L.FDLKK Garment Co.,Ltd.",APAC,IQ263763750
Peter Warren Automotive Holdings Limited,APAC,IQ710554315
AVAG Holding SE,EMEA,IQ8201694
New Wave Group AB (publ),EMEA,IQ4493212
Choppies Enterprises Limited,EMEA,IQ142258651
Vertu Motors plc,EMEA,IQ30718845
Abercrombie & Fitch Co.,N. America,IQ353867
Douglas AG,EMEA,IQ550038114
"Maxima Grupe, UAB",EMEA,IQ47828006
MK Restaurant Group Public Company Limited,APAC,IQ228634857
Ain Holdings Inc.,APAC,IQ5554690
Clas Ohlson AB (publ),EMEA,IQ5576805
Hyundai Motor Company Australia Pty Limited,APAC,IQ22614961
Ford Motor Company of New Zealand Limited,APAC,IQ5553613
L'azurde Company for Jewelry,EMEA,IQ5567680
"Casey's General Stores, Inc.",N. America,IQ258629
NEXT plc,EMEA,IQ7685493
Sefalana Holding Company Limited,EMEA,IQ20386603
Synsam AB (publ),EMEA,IQ614168687
"Sprouts Farmers Market, Inc.",N. America,IQ6757990
Best Mart 360 Holdings Limited,APAC,IQ595616258
"Century Casinos, Inc.",N. America,IQ354074
"PriceSmart, Inc.",N. America,IQ377097
Europris ASA,EMEA,IQ293420901
"Sports Gear Co., Ltd.",APAC,IQ654446290
MARR S.p.A.,EMEA,IQ31147
"LOTTE Himart Co.,Ltd.",APAC,IQ5486076
Hagar hf,EMEA,IQ8171458
TravelSky Technology Limited,APAC,IQ4153689
Axfood AB (publ),EMEA,IQ5467359
Fielmann Group AG,EMEA,IQ881949
"Beijing Digital Telecom Co., Ltd.",APAC,IQ28385605
"DaShenLin Pharmaceutical Group Co., Ltd.",APAC,IQ319650688
Emperor Watch & Jewellery Limited,APAC,IQ46428614
Magni-Tech Industries Berhad,APAC,IQ8090272
Recipe Unlimited Corporation,N. America,IQ873637
MotorCycle Holdings Limited,APAC,IQ226596027
ASICS Corporation,APAC,IQ875663
Marks and Spencer Group plc,EMEA,IQ874723
"Grupo Gigante, S. A. B. de C. V.",N. America,IQ877927
PT Indomobil Sukses Internasional Tbk,APAC,IQ8292736
ANTA Sports Products Limited,APAC,IQ35196211
"Great Tree Pharmacy Co., Ltd.",APAC,IQ269667517
"Lancy Co., Ltd.",APAC,IQ111847476
"The RealReal, Inc.",N. America,IQ159488957
Ermenegildo Zegna N.V.,EMEA,IQ30639546
CA Sales Holdings Limited,EMEA,IQ208604529
Hyundai Home Shopping Network Corporation,APAC,IQ22759873
"Imperial Hotel, Ltd.",APAC,IQ5504228
Apotea AB (publ),EMEA,IQ34335259
Goldstory S.A.S.,EMEA,IQ115841803
99 Speed Mart Retail Holdings Berhad,APAC,IQ1859597021
MedPlus Health Services Limited,APAC,IQ33348096
"Farmacias Benavides, S.A.B. de C.V.",N. America,IQ878499
PT Erajaya Swasembada Tbk,APAC,IQ76950360
"FIGS, Inc.",N. America,IQ242206947
Dada Nexus Limited,APAC,IQ304386563
MotoMotion China Corporation,APAC,IQ653523839
Mr D.I.Y. Group (M) Berhad,APAC,IQ413939510
Compass Group (Australia) Pty Limited,APAC,IQ5908712
We Buy Cars Holdings Limited,EMEA,IQ1874589602
"Ollie's Bargain Outlet Holdings, Inc.",N. America,IQ301580992
Tokmanni Group Oyj,EMEA,IQ11920456
Somnigroup International Inc.,N. America,IQ3289679
D. P. Abhushan Limited,APAC,IQ535005085
Temple & Webster Group Ltd,APAC,IQ317086878
Viet Tien Garment Joint Stock Corporation,APAC,IQ26084130
"ROYAL HOLDINGS Co., Ltd.",APAC,IQ875154
Grocery Outlet Holding Corp.,N. America,IQ1600081
"Yamae Group Holdings Co.,Ltd.",APAC,IQ6435242
Hugo Boss AG,EMEA,IQ875764
Watches of Switzerland Group PLC,EMEA,IQ612543281
The Monogatari Corporation,APAC,IQ23110030
"Light & Wonder, Inc.",N. America,IQ25304
"Treasure Factory Co.,LTD.",APAC,IQ39174223
Eagle Nice (International) Holdings Limited,APAC,IQ11236344
HF Foods Group Inc.,N. America,IQ558014292
"Songcheng Performance Development Co.,Ltd",APAC,IQ114341264
"Kangwon Land, Inc.",APAC,IQ11271950
"Saizeriya Co.,Ltd.",APAC,IQ883997
"Huangshan Tourism Group Co.,Ltd",APAC,IQ54873522
Label Vie S.A.,EMEA,IQ41623395
"Taekwang Ind Co., Ltd.",APAC,IQ5545525
Sun International Limited,EMEA,IQ880108
"Tongqinglou Catering Co., Ltd.",APAC,IQ374710487
Phu Nhuan Jewelry Joint Stock Company,APAC,IQ39130285
Sports Toto Berhad,APAC,IQ878066
"Brinker International, Inc.",N. America,IQ260858
Round One Corporation,APAC,IQ884407
"Wal-Mart de México, S.A.B. de C.V.",N. America,IQ875616
Dollarama Inc.,N. America,IQ48853897
"Chipotle Mexican Grill, Inc.",N. America,IQ26446
Thon Holding As,EMEA,IQ12505934
Tam Jai International Co. Limited,APAC,IQ430918135
Carvana Co.,N. America,IQ424080297
TotalEnergies Marketing Maroc S.A.,EMEA,IQ5515896
Orsero S.p.A.,EMEA,IQ313069698
"Boot Barn Holdings, Inc.",N. America,IQ266797777
Fox-Wizel Ltd.,EMEA,IQ5426045
"Coupang, Inc.",N. America,IQ704377650
"The Keepers Holdings, Inc.",APAC,IQ9844225
Mitsubishi Motors New Zealand Limited,APAC,IQ5645474
"Shenzhen Agricultural Power Group Co.,Ltd",APAC,IQ9709545
Autohellas S.A.,EMEA,IQ9897729
JD Sports Fashion Plc,EMEA,IQ882155
WILLPLUS Holdings Corporation,APAC,IQ60890628
Warby Parker Inc.,N. America,IQ107146021
Sapphire Foods India Limited,APAC,IQ317380724
Jaguar Land Rover Australia Pty Ltd,APAC,IQ5579571
Aragvi Holding International Limited,EMEA,IQ534507961
create restaurants holdings inc.,APAC,IQ23678986
"Jianzhijia Pharmaceutical Chain Group Co., Ltd.",APAC,IQ530111581
Jumbo S.A.,EMEA,IQ915277
Berjaya Property Berhad,APAC,IQ878228
Shoppers Stop Limited,APAC,IQ6071297
Bizim Toptan Satis Magazalari A.S.,EMEA,IQ46895276
"KNT-CT Holdings Co., Ltd.",APAC,IQ880677
Sabre Corporation,N. America,IQ254517933
"NEXTAGE Co., Ltd.",APAC,IQ30519661
"Skechers U.S.A., Inc.",N. America,IQ399462
Cortina Holdings Limited,APAC,IQ8069517
KAL Group Limited,EMEA,IQ37851615
"Kanaan Co.,Ltd.",APAC,IQ5827617
Bosideng International Holdings Limited,APAC,IQ6462589
Scania Cv Aktiebolag,EMEA,IQ257206823
Australian Rugby League Commission Limited,APAC,IQ129186048
Dogan Sirketler Grubu Holding A.S.,EMEA,IQ20394067
"Lithia Motors, Inc.",N. America,IQ355432
Quanzhou Cultural Tourism Development Group Company Limited,APAC,IQ656607037
Abu Dhabi National Oil Company for Distribution PJSC,EMEA,IQ20726319
Performance Food Group Company,N. America,IQ271958947
Oisix ra daichi Inc.,APAC,IQ26810046
Ali Al-Ghanim Sons Automotive Company K.S.C.P.,EMEA,IQ12700618
KIA Australia Pty Ltd,APAC,IQ46952722
AAPC Limited,APAC,IQ20550638
Greggs plc,EMEA,IQ877746
Porsche Cars Australia Pty Ltd,APAC,IQ22931484
"Grupo Sanborns, S.A.B. de C.V.",N. America,IQ725182
Alibaba Health Information Technology Limited,APAC,IQ4481114
Benihana Inc.,N. America,IQ254390
Reliance Retail Limited,APAC,IQ29486122
"Texas Roadhouse, Inc.",N. America,IQ4717668
Saigon General Service Corporation,APAC,IQ51148035
Riordan Group Pty Ltd,APAC,IQ47898527
361 Degrees International Limited,APAC,IQ60184932
"North-Star International Co., LTD.",APAC,IQ9682628
MBM Resources Berhad,APAC,IQ879648
AUTO1 Group SE,EMEA,IQ337644871
"Expedia Group, Inc.",N. America,IQ25915843
istyle Inc.,APAC,IQ28827721
"Jerónimo Martins, SGPS, S.A.",EMEA,IQ878246
"Arhaus, Inc.",N. America,IQ1684295272
PETRONAS Dagangan Berhad,APAC,IQ879299
Carasso Motors Ltd.,EMEA,IQ100897574
WH Smith PLC,EMEA,IQ4217734
Jollibee Foods Corporation,APAC,IQ881056
Hiday Hidaka Corp.,APAC,IQ5441251
"Crocs, Inc.",N. America,IQ13639284
Aquila Part Prod Com S.A.,EMEA,IQ59001671
Pearl Global Industries Limited,APAC,IQ28750188
"Lai Yih Footwear Co., Ltd.",APAC,IQ1776043242
"Grupo Posadas, S.A.B. de C.V.",N. America,IQ877120
AMCON Distributing Company,N. America,IQ345386
PTG Energy Public Company Limited,APAC,IQ225799728
Festi hf.,EMEA,IQ45120443
"Corporativo Fragua, S.A.B. de C.V.",N. America,IQ882982
lululemon athletica inc.,N. America,IQ34125194
"Choice Hotels International, Inc.",N. America,IQ370714
Public Joint-Stock Company Pharmacy Chain 36.6,EMEA,IQ10724832
Jubilant FoodWorks Limited,APAC,IQ9515743
"ShuYu Civilian Pharmacy Corp., Ltd.",APAC,IQ414453636
"Grupo Comercial Chedraui, S.A.B. de C.V.",N. America,IQ5478458
H World Group Limited,APAC,IQ99150697
"Guoquan Food (Shanghai) Co., Ltd.",APAC,IQ1832924455
Com7 Public Company Limited,APAC,IQ274159685
Oriental Holdings Berhad,APAC,IQ875076
Shangri-La Asia Limited,APAC,IQ877757
Zibuyu Group Limited,APAC,IQ1804323802
Deckers Outdoor Corporation,N. America,IQ327333
"Alsea, S.A.B. de C.V.",N. America,IQ5533826
"Comercializadora Círculo CCK, S.A. de C.V.",N. America,IQ234069205
Bid Corporation Limited,EMEA,IQ20524024
"Parnas Hotel Co., Ltd.",APAC,IQ107799542
China Tobacco International (HK) Company Limited,APAC,IQ596844474
"Accel Entertainment, Inc.",N. America,IQ327378336
"Trust Co., Ltd.",APAC,IQ20406581
Card Factory plc,EMEA,IQ262433135
Betsson AB (publ),EMEA,IQ9239890
Fangzhou Inc.,APAC,IQ1880106386
Electronics Mart India Limited,APAC,IQ593835398
"Asbury Automotive Group, Inc.",N. America,IQ25109
Everi Holdings Inc.,N. America,IQ6904040
Churchill Downs Incorporated,N. America,IQ260619
Xiaocaiyuan International Holding Ltd.,APAC,IQ1905754993
J D Wetherspoon plc,EMEA,IQ881715
CP ALL Public Company Limited,APAC,IQ9273820
"SSI Group, Inc.",APAC,IQ270540169
Avenue Supermarts Limited,APAC,IQ113890200
"Guangdong Chj Industry Co.,Ltd.",APAC,IQ84066926
"Hangzhou Commerce & Tourism Group Co.,LTD.",APAC,IQ226966310
Aurora Design Public Company Limited,APAC,IQ532136123
Philippine Seven Corporation,APAC,IQ9531515
Jeongsan & Company Inc.,APAC,IQ364357706
"La Comer, S.A.B. de C.V.",N. America,IQ321186185
Compass Group PLC,EMEA,IQ692472
Lucky Strike Entertainment Corporation,N. America,IQ1475871
"Wynn Resorts, Limited",N. America,IQ3449701
"Super Value Co., Ltd.",APAC,IQ40146737
Aeon Hokkaido Corporation,APAC,IQ883359
"Fuji Co., Ltd.",APAC,IQ882102
V-Mart Retail Limited,APAC,IQ46671256
"Gold.com, Inc.",N. America,IQ4558482
Poh Kong Holdings Berhad,APAC,IQ9435743
"Shaanxi Tourism Group Co.,Ltd.",APAC,IQ310142395
Evolution AB (publ),EMEA,IQ285223104
Jahez International Company for Information Systems Technology,EMEA,IQ671081683
Corporate Travel Management Limited,APAC,IQ46478476
Shake Shack Inc.,N. America,IQ228987805
Landmark Cars Limited,APAC,IQ279837098
Inter Cars S.A.,EMEA,IQ5436424
FPT Digital Retail Joint Stock Company,APAC,IQ47921794
MTY Food Group Inc.,N. America,IQ1306872
Brunello Cucinelli S.p.A.,EMEA,IQ30531605
Hilton Worldwide Holdings Inc.,N. America,IQ29470
Padini Holdings Berhad,APAC,IQ8070734
Pierre et Vacances SA,EMEA,IQ824903
PT. Mitra Adiperkasa Tbk,APAC,IQ13205651
"Sweetgreen, Inc.",N. America,IQ82334289
The Rank Group Plc,EMEA,IQ387255
"Cirsa Enterprises, S.A.",EMEA,IQ569389753
Coupang Corp.,APAC,IQ129580117
"Beijing Jingdong Century Trading Co.,Ltd.",APAC,IQ264417955
Kitwave Group plc,EMEA,IQ634037851
"Guangxi Tourism Development Group Co.,Ltd.",APAC,IQ642010415
"First Watch Restaurant Group, Inc.",N. America,IQ1680518858
"Greens Co.,Ltd.",APAC,IQ5419456
MINISO Group Holding Limited,APAC,IQ689608815
"Marriott International, Inc.",N. America,IQ31148
Maplebear Inc.,N. America,IQ223421317
"Airbnb, Inc.",N. America,IQ115705393
APCO Service Stations Pty Ltd,APAC,IQ23377791
Gokaldas Exports Limited,APAC,IQ21864349
"Miramar Hotel and Investment Company, Limited",APAC,IQ875926
"Amer Sports, Inc.",EMEA,IQ1867415213
Bloomberry Resorts Corporation,APAC,IQ163237672
Titan Company Limited,APAC,IQ708276
Lenta IPJSC,EMEA,IQ110104150
Scandic Hotels Group AB (publ),EMEA,IQ318412528
Genting Berhad,APAC,IQ873942
Fujita Kanko Inc.,APAC,IQ879134
PT Global Digital Niaga Tbk,APAC,IQ247489189
Retailors Ltd,EMEA,IQ713840404
InterContinental Hotels Group PLC,EMEA,IQ322193
JD Health International Inc.,APAC,IQ689379460
Chanel Limited,EMEA,IQ5576982
"F&F Holdings Co., Ltd.",APAC,IQ9644005
"Anhui Korrun Co., Ltd.",APAC,IQ301106053
Aspial Corporation Limited,APAC,IQ7687514
Paltac Corporation,APAC,IQ2909282
FSN E-Commerce Ventures Limited,APAC,IQ597816403
LPP SA,EMEA,IQ5523843
Auto Partner SA,EMEA,IQ102321826
Shanghai Shendi (Group) Company Limited,APAC,IQ116576358
Central Plaza Hotel Public Company Limited,APAC,IQ877152
Stonegate Pub Company Limited,EMEA,IQ112020495
"Life Time Group Holdings, Inc.",N. America,IQ301208715
IVS Group S.A.,EMEA,IQ111800970
eDreams ODIGEO S.A.,EMEA,IQ261391510
"Paradise Co., Ltd.",APAC,IQ5686296
Sportradar Group AG,EMEA,IQ1677875322
Sea Limited,APAC,IQ426181371
"The Hongkong and Shanghai Hotels, Limited",APAC,IQ874382
Lovisa Holdings Limited,APAC,IQ278161003
"Oriental Land Co., Ltd.",APAC,IQ881537
"Planet Fitness, Inc.",N. America,IQ304225387
Devyani International Limited,APAC,IQ30301971
"Rush Street Interactive, Inc.",N. America,IQ679030261
"Komehyo Holdings Co.,Ltd.",APAC,IQ8819427
Allegro.eu S.A.,EMEA,IQ684129716
Tongcheng Travel Holdings Limited,APAC,IQ548164770
"MCLON JEWELLERY Co.,Ltd.",APAC,IQ144178072
AutoWallis Nyilvánosan Muködo Részvénytársaság,EMEA,IQ241671493
"CAVA Group, Inc.",N. America,IQ291711182
Zabka Group S.A.,EMEA,IQ1769843130
Aritzia Inc.,N. America,IQ137342738
Thame and London Limited,EMEA,IQ224572978
Melco Resorts Finance Limited,APAC,IQ104708212
"The Chefs' Warehouse, Inc.",N. America,IQ4370094
Fattal Holdings (1998) Ltd,EMEA,IQ552191254
Kalyan Jewellers India Limited,APAC,IQ133003446
S Hotels and Resorts Public Company Limited,APAC,IQ613512388
Genting Singapore Limited,APAC,IQ877579
"Guangzhou Ruoyuchen Technology Co.,Ltd.",APAC,IQ319387082
"Beijing Caishikou Department Store Co.,Ltd.",APAC,IQ47942132
Millennium & Copthorne Hotels Limited,EMEA,IQ881830
"H.I.S. Co., Ltd.",APAC,IQ5472695
ATRenew Inc.,APAC,IQ716754988
Wingstop Inc.,N. America,IQ260824267
"Koshidaka Holdings Co., Ltd.",APAC,IQ30663334
Mitchells & Butlers plc,EMEA,IQ3815518
Galaxy Entertainment Group Limited,APAC,IQ877511
"Meliá Hotels International, S.A.",EMEA,IQ882863
Thangamayil Jewellery Limited,APAC,IQ61843619
Mitchells & Butlers Retail Limited,EMEA,IQ5467993
PT Sinar Eka Selaras Tbk,APAC,IQ215238579
Pinnacle Bidco plc,EMEA,IQ542928251
Brake Bros Limited,EMEA,IQ877270
Senco Gold Limited,APAC,IQ226015370
Melco Resorts & Entertainment Limited,APAC,IQ30233904
Hyatt Hotels Corporation,N. America,IQ13103664
Melco International Development Limited,APAC,IQ7652986
Valvoline Inc.,N. America,IQ344562930
EIH Limited,APAC,IQ878458
Grab Co. Ltd.,APAC,IQ331582528
"Young & Co.'s Brewery, P.L.C.",EMEA,IQ875722
"Yanolja Co., Ltd.",APAC,IQ172598436
Guming Holdings Limited,APAC,IQ1916732008
Guangzhou Lingnan Group Holdings Company Limited,APAC,IQ12961198
Super Hi International Holding Ltd.,APAC,IQ1792034370
"Quanzhou Urban Construction Group Co., Ltd.",APAC,IQ597302996
"Zhou Liu Fu Jewellery Co., Ltd.",APAC,IQ613105065
Otokoç Otomotiv Ticaret ve Sanayi A.S.,EMEA,IQ30984848
PT Map Aktif Adiperkasa Tbk,APAC,IQ331884481
Dino Polska S.A.,EMEA,IQ107478492
Aldrees Petroleum and Transport Services Company,EMEA,IQ25056630
Mandarin Oriental International Limited,APAC,IQ409322
The Indian Hotels Company Limited,APAC,IQ878340
Rajesh Exports Limited,APAC,IQ8667003
Redcare Pharmacy NV,EMEA,IQ384310550
Allwyn AG,EMEA,IQ545235548
SJM Holdings Limited,APAC,IQ12762294
"DoorDash, Inc.",N. America,IQ243735719
Vivo Energy Limited,EMEA,IQ558696554
Saudi Automotive Services Company,EMEA,IQ11187057
Soho House & Co Inc.,EMEA,IQ710162012
MoneyMax Financial Services Ltd.,APAC,IQ242202013
Whitbread plc,EMEA,IQ745293
Trip.com Group Limited,APAC,IQ691187
"The ONE Group Hospitality, Inc.",N. America,IQ178845148
Sok Marketler Ticaret A.S.,EMEA,IQ106779334
Genting Malaysia Berhad,APAC,IQ877132
MIXUE Group,APAC,IQ701164999
MR. D.I.Y. Holding (Thailand) Public Company Limited,APAC,IQ1896592616
"BuySell Technologies Co.,Ltd.",APAC,IQ539508953
Mavi Giyim Sanayi ve Ticaret A.S.,EMEA,IQ4457926
Hedin Mobility Group AB (publ),EMEA,IQ22759268
DPC Dash Ltd,APAC,IQ1815859910
BIM Birlesik Magazalar A.S.,EMEA,IQ22986030
LuxExperience B.V.,EMEA,IQ699650200
Las Vegas Sands Corp.,N. America,IQ3632895
YesAsia Holdings Limited,APAC,IQ243130373
GigaCloud Technology Inc.,N. America,IQ1789177587
Abu Dhabi National Hotels Company PJSC,EMEA,IQ9087052
"Zhejiang China Commodities City Group Co., Ltd.",APAC,IQ11216644
Dogus Otomotiv Servis ve Ticaret A.S.,EMEA,IQ11369874
Greene King Limited,EMEA,IQ875577
East Buy Holding Limited,APAC,IQ592826452
PPHE Hotel Group Limited,EMEA,IQ35557183
Shinsegae Chosun Hotel Inc.,APAC,IQ99157892
Teknosa Iç ve Dis Ticaret Anonim Sirketi,EMEA,IQ29594643
MakeMyTrip Limited,APAC,IQ109916200
GENDA Inc.,APAC,IQ650452485
"Minor Hotels Europe & Americas, S.A.",EMEA,IQ883297
Seera Holding Group,EMEA,IQ26504386
PT GoTo Gojek Tokopedia Tbk,APAC,IQ292197231
"Global Business Travel Group, Inc.",EMEA,IQ651009266
Chengdu Culture & Tourism Development Group L.L.C,APAC,IQ231929884
"Hanwha Hotels & Resorts Co., Ltd.",APAC,IQ42189602
P. N. Gadgil & Sons Limited,APAC,IQ557861579
Stuttgart Sports Cars Ltd.,APAC,IQ97994305
TUI AG,EMEA,IQ552711
Tab Gida Sanayi ve Ticaret A.S.,EMEA,IQ128997257
Vinpearl Joint Stock Company,APAC,IQ699762083
Global-E Online Ltd.,EMEA,IQ706899929
"Zhongshan Xingzhong Group Co., Ltd",APAC,IQ132237609
BBB Foods Inc.,N. America,IQ1868804837
Aspial Lifestyle Limited,APAC,IQ207466684
Travelodge Hotels Limited,EMEA,IQ2529226
Trainline plc,EMEA,IQ614284566
Trent Limited,APAC,IQ20376352
Hubei Culture Tourism Group,APAC,IQ228921543
PDD Holdings Inc.,EMEA,IQ572577901
Cettire Limited,APAC,IQ696191258
Asset World Corp Public Company Limited,APAC,IQ431711678
Thomas Cook (India) Limited,APAC,IQ881276
Basic-Fit N.V.,EMEA,IQ114714341
Atour Lifestyle Holdings Limited,APAC,IQ717764235
"Jiangsu Huajing Assets Management Co., Ltd.",APAC,IQ145031119
SSP Group plc,EMEA,IQ4323277
On Holding AG,EMEA,IQ1679037270
Rainbow Tours S.A.,EMEA,IQ37254886
"Yesway, Inc.",N. America,IQ1682467594
Optimus Group Company Limited,APAC,IQ544534833
Myer Holdings Limited,APAC,IQ9993385
"Lotte Tour Development Co., Ltd.",APAC,IQ27315356
Ozon Holdings PLC,EMEA,IQ262832372
Whitbread Group PLC,EMEA,IQ5467539
"Lindblad Expeditions Holdings, Inc.",N. America,IQ4317696
"7-Eleven, Inc.",N. America,IQ331010
Center Parcs (Holdings 1) Limited,EMEA,IQ233323301
Sky Gold and Diamonds Limited,APAC,IQ291853368
"Sailvan Times Co., Ltd.",APAC,IQ704868735
Playa Hotels & Resorts N.V.,EMEA,IQ243462075
Compagnie des Alpes SA,EMEA,IQ882287
CaratLane Trading Private Limited,APAC,IQ134674021
Studio City International Holdings Limited,APAC,IQ29627983
The Platform Group SE & Co. KGaA,EMEA,IQ65763917
Studio City Finance Limited,APAC,IQ214865818
Dalata Hotel Group plc,EMEA,IQ62590007
"SILICON2 Co., Ltd.",APAC,IQ243746848
"Barceló Corporación Empresarial, S.A.",EMEA,IQ7915918
PT Hartadinata Abadi Tbk,APAC,IQ434144477
Viva Goods Company Limited,APAC,IQ3477632
Pop Mart International Group Limited,APAC,IQ695208345
PT Daya Intiguna Yasa Tbk,APAC,IQ1912821479
Carnival Corporation & plc,N. America,IQ258823
"UTour Group Co., Ltd.",APAC,IQ115563415
Eternal Limited,APAC,IQ112318630
Ghitha Holding P.J.S.C,EMEA,IQ699310383
Viking Holdings Ltd,N. America,IQ224072648
Hanatour Service Inc.,APAC,IQ9638172
Carnival plc,EMEA,IQ598651
Voyageurs du Monde SA,EMEA,IQ1001585
"Lion Travel Service Co., Ltd.",APAC,IQ49443660
"Laopu Gold Co., Ltd.",APAC,IQ673443054
DigiPlus Interactive Corp.,APAC,IQ9754693
PT Estika Tata Tiara Tbk,APAC,IQ574415605
UFlex Packaging Inc.,N. America,IQ51025638
Meikles Limited,EMEA,IQ883148
RattanIndia Enterprises Limited,APAC,IQ136940231
The Hong Kong Jockey Club,APAC,IQ34581183
Sainsbury's Supermarkets Ltd,EMEA,IQ7758616
LBX Pharmacy Chain Joint Stock Company,APAC,IQ290444103
Norwegian Cruise Line Holdings Ltd.,N. America,IQ4180463
Coles Group Limited,APAC,IQ262198
CP Axtra Public Company Limited,APAC,IQ2482215
Otto GmbH & Co. KGaA,EMEA,IQ874340
Delivery Hero SE,EMEA,IQ140687018
"Qol Holdings Co., Ltd.",APAC,IQ5639104
Sodexo S.A.,EMEA,IQ808038
Olam Group Limited,APAC,IQ5487399
Aramis Group SAS,EMEA,IQ706112499
X5 Retail Group N.V.,EMEA,IQ21852987
"National Vision Holdings, Inc.",N. America,IQ319122
Accor SA,EMEA,IQ648902
"Domino's Pizza, Inc.",N. America,IQ3132512
Aramark,N. America,IQ1004106
Samsonite Group S.A.,EMEA,IQ34023
Pandora A/S,EMEA,IQ42153793
Nobia AB (publ),EMEA,IQ124626
"The Gap, Inc.",N. America,IQ274265
Sysco Corporation,N. America,IQ189096
Motus Holdings Limited,EMEA,IQ538599393
"Ulta Beauty, Inc.",N. America,IQ35929
CarrefourSA Carrefour Sabanci Ticaret Merkezi A.S.,EMEA,IQ22249490
Migros Ticaret A.S.,EMEA,IQ52174048
Aristocrat Leisure Limited,APAC,IQ662734
Kohl's Corporation,N. America,IQ61243
"Dine Brands Global, Inc.",N. America,IQ30133
eBay Inc.,N. America,IQ27862
Domino's Pizza Group plc,EMEA,IQ5460252
"Nordstrom, Inc.",N. America,IQ32215
"Stitch Fix, Inc.",N. America,IQ142659894
"Yum! Brands, Inc.",N. America,IQ365997
Hilton Grand Vacations Inc.,N. America,IQ345409145
"GS Retail Co., Ltd.",APAC,IQ5481747
SkyCity Entertainment Group Limited,APAC,IQ881223
SHINSEGAE FOOD Inc.,APAC,IQ12189326
Ssg.Com Corp.,APAC,IQ674490692
SHINSEGAE Inc.,APAC,IQ4049055
E-MART Inc.,APAC,IQ129118330
Deliveroo plc,EMEA,IQ266895252
Marston's PLC,EMEA,IQ689103
AutoCanada Inc.,N. America,IQ26879258
"Group 1 Automotive, Inc.",N. America,IQ368787
The SPAR Group Ltd,EMEA,IQ13451493
The Restaurant Group Limited,EMEA,IQ876834
Restaurant Brands International Inc.,N. America,IQ821389
Kering SA,EMEA,IQ666672
Salvatore Ferragamo S.p.A.,EMEA,IQ5522170
Geox S.p.A.,EMEA,IQ9735461
SMCP S.A.,EMEA,IQ113539379
Moncler S.p.A.,EMEA,IQ20411534
Prada S.p.A.,EMEA,IQ7902889
Booking Holdings Inc.,N. America,IQ33254
Royal Caribbean Cruises Ltd.,N. America,IQ325643
"Betterware de México, S.A.P.I. de C.V.",N. America,IQ23033377
"El Puerto de Liverpool, S.A.B. de C.V.",N. America,IQ876930
Colruyt Group N.V.,EMEA,IQ876797
Burberry Group plc,EMEA,IQ2582196
Alibaba Group Holding Limited,APAC,IQ42083601
Selecta Group B.V.,EMEA,IQ265866702
Prosus N.V.,EMEA,IQ22355012
"BJ's Wholesale Club Holdings, Inc.",N. America,IQ249793891
adidas AG,EMEA,IQ92816
"The Andersons, Inc.",N. America,IQ364264
HanesBrands Inc.,N. America,IQ4212820
Talabat Holding plc,EMEA,IQ1854062297
BinDawood Holding Company,EMEA,IQ323343031
REWE-ZENTRALFINANZ eG,EMEA,IQ9819239
"Amazon.com, Inc.",N. America,IQ18749
Merlin Entertainments Limited,EMEA,IQ131482
"Bed Bath & Beyond, Inc.",N. America,IQ675577
"Albertsons Companies, Inc.",N. America,IQ317807696
Migros-Genossenschafts-Bund,EMEA,IQ874852
Matas A/S,EMEA,IQ5570095
"Yonghui Superstores Co., Ltd.",APAC,IQ115712249
"Yum China Holdings, Inc.",APAC,IQ318807568
"Yifeng Pharmacy Chain Co., Ltd.",APAC,IQ52770287
"Krispy Kreme, Inc.",N. America,IQ411254
Walmart Inc.,N. America,IQ313055
"Advance Auto Parts, Inc.",N. America,IQ24333
"The Home Depot, Inc.",N. America,IQ278679
"AutoZone, Inc.",N. America,IQ25307
"Bath & Body Works, Inc.",N. America,IQ285544
"NIKE, Inc.",N. America,IQ291981
Isetan Mitsukoshi Holdings Ltd.,APAC,IQ109468217
"Seven & i Holdings Co., Ltd.",APAC,IQ23740668
"Aeon Co., Ltd.",APAC,IQ874662
"J. Front Retailing Co., Ltd.",APAC,IQ876498
John Lewis Partnership plc,EMEA,IQ874389
Wm Morrison Supermarkets Limited,EMEA,IQ875491
"Sanrio Company, Ltd.",APAC,IQ876763
D-Market Elektronik Hizmetler ve Ticaret A.S.,EMEA,IQ285799345
Carrefour SA,EMEA,IQ91638
Koninklijke Ahold Delhaize N.V.,EMEA,IQ373545
Compagnie Financière Richemont SA,EMEA,IQ877159
Hermès International Société en commandite par actions,EMEA,IQ881746
CJ OLIVE YOUNG Corporation,APAC,IQ648562104
SpartanNash Company,N. America,IQ246545
Veikkaus Oy,EMEA,IQ6441756
Woolworths Group Limited,APAC,IQ874687
"Bojangles' Restaurants, Inc.",N. America,IQ25686
"Chick-fil-A, Inc.",N. America,IQ7621129
McDonald's Corporation,N. America,IQ139488
Ralph Lauren Corporation,N. America,IQ362220
PVH Corp.,N. America,IQ296568
"Tapestry, Inc.",N. America,IQ526573
Christian Dior SE,EMEA,IQ877829
Golden Goose Group S.p.A.,EMEA,IQ268829476
Haidilao International Holding Ltd.,APAC,IQ579985700
PTT Oil and Retail Business Public Company Limited,APAC,IQ654664826
Avolta AG,EMEA,IQ9003256
Majid Al Futtaim Holding LLC,EMEA,IQ22690740
"Five Below, Inc.",N. America,IQ11464323
Alimentation Couche-Tard Inc.,N. America,IQ876162
Magnum Berhad,APAC,IQ875359
The ODP Corporation,N. America,IQ32356
Flight Centre Travel Group Limited,APAC,IQ4484222
George Weston Limited,N. America,IQ715240
Loblaw Companies Limited,N. America,IQ873801
"Walgreens Boots Alliance, Inc.",N. America,IQ93624
"Sonae, SGPS, S.A.",EMEA,IQ883119
DraftKings Inc.,N. America,IQ648976269
Public Joint Stock Company Magnit,EMEA,IQ26363560
T-Gaia Corporation,APAC,IQ5532946
Kingfisher plc,EMEA,IQ875192
J Sainsbury plc,EMEA,IQ409932
Flutter Entertainment plc,N. America,IQ1303244
Sheela Foam Limited,APAC,IQ24269645
"Industria de Diseño Textil, S.A.",EMEA,IQ4392354
MGM Resorts International,N. America,IQ286798
PDS Limited,APAC,IQ225670672
"Cracker Barrel Old Country Store, Inc.",N. America,IQ264897
Starbucks Corporation,N. America,IQ34745
Jack in the Box Inc.,N. America,IQ316829
"Dave & Buster's Entertainment, Inc.",N. America,IQ127539536
Metro AG,EMEA,IQ46329052
OVS S.p.A.,EMEA,IQ30535907
Americana Restaurants International PLC,EMEA,IQ1813579989
Elior Group SA,EMEA,IQ127772
Modivo S.A.,EMEA,IQ20334263
"El Corte Inglés, S.A.",EMEA,IQ938020
Currys plc,EMEA,IQ418171
Musgrave Group plc,EMEA,IQ2461715
Inchcape plc,EMEA,IQ874071
"Organización Soriana, S. A. B. de C. V.",N. America,IQ877993
La-Z-Boy Incorporated,N. America,IQ284766
"Grupo Palacio de Hierro, S.A.B. de C.V.",N. America,IQ5491168
Eurocash S.A.,EMEA,IQ13718015
Endeavour Group Limited,APAC,IQ278180809
Wesfarmers Limited,APAC,IQ875660
Aditya Birla Fashion and Retail Limited,APAC,IQ37297765
Minor International Public Company Limited,APAC,IQ879160
"Foot Locker, Inc.",N. America,IQ315394
Swiggy Limited,APAC,IQ290334518
Lenskart Solutions Limited,APAC,IQ142328762
Dutch Bros Inc.,N. America,IQ538319234
"Macy's, Inc.",N. America,IQ318091
Target Corporation,N. America,IQ174438
"DICK'S Sporting Goods, Inc.",N. America,IQ27561
"Amadeus IT Group, S.A.",EMEA,IQ883733
Brightstar Lottery PLC,EMEA,IQ2524405
FDJ United,EMEA,IQ5505965
Lottomatica Group S.p.A.,EMEA,IQ657206722
D'Ieteren Group SA,EMEA,IQ752915
Six Flags Entertainment Corporation,N. America,IQ96760
"Casino, Guichard-Perrachon S.A.",EMEA,IQ133041
"Best Buy Co., Inc.",N. America,IQ255397
"Dollar Tree, Inc.",N. America,IQ27685
"Under Armour, Inc.",N. America,IQ8740684
"Vacasa, Inc.",N. America,IQ279703620
PT Bukalapak.com Tbk.,APAC,IQ137637879
Ace Hardware Corporation,N. America,IQ159884
"Eland Retail., Ltd.",APAC,IQ25201962
"JD.com, Inc.",APAC,IQ36273923
"Lowe's Companies, Inc.",N. America,IQ180871
Meituan,APAC,IQ114128173
Luckin Coffee Inc.,APAC,IQ570676370
"Lianhua Supermarket Holdings Co., Ltd.",APAC,IQ5886159
The Kroger Co.,N. America,IQ284342
"Shenzhen Uniconn Technology Co., Ltd.",APAC,IQ1787636317
"Jiangxi Redboard Technology Co., Ltd.",APAC,IQ119084875
"Chengdu Hongming Electronics Co., Ltd.",APAC,IQ629194409
"Jiangxi Jiangnan New Material Technology Co., Ltd.",APAC,IQ670563875
Foxway Holding AB (publ),EMEA,IQ1847261517
Sandisk Corporation,N. America,IQ1860586153
ITH Corporation,APAC,IQ1673564983
"Wuhan Xinxin Semiconductor Manufacturing Co., Ltd.",APAC,IQ45956716
CXMT Corporation,APAC,IQ694654663
Premier Energies Limited,APAC,IQ39414465
Vikram Solar Limited,APAC,IQ131754563
"Astera Labs, Inc.",N. America,IQ558258765
Socionext Inc.,APAC,IQ307584460
Waaree Energies Limited,APAC,IQ228810890
JSC Softline Trade,EMEA,IQ61142900
Rashi Peripherals Limited,APAC,IQ601058269
Bilkom Bilisim Hizmetleri A.S.,EMEA,IQ366991721
"ICkey (Shanghai) Internet and Technology Co.,Ltd.",APAC,IQ267350186
"Kuroda Group Co., Ltd.",APAC,IQ1869195690
E-Tech System Co. Ltd,APAC,IQ240977001
"Ryoyo Ryosan Holdings, Inc.",APAC,IQ1873166392
Daewon Cts Co. Ltd,APAC,IQ99717452
"PS&Marketing Co., Ltd.",APAC,IQ100849889
Bitfire Group Holdings Limited,APAC,IQ256668475
"Hanshow Technology Co., Ltd.",APAC,IQ545913734
Rigaku Holdings Corporation,APAC,IQ1852305905
"Hanwha Vision CO.,LTD",APAC,IQ1877304402
Aditya Infotech Limited,APAC,IQ59273514
Ralliant Corporation,N. America,IQ1893467247
"Shenzhen United Financial Services Group Co.,Ltd",APAC,IQ280479195
Alpha Data PJSC,EMEA,IQ307965161
"ETEVERS Co., Ltd.",APAC,IQ5632744
"Manna Corporation Co.,Ltd.",APAC,IQ1674687795
CHG-MERIDIAN AG,EMEA,IQ1518401
"CSG Digital Power Grid Research Institute Co.,Ltd.",APAC,IQ718779149
Citicorp International Limited,APAC,IQ875194
Digitide Solutions Limited,APAC,IQ1872070579
Sagility Limited,APAC,IQ1761129737
"KT Cloud Co., Ltd.",APAC,IQ1778246340
MEGAZONE CLOUD Corp.,APAC,IQ589146206
"CoreWeave, Inc.",N. America,IQ605989324
"Japan Business Systems, Inc.",APAC,IQ23185487
"Jiansu (Shanghai) Information Technology Co., Ltd",APAC,IQ1970728302
FuboTV Inc.,N. America,IQ1915189015
WEBTOON Entertainment Inc.,N. America,IQ556182014
"OneStream, Inc.",N. America,IQ422612625
"Netskope, Inc.",N. America,IQ247721839
Solera Corp.,N. America,IQ1885991894
"Shanghai Joint-Harvest YingTai Info.& Tech. Corp.,Ltd.",APAC,IQ548169424
Klook Technology Limited,APAC,IQ1969824844
"Aspen Technology, Inc.",N. America,IQ1764045729
Centurion Bidco S.p.A.,EMEA,IQ662573504
EdgeVerve Systems Limited,APAC,IQ263770565
PhonePe Limited,APAC,IQ329762867
Fractal Analytics Limited,APAC,IQ24601646
"Figma, Inc.",N. America,IQ242074090
"ServiceTitan, Inc.",N. America,IQ249092454
"Konka Group Co., Ltd.",APAC,IQ883272
Aisino Co.Ltd.,APAC,IQ5863336
"Vistance Networks, Inc.",N. America,IQ26765
"China Hualu Group Co., Ltd.",APAC,IQ49440646
"Taixing Zhiguang Environmental Protection Science & Technology Co., Ltd.",APAC,IQ324321275
"Sanken Electric Co., Ltd.",APAC,IQ876308
HannStar Display Corporation,APAC,IQ1432228
Japan Display Inc.,APAC,IQ139908804
Data#3 Limited,APAC,IQ4493395
"Catcher Technology Co., Ltd.",APAC,IQ4596653
"InfoVision Optoelectronics (Kunshan) Co., Ltd.",APAC,IQ33212987
"Shenzhen Kingdom Sci-Tech Co., Ltd",APAC,IQ12702177
Xiamen Intretech Inc.,APAC,IQ261377426
"Intops Co., Ltd.",APAC,IQ5842415
"FocalTech Systems Co., Ltd.",APAC,IQ106683684
"Tsinghua Tongfang Co., Ltd.",APAC,IQ9406299
"Suzhou Victory Precision Manufacture Co., Ltd.",APAC,IQ47943141
"Grinm Advanced Materials Co., Ltd.",APAC,IQ7715123
Nanjing Panda Electronics Company Limited,APAC,IQ5928047
"Macronix International Co., Ltd.",APAC,IQ357696
"Hitevision Co., Ltd.",APAC,IQ47837693
"Shenzhen Aisidi Co., Ltd.",APAC,IQ6470641
Inkeverse Group Limited,APAC,IQ571289420
Ju Teng International Holdings Limited,APAC,IQ24349736
"Beijing Advanced Digital Technology Co., Ltd",APAC,IQ32425177
"EGing Photovoltaic Technology Co.,Ltd.",APAC,IQ51511140
China National Software & Service Company Limited,APAC,IQ20334547
"Beijing Jingyuntong Technology Co., Ltd.",APAC,IQ54863109
Corporation NEWOPTICS,APAC,IQ49498029
Venustech Group Inc.,APAC,IQ106773053
ENNOSTAR Inc.,APAC,IQ8760370
"Himax Technologies, Inc.",APAC,IQ20344586
"TPK Holding Co., Ltd.",APAC,IQ28046936
Elite Semiconductor Microelectronics Technology Inc.,APAC,IQ9870738
"Shenzhen Deren Electronic Co., Ltd.",APAC,IQ28370495
"Compal Electronics, Inc.",APAC,IQ2482725
"Genimous Technology Co., Ltd.",APAC,IQ9220818
"Shinko Shoji Co., Ltd.",APAC,IQ875800
"Flexium Interconnect, Inc.",APAC,IQ9857862
"Elitegroup Computer Systems Co.,Ltd.",APAC,IQ108678
"Wooree Bio Co.,Ltd",APAC,IQ23144067
WIN Semiconductors Corp.,APAC,IQ2482606
Dynapack International Technology Corporation,APAC,IQ12721640
Sharp Corporation,APAC,IQ240653
Innolux Corporation,APAC,IQ7873451
"Taiwan Printed Circuit Board Techvest Co.,Ltd.",APAC,IQ20703579
ELAN Microelectronics Corporation,APAC,IQ95281
"Sunsea AIoT Technology Co., Ltd.",APAC,IQ32721899
"NETGEAR, Inc.",N. America,IQ166754
"Tsuzuki Denki Co., Ltd.",APAC,IQ876942
Kunshan Guochuang Investment Group Limited Company,APAC,IQ208295469
360 Security Technology Inc.,APAC,IQ85076655
"China Transinfo Technology Co., Ltd",APAC,IQ253550279
"Powerlogics Co., Ltd.",APAC,IQ9221328
Lava International Limited,APAC,IQ129544057
Powerchip Semiconductor Manufacturing Corp.,APAC,IQ47053882
"Cosonic Intelligent Technologies Co., Ltd.",APAC,IQ571900872
"Gemtek Technology Co., Ltd.",APAC,IQ8759996
Smart-Core Holdings Limited,APAC,IQ402820757
Angi Inc.,N. America,IQ123844
"Seoul Semiconductor Co., Ltd.",APAC,IQ9609575
"UMC Electronics Co., Ltd.",APAC,IQ5697254
Hello Group Inc.,APAC,IQ215125097
IAC Inc.,N. America,IQ654692030
"Shenzhen Das Intellitech Co., Ltd.",APAC,IQ51657460
"Caihong Display Devices Co.,Ltd.",APAC,IQ9220347
"Cetc Potevio Science&Technology Co.,Ltd.",APAC,IQ49948156
Nuvoton Technology Corporation,APAC,IQ43173730
Tieto Oyj,EMEA,IQ1034090
Novatek Microelectronics Corp.,APAC,IQ9616919
"TDG Holding Co., Ltd.",APAC,IQ12679262
ams-OSRAM AG,EMEA,IQ628413
Topsec Technologies Group Inc.,APAC,IQ40106987
"Shenzhen SDG Information Co., Ltd.",APAC,IQ5754524
"Shenzhen MTC Co., Ltd.",APAC,IQ28070348
Clevo Co.,APAC,IQ1433610
"TPV Technology Co., Ltd.",APAC,IQ11168810
Taiwan Surface Mounting Technology Corp.,APAC,IQ9532298
AUO Corporation,APAC,IQ2237606
Goldenmax International Group Ltd.,APAC,IQ30561731
"Amphenol Phoenix Co., Ltd.",APAC,IQ47770778
Microchip Technology Incorporated,N. America,IQ31500
Nan Ya Printed Circuit Board Corporation,APAC,IQ26340271
Wong's Kong King International (Holdings) Limited,APAC,IQ877176
"Maxell, Ltd.",APAC,IQ875301
Knowles Corporation,N. America,IQ247593650
"HD Hyundai Energy Solutions Co.,Ltd.",APAC,IQ421104122
Nanya Technology Corporation,APAC,IQ6314453
EIZO Corporation,APAC,IQ5490872
IPG Photonics Corporation,N. America,IQ427949
"CETC Cyberspace Security Technology Co., Ltd.",APAC,IQ47266233
Willas-Array Electronics (Holdings) Limited,APAC,IQ8333033
"Everlight Electronics Co., Ltd.",APAC,IQ3606404
Sunrex Technology Corporation,APAC,IQ110599
"Hansol Technics Co., Ltd.",APAC,IQ9637916
Fitipower Integrated Technology Inc.,APAC,IQ35245975
Aurora Corporation,APAC,IQ882496
Sun-Wa Technos Corporation,APAC,IQ6462356
Ryoden Corporation,APAC,IQ880951
Taiji Computer Corporation Limited,APAC,IQ5408345
Chipbond Technology Corporation,APAC,IQ9265417
"Jining Hi-Tech Holding Group Co., Ltd.",APAC,IQ717663481
Coretronic Corporation,APAC,IQ4596325
"Tianjin Jingwei Huikai Optoelectronic Co., Ltd.",APAC,IQ109603054
"Jiangxi Lian Chuang Optoelectronic Science And Technology Co.,lTd.",APAC,IQ6069327
Kingboard Laminates Holdings Limited,APAC,IQ30270815
Alpha Networks Inc.,APAC,IQ20332929
"Tian Jin Bohai Chemical Co.,Ltd.",APAC,IQ6070847
"LX Semicon Co., Ltd.",APAC,IQ46362487
"Holy Stone Enterprise Co.,Ltd.",APAC,IQ9834622
"Shenzhen Laibao Hi-Tech Co., Ltd.",APAC,IQ30792773
"Hakuto Co., Ltd.",APAC,IQ883213
"Japan Aviation Electronics Industry, Limited",APAC,IQ875376
DFI Inc.,APAC,IQ12720605
Guangzhou Haige Communications Group Incorporated Company,APAC,IQ47021531
Aztech Global Ltd.,APAC,IQ59500599
Nippon Chemi-Con Corporation,APAC,IQ875394
NCR Voyix Corporation,N. America,IQ169308
Zhihu Inc.,APAC,IQ706598278
"Murata Manufacturing Co., Ltd.",APAC,IQ874485
Truly International Holdings Limited,APAC,IQ877995
"China Greatwall Technology Group Co., Ltd.",APAC,IQ10015752
"Net One Systems Co., Ltd.",APAC,IQ974210
Conduent Incorporated,N. America,IQ323756013
"Tong Hsing Electronic Industries, Ltd.",APAC,IQ6512619
"BELLSYSTEM24 Holdings, Inc.",APAC,IQ259937714
"Heesung Electronics Co.,Ltd",APAC,IQ5687170
SMK Corporation,APAC,IQ875321
Primax Electronics Ltd.,APAC,IQ1001903
"Skyworth Digital Co., Ltd.",APAC,IQ37214235
"Ibiden Co.,Ltd.",APAC,IQ880425
"Insigma Technology Co., Ltd.",APAC,IQ20384654
Darwin Precisions Corporation,APAC,IQ9844076
"Shenzhen Gongjin Electronics Co., Ltd.",APAC,IQ39695898
Sitronix Technology Corporation,APAC,IQ9638168
"Shenzhen TXD Technology Co.,Ltd.",APAC,IQ272679627
"Namuga Co., Ltd.",APAC,IQ61244218
Synnex Australia Pty. Ltd.,APAC,IQ5647546
Radiant Opto-Electronics Corporation,APAC,IQ9830121
"Taiyo Yuden Co., Ltd.",APAC,IQ874346
"Eastern Communications Co.,Ltd.",APAC,IQ697863
"Simplo Technology Co., Ltd.",APAC,IQ9682605
"Foshan NationStar Optoelectronics Co.,Ltd",APAC,IQ48850154
"Wuhan P&S Information Technology Co., Ltd.",APAC,IQ117028276
D-Link Corporation,APAC,IQ108655
Greatek Electronics Inc.,APAC,IQ9682230
Acer Incorporated,APAC,IQ877313
"Shenzhen Goodix Technology Co., Ltd.",APAC,IQ145040293
NEC Networks & System Integration Corporation,APAC,IQ878698
Walsin Technology Corporation,APAC,IQ9649231
"Chin-Poon Industrial Co., Ltd.",APAC,IQ9587474
"Integrated Micro-Electronics, Inc.",APAC,IQ5462146
"Risen Energy Co.,Ltd.",APAC,IQ108811528
CammSys Corp.,APAC,IQ13174168
ChipMOS TECHNOLOGIES INC.,APAC,IQ22676462
"Wacom Co., Ltd.",APAC,IQ1432829
TXC Corporation,APAC,IQ35871
"Corsair Gaming, Inc.",N. America,IQ104422749
CAC Holdings Corporation,APAC,IQ5544962
FIH Mobile Limited,APAC,IQ13757619
"Samsung Display Co., Ltd.",APAC,IQ183955204
I-PEX Inc.,APAC,IQ5569830
"Kyoei Sangyo Co.,Ltd.",APAC,IQ882396
Wong's International Holdings Limited,APAC,IQ877984
Weibo Corporation,APAC,IQ260426678
Comba Telecom Systems Holdings Limited,APAC,IQ8188919
Pegatron Corporation,APAC,IQ44006094
"Kunshan Kersen Science & Technology Co.,Ltd.",APAC,IQ255875891
"Nippon Electric Glass Co., Ltd.",APAC,IQ875373
Ibm Korea Inc.,APAC,IQ5875171
"Chicony Electronics Co., Ltd.",APAC,IQ9845894
"XGIMI Technology Co.,Ltd.",APAC,IQ269711879
"MLS Co., Ltd.",APAC,IQ145870509
"Casio Computer Co.,Ltd.",APAC,IQ874179
Darfon Electronics Corp.,APAC,IQ22783643
"Shenzhen Yitoa Intelligent Control Co.,Ltd.",APAC,IQ60893875
Powertech Technology Inc.,APAC,IQ12721564
"Corning Precision Materials Korea Co., Ltd,",APAC,IQ5537068
"Focused Photonics (Hangzhou), Inc.",APAC,IQ53085049
Anritsu Corporation,APAC,IQ881038
"Leyard Optoelectronic Co., Ltd.",APAC,IQ128454460
Synaptics Incorporated,N. America,IQ35013
"Beijing Shiji Information Technology Co., Ltd.",APAC,IQ35854082
Winbond Electronics Corporation,APAC,IQ881592
Pan-International Industrial Corp.,APAC,IQ9845297
"Unionman Technology Co.,Ltd.",APAC,IQ79652045
Raydium Semiconductor Corporation,APAC,IQ35245578
JOYY Inc.,APAC,IQ222948413
LB Semicon Inc.,APAC,IQ99799771
"ROHM Co., Ltd.",APAC,IQ875769
"Triumph Science & Technology Co.,Ltd",APAC,IQ12936861
Kingboard Holdings Limited,APAC,IQ878425
"KAON Group Co., Ltd.",APAC,IQ23270714
Marubun Corporation,APAC,IQ883167
"Founder Technology Group Co.,Ltd.",APAC,IQ9707490
XGD Inc.,APAC,IQ112263825
"ASE Korea, Inc.",APAC,IQ5750648
"Fujian Torch Electron Technology Co., Ltd.",APAC,IQ265590032
Softchoice Corporation,N. America,IQ1542374
"State Grid Information &Telecommunication Group Co.,Ltd.",APAC,IQ145136865
MUFG Pension & Market Services Holdings Pty Limited,APAC,IQ52057931
Autohome Inc.,APAC,IQ46365772
"Beijing Zhong Ke San Huan High-Tech Co., Ltd.",APAC,IQ11115108
"SEKONIX Co., Ltd.",APAC,IQ9535679
Lotte Energy Materials Corporation,APAC,IQ5703163
Qisda Corporation,APAC,IQ882319
"Mitsubishi Research Institute, Inc.",APAC,IQ6463178
"Beijing Sinnet Technology Co.,Ltd",APAC,IQ205273645
"Ingenic Semiconductor Co.,Ltd.",APAC,IQ116056991
KOA Corporation,APAC,IQ881837
PAX Global Technology Limited,APAC,IQ116777611
China Railway Signal & Communication Corporation Limited,APAC,IQ26521190
Riso Kagaku Corporation,APAC,IQ882995
Diodes Incorporated,N. America,IQ266907
transcosmos inc.,APAC,IQ882434
"Qorvo, Inc.",N. America,IQ33821
"Digital Turbine, Inc.",N. America,IQ29032475
Canon Australia Pty. Ltd.,APAC,IQ5523062
Inari Amertron Berhad,APAC,IQ113617133
"DREAMTECH Co., Ltd.",APAC,IQ134283636
Chang Wah Electromaterials Inc.,APAC,IQ20334413
"Sonos, Inc.",N. America,IQ10654809
AsiaInfo Technologies Limited,APAC,IQ589150188
BOE Technology Group Company Limited,APAC,IQ6739788
"Methode Electronics, Inc.",N. America,IQ287585
"Daeduck Co.,Ltd.",APAC,IQ2445981
PANJIT International Inc.,APAC,IQ1433469
Ninestar Corporation,APAC,IQ260741114
Trigiant Group Limited,APAC,IQ172336186
"Shenzhen Kaifa Technology Co., Ltd.",APAC,IQ5502686
Seagate Technology Holdings plc,APAC,IQ3738520
Chinasoft International Limited,APAC,IQ8188881
Kyocera Corporation,APAC,IQ21411
"Oki Electric Industry Co., Ltd.",APAC,IQ874339
"Shinko Electric Industries Co., Ltd.",APAC,IQ5874649
"Shanghai Baosight Software Co.,Ltd.",APAC,IQ6486715
Azbil Corporation,APAC,IQ880922
"Guangdong Goworld Co., Ltd.",APAC,IQ6069245
"Partron Co., Ltd.",APAC,IQ12167727
"Elecom Co., Ltd.",APAC,IQ5547054
China Aerospace International Holdings Limited,APAC,IQ875348
Venture Corporation Limited,APAC,IQ36204
Iress Limited,APAC,IQ4493385
"Tachibana Eletech Co., Ltd.",APAC,IQ5478129
Tokyo Electron Device Limited,APAC,IQ5875019
Fujitsu Australia Limited,APAC,IQ11918565
"Guangdong Champion Asia Electronics Co.,Ltd.",APAC,IQ374016561
"Guobo Electronics Co., Ltd.",APAC,IQ323638057
"Interflex Co., Ltd.",APAC,IQ5389826
"LAC Co., Ltd.",APAC,IQ9206369
"FIC Global, Inc.",APAC,IQ20343170
"Aiphone Co.,Ltd.",APAC,IQ5545644
S.A.S. Dragon Holdings Limited,APAC,IQ4481594
Teradata Corporation,N. America,IQ97999
"GMO internet group, Inc.",APAC,IQ8581435
Rogers Corporation,N. America,IQ188099
Zyxel Group Corporation,APAC,IQ108674
Zenitron Corporation,APAC,IQ9870527
"Aichi Tokei Denki Co., Ltd.",APAC,IQ876774
Hamamatsu Photonics K.K.,APAC,IQ883530
"Wingtech Technology Co.,Ltd",APAC,IQ9794163
"Korea Circuit Co., Ltd.",APAC,IQ5569243
"Nihon Dempa Kogyo Co., Ltd.",APAC,IQ2445551
"Channel Well Technology Co.,Ltd.",APAC,IQ20849571
"Jolywood (Suzhou) Sunwatt Co.,Ltd.",APAC,IQ262752606
"MCJ Co., Ltd.",APAC,IQ10732467
"LianChuang Electronic Technology Co.,Ltd",APAC,IQ132721115
SiS International Holdings Limited,APAC,IQ876279
"DAEDUCK ELECTRONICS Co., Ltd.",APAC,IQ649836950
Vtech Holdings Limited,APAC,IQ409175
"Arisawa Mfg. Co., Ltd.",APAC,IQ883287
"LONGi Green Energy Technology Co., Ltd.",APAC,IQ112691838
"AzureWave Technologies, Inc.",APAC,IQ49932630
"JFE Systems, Inc.",APAC,IQ20501149
"Yusys Technologies Co., Ltd.",APAC,IQ412936949
Nohmi Bosai Ltd.,APAC,IQ877730
"Longshine Technology Group Co., Ltd.",APAC,IQ253295528
"Eson Precision Ind. Co., Ltd.",APAC,IQ241192127
HannStar Board Corporation,APAC,IQ10837017
Alltek Technology Corporation,APAC,IQ9682599
Synnex Technology International Corporation,APAC,IQ882379
Tomen Devices Corporation,APAC,IQ6462264
NSW Inc.,APAC,IQ884215
"OFILM Group Co., Ltd.",APAC,IQ54340220
Lite-On Technology Corporation,APAC,IQ881878
ON Semiconductor Corporation,N. America,IQ411950
ktcs corporation,APAC,IQ95149815
"ACES Electronics Co., Ltd.",APAC,IQ39130214
Karrie International Holdings Limited,APAC,IQ882718
"Rackspace Technology, Inc.",N. America,IQ428786517
"Wutong Holding Group Co., Ltd.",APAC,IQ145866797
"Promate Electronic Co.,Ltd.",APAC,IQ9516531
STMicroelectronics N.V.,EMEA,IQ138644
ITEQ Corporation,APAC,IQ12721513
TIS Inc.,APAC,IQ53337249
"China National Building Materials Technology Co.,Ltd.",APAC,IQ50307367
CMK Corporation,APAC,IQ879587
Hyosung ITX Co. Ltd,APAC,IQ35127743
"Citizen Watch Co., Ltd.",APAC,IQ874244
"Nippon Signal Co., Ltd.",APAC,IQ876090
"Shindengen Electric Manufacturing Co.,Ltd.",APAC,IQ880172
Seiko Epson Corporation,APAC,IQ3746939
PC Partner Group Limited,APAC,IQ145319805
Canon Marketing Japan Inc.,APAC,IQ876110
"Glarun Technology Co.,Ltd",APAC,IQ11381746
"Bomin Electronics Co., Ltd.",APAC,IQ117851601
Eiwa Corporation,APAC,IQ6562682
Hana Microelectronics Public Company Limited,APAC,IQ878983
"Shanghai Aiko Solar Energy Co.,Ltd.",APAC,IQ12468878
"Suzhou Chunqiu Electronic Technology Co., Ltd.",APAC,IQ252383965
"Kaga Electronics Co.,Ltd.",APAC,IQ882485
"Anhui Tatfook Technology Co., Ltd",APAC,IQ51417032
"King Yuan Electronics Co., Ltd.",APAC,IQ8225864
Nichicon Corporation,APAC,IQ881046
Dexerials Corporation,APAC,IQ883365
Esprinet S.p.A.,EMEA,IQ1038734
"ScanSource, Inc.",N. America,IQ345452
"Wuhan Guide Infrared Co., Ltd.",APAC,IQ52132440
"SK Siltron Co., Ltd.",APAC,IQ5542210
Toshiba Tec Corporation,APAC,IQ876379
"Aerospace CH UAV Co.,Ltd",APAC,IQ84547090
KCE Electronics Public Company Limited,APAC,IQ4480929
"Simmtech Holdings Co., Ltd.",APAC,IQ8642251
"Guangdong Fenghua Advanced Technology (Holding) Co., Ltd.",APAC,IQ28456
Korea ePlatform Ltd.,APAC,IQ59450501
"Yonyou Network Technology Co.,Ltd.",APAC,IQ9393549
Canon Electronics Inc.,APAC,IQ879640
Datatec Limited,EMEA,IQ884042
"Fiberhome Telecommunication Technologies Co., Ltd.",APAC,IQ5545755
Eastman Kodak Company,N. America,IQ93396
"NSFOCUS Technologies Group Co., Ltd.",APAC,IQ6513502
"Yashima Denki Co., Ltd.",APAC,IQ5491274
"CHEMTRONICS.Co.,Ltd.",APAC,IQ30566121
Hochiki Corporation,APAC,IQ874731
SIIX Corporation,APAC,IQ5525684
Xander International Corp.,APAC,IQ9845238
"Hongli Zhihui Group Co.,Ltd.",APAC,IQ102373804
"TTEC Holdings, Inc.",N. America,IQ348722
TOA Corporation  (Operating 2),APAC,IQ5510596
"EDOM Technology Co., Ltd.",APAC,IQ8422386
"Hirose Electric Co.,Ltd.",APAC,IQ875438
Alpha and Omega Semiconductor Limited,N. America,IQ7939542
VIZIO Holding Corp.,N. America,IQ27650657
Dicker Data Limited,APAC,IQ62196739
"Vishay Intertechnology, Inc.",N. America,IQ312427
"China Zhenhua (Group) Science & Technology Co., Ltd",APAC,IQ5774531
"DB HiTek CO., LTD.",APAC,IQ2482175
Unisys Corporation,N. America,IQ310310
"Global Dominion Access, S.A.",EMEA,IQ9559437
"Osaki Electric Co., Ltd.",APAC,IQ880878
"CarGurus, Inc.",N. America,IQ530130829
Hytera Communications Corporation Limited,APAC,IQ27713986
"Henan Ancai Hi-Tech Co.,Ltd",APAC,IQ5663751
BenQ Materials Corporation,APAC,IQ20342389
Hundsun Technologies Inc.,APAC,IQ9735837
"Supreme Electronics Co., Ltd.",APAC,IQ9755572
Kingsoft Cloud Holdings Limited,APAC,IQ278860821
Cognex Corporation,N. America,IQ26658
"Nagano Keiki Co., Ltd.",APAC,IQ6467844
V.S. Industry Berhad,APAC,IQ6466971
Shimadzu Corporation,APAC,IQ874513
Yageo Corporation,APAC,IQ882402
Silicon Motion Technology Corporation,APAC,IQ2672153
Serial System Ltd,APAC,IQ429707
"Tongding Interconnection Information Co., Ltd.",APAC,IQ54339963
JVCKENWOOD Corporation,APAC,IQ874677
JBCC Holdings Inc.,APAC,IQ883993
"Sichuan Changhong Electronic Holding Group Co., Ltd.",APAC,IQ5477884
Texas Instruments Incorporated,N. America,IQ140283
Oracle Corporation Japan,APAC,IQ2445980
"Sichuan Changhong Electric Co.,Ltd.",APAC,IQ5874038
"Inzi Display Co.,Ltd",APAC,IQ13175208
Ingram Micro Holding Corporation,N. America,IQ89538
"MOBASE Co.,Ltd.",APAC,IQ58137153
"Cheng Uei Precision Industry Co., Ltd.",APAC,IQ9804578
Canon Inc.,APAC,IQ195225
"Wangsu Science & Technology Co.,Ltd.",APAC,IQ69237321
"Miroku Jyoho Service Co., Ltd.",APAC,IQ883176
SenseTime Group Inc.,APAC,IQ1759576912
"ITM Semiconductor Co., Ltd.",APAC,IQ60039917
"Universal Scientific Industrial (Shanghai) Co., Ltd.",APAC,IQ46947804
TT Electronics plc,EMEA,IQ877569
"INESA (Group) Co., Ltd.",APAC,IQ41021664
"Satori Electric Co., Ltd.",APAC,IQ883444
"Diebold Nixdorf, Incorporated",N. America,IQ266767
"Eastone Century Technology Co.,Ltd.",APAC,IQ183447586
Vanguard International Semiconductor Corporation,APAC,IQ8547759
Renesas Electronics Corporation,APAC,IQ929271
"A&D HOLON Holdings Company, Limited",APAC,IQ20406276
FUJIFILM Holdings Corporation,APAC,IQ412700
Wah Lee Industrial Corporation,APAC,IQ11421218
"Tianma Microelectronics Co., Ltd.",APAC,IQ12708328
"AmTRAN Technology Co.,Ltd",APAC,IQ10453151
SiS Distribution (Thailand) Public Company Limited,APAC,IQ5773688
Trimble Inc.,N. America,IQ126411
"NetScout Systems, Inc.",N. America,IQ32039
GigaDevice Semiconductor Inc.,APAC,IQ22640790
GMI Technology Inc.,APAC,IQ20407814
TDK Corporation,APAC,IQ315963
"Yokowo Co., Ltd.",APAC,IQ883210
Changhong Jiahua Holdings Limited,APAC,IQ5687048
"Nomura Research Institute, Ltd.",APAC,IQ5472099
Glodon Company Limited,APAC,IQ84600506
SAP Australia Pty Ltd,APAC,IQ5633359
"Shanghai Hi-Tech Control System Co., Ltd",APAC,IQ38648636
Viavi Solutions Inc.,N. America,IQ96079
"Shenzhen Huaqiang Industry Co., Ltd.",APAC,IQ9663379
"China Sciences Group (Holding) Co., Ltd",APAC,IQ37804792
"Spigen Korea Co.,Ltd",APAC,IQ264441098
TKC Corporation,APAC,IQ881201
ASGN Incorporated,N. America,IQ32410
"PC Connection, Inc.",N. America,IQ380864
SKP Resources Bhd,APAC,IQ8090277
"Densan System Holdings Co., Ltd.",APAC,IQ5863104
Topcon Corporation,APAC,IQ880188
Black Box Limited,APAC,IQ876986
TCL Technology Group Corporation,APAC,IQ8743317
"Taiflex Scientific Co., Ltd.",APAC,IQ10530867
"ASE Technology Holding Co., Ltd.",APAC,IQ528312
Ribbon Communications Inc.,N. America,IQ34555
Lelon Electronics Corp.,APAC,IQ9829930
"Kyosan Electric Manufacturing Co., Ltd.",APAC,IQ878725
"Beijing Electronics Holding Co., Ltd",APAC,IQ26813442
"Hi-Think Technology,Corp.",APAC,IQ40026321
Tower Semiconductor Ltd.,EMEA,IQ331231
"Yamaichi Electronics Co.,Ltd.",APAC,IQ2445764
SigmaStar Technology Ltd.,APAC,IQ618365874
"Micro-Star International Co., Ltd.",APAC,IQ7960661
Huizhou CEE Technology Inc.,APAC,IQ118597866
"Uchida Yoko Co., Ltd.",APAC,IQ876546
"Fuso Dentsu Co., Ltd.",APAC,IQ884047
BIPROGY Inc.,APAC,IQ874228
GalaxyCore Inc.,APAC,IQ32991959
"SRA Holdings, Inc.",APAC,IQ2917501
Lattice Semiconductor Corporation,N. America,IQ284137
Q Technology (Group) Company Limited,APAC,IQ275433476
"Highbroad Advanced Material (Hefei) Co., Ltd.",APAC,IQ317383669
Uniquest Corporation,APAC,IQ6476773
Posco Dx Company Ltd.,APAC,IQ4423865
"Maruwa Co.,Ltd.",APAC,IQ6630266
SICK AG,EMEA,IQ1019235
"Ziff Davis, Inc.",N. America,IQ121509
NS Solutions Corporation,APAC,IQ1882296
Phison Electronics Corp.,APAC,IQ9220326
Realtek Semiconductor Corp.,APAC,IQ3051243
Business-intelligence of Oriental Nations Corporation Ltd.,APAC,IQ116198704
Magnecomp Precision Technology PCL,APAC,IQ881799
Tripod Technology Corporation,APAC,IQ9829898
Vontier Corporation,N. America,IQ653533044
Nepes Corporation,APAC,IQ20357171
Xerox Holdings Corporation,N. America,IQ103599
BOE HC SemiTek Corporation,APAC,IQ62659567
Sumida Corporation,APAC,IQ883792
"Newland Digital Technology Co.,Ltd.",APAC,IQ12732249
"CETC Digital Technology Co.,Ltd.",APAC,IQ20359569
"Shenzhen Microgate Technology Co., Ltd.",APAC,IQ146215422
"Kinpo Electronics, Inc.",APAC,IQ7882775
"Sinosoft Co.,Ltd",APAC,IQ47056562
"Montnets Cloud Technology Group Co., Ltd.",APAC,IQ33169116
Guangzhou Shiyuan Electronic Technology Company Limited,APAC,IQ49590057
"Beijing Join-Cheer Software Co., Ltd.",APAC,IQ61474432
"Wuhan Jingce Electronic Group Co.,Ltd",APAC,IQ254204466
Computime Group Limited,APAC,IQ29276763
Sigurd Microelectronics Corporation,APAC,IQ9754579
"LOTTE INNOVATE Co.,Ltd",APAC,IQ5458233
Ardentec Corporation,APAC,IQ20333118
"Weaver Network Technology Co., Ltd.",APAC,IQ280746379
Airoha Technology Corp.,APAC,IQ7714485
"MCNEX Co., Ltd",APAC,IQ32427965
"Iriso Electronics Co., Ltd.",APAC,IQ5722392
Infinera Corporation,N. America,IQ2527714
"Daitron Co., Ltd.",APAC,IQ5522607
Sunny Optical Technology (Group) Company Limited,APAC,IQ34703293
CoAsia Electronics Corp.,APAC,IQ11500525
"Unitech Computer Co., Ltd.",APAC,IQ7405118
"Mimaki Engineering Co., Ltd.",APAC,IQ5432927
Digital China Information Service Group Company Ltd.,APAC,IQ109314527
Muramoto Electron (Thailand) Public Company Limited,APAC,IQ4481235
Loxley Public Company Limited,APAC,IQ2482141
Flex Ltd.,N. America,IQ26510
"OPTEX GROUP Company, Limited",APAC,IQ5722715
DTS Corporation,APAC,IQ883610
CTS Corporation,N. America,IQ258010
"Transcend Information, Inc.",APAC,IQ12720797
ZTE Corporation,APAC,IQ3051118
Solutions 30 SE,EMEA,IQ25118027
Tamura Corporation,APAC,IQ877180
Formula Systems (1985) Ltd.,EMEA,IQ386267
GN Store Nord A/S,EMEA,IQ915717
Nordic Semiconductor ASA,EMEA,IQ884166
"Avary Holding(Shenzhen)Co., Limited",APAC,IQ46947791
Canadian Solar Inc.,N. America,IQ29762552
"Nihon Denkei Co.,Ltd.",APAC,IQ881244
Unitech Printed Circuit Board Corp.,APAC,IQ7914436
Lenovo (Australia & New Zealand) Pty Limited,APAC,IQ30944982
Jabil Inc.,N. America,IQ96078
Takebishi Corporation,APAC,IQ5532680
KT DS Co. Ltd,APAC,IQ100708874
"Compeq Manufacturing Co., Ltd.",APAC,IQ9429145
"Qingdao Thunderobot Technology Co.,Ltd.",APAC,IQ555371540
"Canon Korea Business Solutions Co., Ltd.",APAC,IQ5550437
"Digital China Group Co., Ltd.",APAC,IQ5914104
"Pole To Win Holdings, Inc.",APAC,IQ140716869
Forval Corporation,APAC,IQ5663259
MediaTek Inc.,APAC,IQ6043453
"Techno Horizon Co.,Ltd.",APAC,IQ127596057
"Beijing Teamsun Technology Co.,Ltd.",APAC,IQ5440090
"Advantech Co., Ltd.",APAC,IQ2432650
Malaysian Pacific Industries Berhad,APAC,IQ877218
"Getty Images Holdings, Inc.",N. America,IQ139705
"Sanshin Electronics Co., Ltd.",APAC,IQ876169
Cresco Ltd.,APAC,IQ20338463
"Shenzhen Mason Technologies Co.,Ltd",APAC,IQ111216906
"Avnet, Inc.",N. America,IQ253018
"SINBON Electronics Co., Ltd.",APAC,IQ9682610
"Unilumin Group Co., Ltd",APAC,IQ99395479
Sangfor Technologies Inc.,APAC,IQ134033443
"Cethik Group Co.,Ltd.",APAC,IQ252627338
Systena Corporation,APAC,IQ9429314
Adlink Technology Inc.,APAC,IQ8160244
"Dolby Laboratories, Inc.",N. America,IQ1560395
Global Brands Manufacture Ltd.,APAC,IQ11500578
SHINSEGAE Information & Communication Inc.,APAC,IQ5685848
"DHC Software Co.,Ltd.",APAC,IQ27941553
"Riken Keiki Co., Ltd.",APAC,IQ880430
Dentsu Soken Inc.,APAC,IQ5503659
Macnica Galaxy Inc.,APAC,IQ2482667
"Shenzhen Sunway Communication Co., Ltd.",APAC,IQ98336946
ARGO GRAPHICS Inc.,APAC,IQ884231
"eCloudvalley Digital Technology Co., Ltd.",APAC,IQ569774665
Hirose Korea Co. Ltd,APAC,IQ23221524
Sercomm Corporation,APAC,IQ7910754
"Tamron Co.,Ltd.",APAC,IQ5542560
"Guangzhou Digital Technology Group Co., Ltd.",APAC,IQ41835903
Computer Engineering & Consulting Ltd.,APAC,IQ883540
"OmniVision Integrated Circuits Group, Inc.",APAC,IQ137231025
Silicon Laboratories Inc.,N. America,IQ34345
"Orient Semiconductor Electronics, Limited",APAC,IQ704714
"Hunan Aihua Group Co., Ltd",APAC,IQ206218342
"Dynamic Holding Co., Ltd.",APAC,IQ12721435
"Sichuan Jiuzhou Electronic Co., Ltd.",APAC,IQ20359704
"HORIBA, Ltd.",APAC,IQ878774
"Zhongxingxin Telecom Co.,Ltd",APAC,IQ5875525
TomTom N.V.,EMEA,IQ7728604
China Resources Microelectronics Limited,APAC,IQ6526228
"Edifier Technology Co., Ltd.",APAC,IQ47687876
"OBIC Business Consultants Co., Ltd.",APAC,IQ2230868
"OBIC Co.,Ltd.",APAC,IQ738570
Allied Telesis Holdings K.K.,APAC,IQ1453232
"Guangzhou Sie Consulting Co., Ltd.",APAC,IQ374041699
HCL Australia Services Pty. Limited,APAC,IQ30055066
"Zhejiang Wazam New Materials Co.,LTD.",APAC,IQ49251644
Jiangsu Etern Company Limited,APAC,IQ5577533
Digiworld Corporation,APAC,IQ52037220
SVI Public Company Limited,APAC,IQ8033223
Unimicron Technology Corp.,APAC,IQ9870522
Restar Corporation,APAC,IQ881020
JEOL Ltd.,APAC,IQ877197
Atea ASA,EMEA,IQ700601
"Shenzhen Best of Best Holdings Co.,Ltd.",APAC,IQ1671510161
"Foster Electric Company, Limited",APAC,IQ883437
"Asia Optical Co., Inc.",APAC,IQ7604189
"Shanghai Awinic Technology Co.,Ltd.",APAC,IQ308187923
FIT Hon Teng Limited,APAC,IQ243395118
"Suntak Technology Co.,Ltd.",APAC,IQ206267857
Digital China Holdings Limited,APAC,IQ1241872
Renishaw plc,EMEA,IQ877706
Amano Corporation,APAC,IQ875071
"Daiwabo Holdings Co., Ltd.",APAC,IQ880893
Schott AG,EMEA,IQ433370
Yokogawa Electric Corporation,APAC,IQ875805
PT Anabatic Technologies Tbk,APAC,IQ8667834
Honeywell Co. Ltd,APAC,IQ5645468
Logicom Public Limited,EMEA,IQ20356325
Legend Holdings Corporation,APAC,IQ21787196
"Nanya New Material Technology Co.,Ltd",APAC,IQ47054127
"HAND Enterprise Solutions Co., Ltd.",APAC,IQ32341072
Tata Consultancy Services Limited,APAC,IQ6411769
"Extreme Networks, Inc.",N. America,IQ28374
"Allegro MicroSystems, Inc.",N. America,IQ4245259
Guangdong Senssun Weighing Apparatus Group Ltd.,APAC,IQ310694039
WPG Holdings Limited,APAC,IQ24624725
"Keysight Technologies, Inc.",N. America,IQ247017859
"Merry Electronics Co., Ltd.",APAC,IQ9844249
GROUPE SFPI SA,EMEA,IQ1497334
Multi-Chem Limited,APAC,IQ8087558
"Jade Bird Fire Co., Ltd.",APAC,IQ252638268
"Aoshikang Technology Co., Ltd.",APAC,IQ402922254
Keyence Corporation,APAC,IQ877026
Otsuka Corporation,APAC,IQ5871294
Google Australia Pty Ltd,APAC,IQ35932993
TE Connectivity plc,EMEA,IQ8106523
Knowit AB (publ),EMEA,IQ882078
Scanfil Oyj,EMEA,IQ139265985
Future Corporation,APAC,IQ6479362
Hibino Corporation,APAC,IQ5777393
"Littelfuse, Inc.",N. America,IQ327381
Digital Value S.p.A.,EMEA,IQ582996471
Dustin Group AB (publ),EMEA,IQ5570027
"Largan Precision Co., Ltd.",APAC,IQ2482620
"Suzhou Dongshan Precision Manufacturing Co., Ltd.",APAC,IQ49121084
ACTIA Group S.A.,EMEA,IQ522027
Cars.com Inc.,N. America,IQ7612672
Cal-Comp Electronics (Thailand) Public Company Limited,APAC,IQ5488881
Getac Holdings Corporation,APAC,IQ11381710
Speed Tech Corp.,APAC,IQ9870829
"Meiko Electronics Co., Ltd.",APAC,IQ1347813
"JCET Group Co., Ltd.",APAC,IQ5391866
SEEK Limited,APAC,IQ21922191
ALSO Holding AG,EMEA,IQ6966943
"Unigroup Guoxin Microelectronics Co., Ltd.",APAC,IQ22277502
"Dropbox, Inc.",N. America,IQ49093148
ESTec Corporation,APAC,IQ20383635
"CSG Systems International, Inc.",N. America,IQ27223
"Mitsui High-tec, Inc.",APAC,IQ880658
"Kimball Electronics, Inc.",N. America,IQ1543176
"Macnica Holdings, Inc.",APAC,IQ275361707
Inventec Corporation,APAC,IQ9638854
"Top Run Total Solution Co., Ltd",APAC,IQ330731664
S.NetSystems.Inc.,APAC,IQ5722492
Universal Display Corporation,N. America,IQ391070
AT & S Austria Technologie & Systemtechnik Aktiengesellschaft,EMEA,IQ2444485
Goertek Inc.,APAC,IQ44919095
Oracle Financial Services Software Limited,APAC,IQ678571
Tanla Platforms Limited,APAC,IQ24987537
Belden Inc.,N. America,IQ200199
"ADATA Technology Co., Ltd.",APAC,IQ8604421
"Hon Hai Precision Industry Co., Ltd.",APAC,IQ883723
IONOS Group SE,EMEA,IQ1819361719
"Itron, Inc.",N. America,IQ30323
Ai Holdings Corporation,APAC,IQ5707538
SIFLEX Company Limited.,APAC,IQ6491494
"Chongqing Chuanyi Automation Co., Ltd.",APAC,IQ46989788
INESA Intelligent Tech Inc.,APAC,IQ5498934
China Display Optoelectronics Technology Holdings Limited,APAC,IQ62102157
"Taiwan Semiconductor Co., Ltd.",APAC,IQ9844669
"VIA Technologies, Inc.",APAC,IQ679305
"Maximus, Inc.",N. America,IQ218451
EverCommerce Inc.,N. America,IQ671730212
Sopra Steria Group SA,EMEA,IQ879381
"Shenzhen Transsion Holdings Co., Ltd.",APAC,IQ546909422
"Dynamic Electronics Co., Ltd.",APAC,IQ630871607
Accenture plc,EMEA,IQ972190
Weblink International Inc.,APAC,IQ22638767
"Hisense Visual Technology Co., Ltd.",APAC,IQ5502893
ASBISc Enterprises Plc,EMEA,IQ3417965
"Blackbaud, Inc.",N. America,IQ97706
"Arlo Technologies, Inc.",N. America,IQ571928689
"Solum Co., Ltd.",APAC,IQ339918924
Check Point Software Technologies Ltd.,EMEA,IQ26399
ASUSTeK Computer Inc.,APAC,IQ25170
"NSD Co., Ltd.",APAC,IQ883112
Beyondsoft Corporation,APAC,IQ25043967
"Wolfspeed, Inc.",N. America,IQ197012
Arcadyan Technology Corporation,APAC,IQ26685342
Transcom Holding AB (publ),EMEA,IQ632353005
Unisem (M) Berhad,APAC,IQ108675
"Furuno Electric Co., Ltd.",APAC,IQ876164
CGI Inc.,N. America,IQ121289
Plexus Corp.,N. America,IQ102348
"Jiangsu Hoperun Software Co., Ltd.",APAC,IQ98639545
Lumentum Holdings Inc.,N. America,IQ272054403
Innodisk Corporation,APAC,IQ104755540
Econocom Group SE,EMEA,IQ4494496
"Advanced Energy Industries, Inc.",N. America,IQ343596
"Digiwin Co., Ltd.",APAC,IQ213735841
Capgemini SE,EMEA,IQ875817
"Beijing Ultrapower Software Co., Ltd.",APAC,IQ32589286
AB S.A.,EMEA,IQ523409
Espec Corp.,APAC,IQ880358
"SS&C Technologies Holdings, Inc.",N. America,IQ34709
Bel Fuse Inc.,N. America,IQ254235
"Cirrus Logic, Inc.",N. America,IQ26515
QUALCOMM Incorporated,N. America,IQ33493
"VeriSign, Inc.",N. America,IQ36216
"Allwinner Technology Co.,Ltd.",APAC,IQ111231759
VSTECS Holdings Limited,APAC,IQ7657321
"Shenzhen Dongyangguang Industry Co., Ltd",APAC,IQ6486700
Hexagon AB (publ),EMEA,IQ875143
VK International Public Joint-Stock Company,EMEA,IQ31315493
"Hagiwara Electric Holdings Co., Ltd.",APAC,IQ884082
"Furuya Metal Co., Ltd.",APAC,IQ5633615
Skyworth Group Limited,APAC,IQ2444555
PT Metrodata Electronics Tbk,APAC,IQ879434
"Everdisplay Optronics (Shanghai) Co., Ltd.",APAC,IQ344625789
"Shenzhen Textile (Holdings) Co., Ltd.",APAC,IQ881412
"8x8, Inc.",N. America,IQ362956
Hengxin Technology Ltd.,APAC,IQ27146691
Asseco Poland S.A.,EMEA,IQ883752
Xiaomi Corporation,APAC,IQ320396288
INFICON Holding AG,EMEA,IQ598810
Vestel Elektronik Sanayi ve Ticaret Anonim Sirketi,EMEA,IQ2920877
Taiwan Union Technology Corporation,APAC,IQ12680451
"Sanan Optoelectronics Co.,Ltd",APAC,IQ12458869
Neusoft Corporation,APAC,IQ5569976
IRICO Group New Energy Company Limited,APAC,IQ13104341
Automated Systems Holdings Limited,APAC,IQ4509288
Aubay Société Anonyme,EMEA,IQ883638
GaeaSoft Corp.,APAC,IQ9549323
"Shutterstock, Inc.",N. America,IQ23442750
Teads Holding Co.,N. America,IQ34215227
HGTECH Company Limited,APAC,IQ9649043
X-FAB Silicon Foundries SE,EMEA,IQ254496657
Dassault Systèmes SE,EMEA,IQ355361
Infineon Technologies AG,EMEA,IQ105448
DATAGROUP SE,EMEA,IQ28897332
"Goldcard Smart Group Co., Ltd.",APAC,IQ204873975
"Tianshui Huatian Technology Co., Ltd.",APAC,IQ38648678
"Shenzhen Fastprint Circuit Tech Co.,Ltd.",APAC,IQ53563298
"Seoul Viosys Co., Ltd",APAC,IQ60954642
"Shenzhen Topband Co., Ltd.",APAC,IQ34927258
"Amlogic (Shanghai) Co.,Ltd.",APAC,IQ79708925
"TTM Technologies, Inc.",N. America,IQ93196
Honeywell Automation India Limited,APAC,IQ9429953
"State Grid Information & Communication Co., Ltd.",APAC,IQ648352485
"DongGuan YuTong Optical Technology Co.,Ltd.",APAC,IQ568098482
"Huizhou Speed Wireless Technology Co.,Ltd.",APAC,IQ115477273
"Kakaku.com, Inc.",APAC,IQ20346352
Endava plc,EMEA,IQ233445314
"Chaozhou Three-Circle (Group) Co.,Ltd.",APAC,IQ47104594
"Bestlink Technologies Co.,Ltd.",APAC,IQ1673019896
Firstsource Solutions Limited,APAC,IQ3198922
Melexis NV,EMEA,IQ138639
Lectra SA,EMEA,IQ710389
"Shengyi Technology Co.,Ltd.",APAC,IQ20342647
"IReader Technology Co., Ltd.",APAC,IQ321665374
Systex Corporation,APAC,IQ9708445
IBEX Limited,N. America,IQ553841322
"Genius Electronic Optical Co.,Ltd.",APAC,IQ20849667
Magic Software Enterprises Ltd.,EMEA,IQ400873
"Foxconn Technology Co., Ltd.",APAC,IQ9898381
"Gartner, Inc.",N. America,IQ130705
"Weikeng Industrial Co., Ltd.",APAC,IQ8391276
Tata Technologies Limited,APAC,IQ7913005
Teledyne Technologies Incorporated,N. America,IQ406526
Cancom SE,EMEA,IQ141249
GDS Holdings Limited,APAC,IQ403751487
Bilibili Inc.,APAC,IQ291855394
Unisplendour Corporation Limited,APAC,IQ13558782
"VeriSilicon Microelectronics (Shanghai) Co., Ltd.",APAC,IQ8663629
"Solus Advanced Materials Co., Ltd.",APAC,IQ636449997
"China Security Co., Ltd.",APAC,IQ5852542
"Shenzhen Jufei Optoelectronics Co., Ltd.",APAC,IQ144572078
"SeeWay.ai Co., Ltd.",APAC,IQ12168226
The Sage Group plc,EMEA,IQ740253
"JA Solar Technology Co., Ltd.",APAC,IQ131361738
Nichidenbo Corporation,APAC,IQ9609707
Synnex (Thailand) Public Company Limited,APAC,IQ6490423
"Box, Inc.",N. America,IQ23245928
"Shenzhen Sunlord Electronics Co.,Ltd.",APAC,IQ34556654
Yangtze Optical Fibre And Cable Joint Stock Limited Company,APAC,IQ5579380
"Alarm.com Holdings, Inc.",N. America,IQ302151977
Addnode Group AB (publ),EMEA,IQ1027520
"Fujian Star-net Communication Co., LTD.",APAC,IQ23006745
"Guangdong Ellington Electronics Technology Co.,Ltd",APAC,IQ30466033
"Xiaomi Communications Co.,Ltd.",APAC,IQ544551448
MONY Group plc,EMEA,IQ35903582
LINK Mobility Group AS,EMEA,IQ114225200
LINK Mobility Group Holding ASA,EMEA,IQ691649379
"Tongwei Co.,Ltd",APAC,IQ9536774
Fine Al-Tech Co. Ltd,APAC,IQ95150225
Matrix IT Ltd.,EMEA,IQ385636
Vaisala Oyj,EMEA,IQ868630
"Simplex Holdings, Inc.",APAC,IQ8869058
"MK Electron Co., Ltd.",APAC,IQ2414273
Acer E-Enabling Service Business Inc.,APAC,IQ310863287
CMC Corporation,APAC,IQ50204683
"IDIS Holdings Co., Ltd.",APAC,IQ9531521
Action S.A.,EMEA,IQ28071600
Sanmina Corporation,N. America,IQ34039
"Rockchip Electronics Co., Ltd.",APAC,IQ28383258
RPSG Ventures Limited,APAC,IQ431347437
"Tangshan Haitai New Energy Technology Co.,Ltd.",APAC,IQ326759874
Taboola.com Ltd.,N. America,IQ574499639
"iFLYTEK CO.,LTD",APAC,IQ29558819
"SAMT Co., Ltd.",APAC,IQ5536765
SCSK Corporation,APAC,IQ881041
Jenoptik AG,EMEA,IQ433420
"Lotes Co., Ltd.",APAC,IQ30005231
Garmin Ltd.,EMEA,IQ598655
Codan Limited,APAC,IQ9935040
Alten S.A.,EMEA,IQ883542
"Magic Holdings Co.,Ltd",APAC,IQ228733725
Wuxi Taiji Industry Limited Corporation,APAC,IQ13338074
WNS (Holdings) Limited,APAC,IQ1907169
Yunnan Industrial Investment Holding Group Co.Ltd,APAC,IQ50243354
VSTECS Berhad,APAC,IQ36465803
"Trina Solar Co., Ltd.",APAC,IQ29211752
Capgemini Technology Services India Limited,APAC,IQ120423
Shanghai Fudan Microelectronics Group Company Limited,APAC,IQ8087567
REA Group Limited,APAC,IQ4493607
Axis AB,EMEA,IQ5854175
Semtech Corporation,N. America,IQ302594
"Daktronics, Inc.",N. America,IQ330862
"DCSI Co., Ltd.",APAC,IQ107000202
"Shenzhen Kinwong Electronic Co., Ltd.",APAC,IQ47767597
Yelp Inc.,N. America,IQ24558792
Chroma ATE Inc.,APAC,IQ7913305
Nantong Jianghai Capacitor Co. Ltd.,APAC,IQ24949623
Jaymart Group Holdings Public Company Limited,APAC,IQ23221796
"Samji Electronics Co., Ltd.",APAC,IQ2455975
"BH Co., Ltd.",APAC,IQ31293668
ePlus inc.,N. America,IQ31639
"Olympic Circuit Technology Co., Ltd",APAC,IQ98240239
Teleperformance SE,EMEA,IQ754881
Altair Engineering Inc.,N. America,IQ4787964
Snap Inc.,N. America,IQ224055283
"Auras Technology Co., Ltd.",APAC,IQ20392917
Pegasystems Inc.,N. America,IQ350216
"Senao Networks, Inc.",APAC,IQ34427875
WNC Corporation,APAC,IQ7916774
CPI Card Group Inc.,N. America,IQ1064486
"Seojin System Co.,Ltd",APAC,IQ113388955
"Ningbo Yunsheng Co., Ltd.",APAC,IQ12709389
"EPAM Systems, Inc.",N. America,IQ4773318
Midwich Group plc,EMEA,IQ333593303
Endress+Hauser AG,EMEA,IQ877139
"Yangzhou Yangjie Electronic Technology Co., Ltd.",APAC,IQ113578053
DAP Corporation,APAC,IQ20383619
"Shanghai Fortune Techgroup Co., Ltd.",APAC,IQ267944857
Mastek Limited,APAC,IQ141051
"Shenzhen Sunnypol Optoelectronics Co.,Ltd.",APAC,IQ113574617
"VNET Group, Inc.",APAC,IQ129459462
"Guangdong Kingshine Electronic Technology Co.,Ltd.",APAC,IQ649525221
"Ingdan, Inc.",APAC,IQ266671679
"Pantech C&I Co.,Ltd.",APAC,IQ705587595
"Tyler Technologies, Inc.",N. America,IQ309821
"Shanghai Belling Co., Ltd.",APAC,IQ1533297
Ennoconn Corporation,APAC,IQ99260907
"Calix, Inc.",N. America,IQ642230
"Ruijie Networks Co., Ltd.",APAC,IQ47941410
Hua Hong Semiconductor Limited,APAC,IQ23904081
"N-able, Inc.",N. America,IQ709612693
"Willfar Information Technology Co., Ltd.",APAC,IQ416360075
"Ichia Technologies, Inc.",APAC,IQ9844079
"Soop Co., Ltd.",APAC,IQ13402347
Neurones S.A.,EMEA,IQ8180641
"Ceyear Technologies Co., Ltd",APAC,IQ1680447845
"Pci Technology Group Co.,Ltd.",APAC,IQ5838539
H-Solution Corporation,APAC,IQ542032517
"TSC Auto ID Technology Co., Ltd.",APAC,IQ51150933
"Northking Information Technology Co., Ltd.",APAC,IQ49275166
"SK shieldus Co., Ltd.",APAC,IQ550580006
"Lens Technology Co., Ltd.",APAC,IQ281298395
TechMatrix Corporation,APAC,IQ1194082
"Infotmic Co.,Ltd",APAC,IQ12752613
PT Mastersystem Infotama Tbk,APAC,IQ146187834
"Kunlun Tech Co., Ltd.",APAC,IQ251960539
"Wenzhou Yihua Connector Co., Ltd.",APAC,IQ62405118
"Wuhu Token Sciences Co., Ltd.",APAC,IQ104431660
"CIG Shanghai Co., Ltd.",APAC,IQ128537744
"Shennan Circuits Co., Ltd.",APAC,IQ31334219
"Jinko Solar Co., Ltd.",APAC,IQ241906660
"Suzhou Good-Ark Electronics Co., Ltd.",APAC,IQ29788931
Lingyi iTech (Guangdong) Company,APAC,IQ532428405
"Shenzhen Tianyuan DIC Information Technology Co., Ltd.",APAC,IQ82763810
trivago N.V.,EMEA,IQ38248333
"Jonhon Optronic Technology Co., Ltd.",APAC,IQ35228182
"Commvault Systems, Inc.",N. America,IQ26789
Wix.com Ltd.,EMEA,IQ49548455
Nanjing Sunlord Electronics Corporation Ltd.,APAC,IQ109861700
Kingdee International Software Group Company Limited,APAC,IQ7652920
"DocuSign, Inc.",N. America,IQ9817309
"Electric Connector Technology Co., Ltd.",APAC,IQ127681922
Redington Limited,APAC,IQ7684346
Oracle Corporation,N. America,IQ22247
SUNeVision Holdings Ltd.,APAC,IQ2445967
TCL Electronics Holdings Limited,APAC,IQ2909294
"OSI Systems, Inc.",N. America,IQ366230
"Shenzhen Farben Information Technology Co.,Ltd.",APAC,IQ307780368
Fibocom Wireless Inc.,APAC,IQ275000958
"TaskUs, Inc.",N. America,IQ250281193
"Bentley Systems, Incorporated",N. America,IQ25514
"Delta Electronics, Inc.",APAC,IQ881594
SeSa S.p.A.,EMEA,IQ224074643
Metanet Global,APAC,IQ167445990
GFT Technologies SE,EMEA,IQ417836
"Wenzhou Hongfeng Electrical Alloy Co., Ltd.",APAC,IQ109379560
Bitdeer Technologies Group,APAC,IQ1801200348
"LiveRamp Holdings, Inc.",N. America,IQ24292
"Shanghai Longcheer Technology Co., Ltd.",APAC,IQ39421544
"Zhejiang Crystal-Optech Co., Ltd",APAC,IQ48718506
"Accelink Technologies Co,Ltd.",APAC,IQ33391541
SG Micro Corp,APAC,IQ46366337
Visionox Technology Inc.,APAC,IQ99864137
eClerx Services Limited,APAC,IQ37221720
"Q2 Holdings, Inc.",N. America,IQ44263730
Quest Holdings S.A.,EMEA,IQ1164064
"Varonis Systems, Inc.",N. America,IQ21813301
Kuaishou Technology,APAC,IQ553739886
Almaviva S.p.A.,EMEA,IQ27478970
Metaage Corporation,APAC,IQ9830137
Sinch AB (publ),EMEA,IQ312391671
Korea Holdings Inc.,APAC,IQ880086
Scout24 SE,EMEA,IQ225965284
Kontron AG,EMEA,IQ2248076
One Software Technologies Ltd,EMEA,IQ20357591
Computer Direct Group Ltd.,EMEA,IQ20383609
"GRG Banking Equipment Co., Ltd.",APAC,IQ35854008
Ubiquiti Inc.,N. America,IQ46084519
"Indra Sistemas, S.A.",EMEA,IQ883327
E Ink Holdings Inc.,APAC,IQ9933842
DB Inc.,APAC,IQ20342650
"Shenzhen Absen Optoelectronic Co.,Ltd.",APAC,IQ145675176
"Hexing Electrical Co.,Ltd.",APAC,IQ52178461
Hosiden Corporation,APAC,IQ879530
"RS Technologies Co., Ltd.",APAC,IQ145567494
Mycronic AB (publ),EMEA,IQ418425
"Qualys, Inc.",N. America,IQ125618
"Manhattan Associates, Inc.",N. America,IQ382975
"Hengdian Group DMEGC Magnetics Co., Ltd.",APAC,IQ27915266
LX Technology Group Limited,APAC,IQ1802092420
"Zhejiang Jiecang Linear Motion Technology Co.,Ltd.",APAC,IQ303560903
AAC Technologies Holdings Inc.,APAC,IQ23246399
Samart Corporation Public Company Limited,APAC,IQ4484445
"RingCentral, Inc.",N. America,IQ2398691
"Autodesk, Inc.",N. America,IQ119902
"Tongfu Microelectronics Co.,Ltd",APAC,IQ6058642
"Beijing Kingsoft Office Software, Inc.",APAC,IQ261424911
Guoguang Electric Company Limited,APAC,IQ22338267
"BlackLine, Inc.",N. America,IQ46422711
Halma plc,EMEA,IQ874804
Reply S.p.A.,EMEA,IQ1222537
"MACOM Technology Solutions Holdings, Inc.",N. America,IQ138672527
"EverQuote, Inc.",N. America,IQ182093966
Shenzhen H&T Intelligent Control Co.Ltd,APAC,IQ69058136
WITS Corp.,APAC,IQ52811361
Quanta Computer Inc.,APAC,IQ812568
"Dongguan Aohai Technology Co., Ltd.",APAC,IQ607714899
Unity Software Inc.,N. America,IQ241908542
"Jiangsu Lettall Electronic Co.,Ltd",APAC,IQ52211110
"Hengtong Optic-Electric Co., Ltd.",APAC,IQ9637462
"Unitrontech Co., Ltd.",APAC,IQ30833463
"Espressif Systems (Shanghai) Co., Ltd.",APAC,IQ283180392
Autotrader Group plc,EMEA,IQ706565
Capgemini Australia Pty Limited,APAC,IQ30515890
Ingram Micro Bilisim Sistemleri Anonim Sirketi,EMEA,IQ27571244
Hyundai Autoever Corporation,APAC,IQ212541325
Penta Teknoloji Urunleri Dagitim Ticaret A.S.,EMEA,IQ51737039
FS.COM Limited,APAC,IQ635061834
UBIVELOX Inc,APAC,IQ7848809
"Zero One Technology Co., Ltd.",APAC,IQ9870444
FPT Corporation,APAC,IQ9263360
Arabian Internet and Communication Services Company,EMEA,IQ46459394
Semiconductor Manufacturing International Corporation,APAC,IQ1379992
The Descartes Systems Group Inc.,N. America,IQ35352
Gen Digital Inc.,N. America,IQ35000
"Xiamen Faratronic Co., Ltd.",APAC,IQ9829273
Malam-Team Holdings Ltd,EMEA,IQ5554389
Microsoft New Zealand Limited,APAC,IQ23840444
Concentrix Corporation,N. America,IQ9068477
"MediaAlpha, Inc.",N. America,IQ304028580
NTT DATA Business Solutions AG,EMEA,IQ617542
"Posiflex Technology, Inc.",APAC,IQ20358445
Nexchip Semiconductor Corporation,APAC,IQ673671957
Nemetschek SE,EMEA,IQ883072
"Hangzhou Silan Microelectronics Co.,Ltd",APAC,IQ11313667
Azerion Group N.V.,EMEA,IQ611995900
Technology One Limited,APAC,IQ7655499
"Guidewire Software, Inc.",N. America,IQ2829085
Computacenter plc,EMEA,IQ26868
"Nutanix, Inc.",N. America,IQ126751161
"Fastly, Inc.",N. America,IQ144816347
Chenming Electronic Tech. Corp.,APAC,IQ9735832
"Thunder Software Technology Co.,Ltd.",APAC,IQ116198195
"Shaanxi Electronic Information Group Co., Ltd.",APAC,IQ118304405
"Hanyang Digitech Co., Ltd.",APAC,IQ20343997
Powernet Technologies Corporation,APAC,IQ5449312
"Synopsys, Inc.",N. America,IQ35028
Jadard Technology Inc.,APAC,IQ1672902759
Twilio Inc.,N. America,IQ53507768
"First Solar, Inc.",N. America,IQ4593731
"Zhuhai Jieli Technology Co., Ltd.",APAC,IQ426513733
BOE Varitronix Limited,APAC,IQ36158
Elmos Semiconductor SE,EMEA,IQ883311
"Bestechnic (Shanghai) Co., Ltd.",APAC,IQ535180301
"Badger Meter, Inc.",N. America,IQ253478
"JinkoSolar Holding Co., Ltd.",APAC,IQ49547584
"Hefei Construction Investment Holding (Group) Co., Ltd.",APAC,IQ47789983
BYD Electronic (International) Company Limited,APAC,IQ39406065
Globant S.A.,EMEA,IQ245395381
"Marvell Technology, Inc.",N. America,IQ31158
"Beijing Dahao Technology Corp.,Ltd",APAC,IQ47017144
"Tenable Holdings, Inc.",N. America,IQ369965505
"ExlService Holdings, Inc.",N. America,IQ843132
Wanka Online Inc.,APAC,IQ589474827
Info Edge (India) Limited,APAC,IQ10930183
"Foxconn Industrial Internet Co., Ltd.",APAC,IQ550706901
"MeiG Smart Technology Co., Ltd",APAC,IQ331870645
"Shenzhen KTC Technology Co., Ltd.",APAC,IQ49153300
"ShenzhenJingQuanHua Electronics Co.,Ltd.",APAC,IQ114598612
"QuinStreet, Inc.",N. America,IQ139426
"Huaqin Technology Co., Ltd.",APAC,IQ47470959
HANA Micron Inc.,APAC,IQ24270068
"ISU Petasys Co., Ltd.",APAC,IQ5663498
"Viasat, Inc.",N. America,IQ359638
Trigold Holdings Limited,APAC,IQ536415334
SHIFT Inc.,APAC,IQ172464317
"JWIPC Technology Co., Ltd.",APAC,IQ1673039388
"ADTRAN Holdings, Inc.",N. America,IQ332752
Xunlei Limited,APAC,IQ134031691
"Montage Technology Co., Ltd.",APAC,IQ703414193
"HDC Labs Co., Ltd.",APAC,IQ83969270
Lagercrantz Group AB (publ),EMEA,IQ5554522
"Itcenentec Co.,Ltd.",APAC,IQ654999
HKC Corporation Limited,APAC,IQ653528941
"Forehope Electronic (Ningbo) Co., Ltd.",APAC,IQ631508356
"InterDigital, Inc.",N. America,IQ280910
AppLovin Corporation,N. America,IQ231651802
Faraday Technology Corporation,APAC,IQ8342333
THINKWARE Corporation,APAC,IQ27164501
Appian Corporation,N. America,IQ6512739
ASMedia Technology Inc.,APAC,IQ51827233
Coherent Corp.,N. America,IQ309779
"Beijing Oriental Jicheng Co., Ltd.",APAC,IQ60865638
Future Machine Limited,APAC,IQ640186294
"Yunnan Nantian Electronics Information Co.,Ltd.",APAC,IQ5751386
"EverProX Technologies Co., Ltd.",APAC,IQ34620143
Gold Circuit Electronics Ltd.,APAC,IQ9845961
Wasion Holdings Limited,APAC,IQ24810464
Kitron ASA,EMEA,IQ1163982
Global Unichip Corp.,APAC,IQ12406859
Workiva Inc.,N. America,IQ75963230
"E2open Parent Holdings, Inc.",N. America,IQ657882688
"TOVIS Co.,Ltd",APAC,IQ7756385
"Jahwa Electronics. Co., Ltd",APAC,IQ9549245
Nagarro SE,EMEA,IQ689155829
"Jentech Precision Industrial Co., Ltd",APAC,IQ50259850
"Fortinet, Inc.",N. America,IQ2689126
Jamf Holding Corp.,N. America,IQ543630982
Inspur Digital Enterprise Technology Limited,APAC,IQ10837711
"Chenbro Micom Co., Ltd.",APAC,IQ20386835
"Mitachi Co., Ltd.",APAC,IQ9587909
Vindhya Telelinks Limited,APAC,IQ881261
Indeks Bilgisayar Sistemleri Mühendislik Sanayi ve Ticaret Anonim Sirketi,EMEA,IQ20394477
"Shanghai Shibei Hi-Tech(Group)Co.,Ltd.",APAC,IQ60956038
Topicus.com Inc.,EMEA,IQ689260713
"Tripadvisor, Inc.",N. America,IQ140233
"Shenzhen Special Economic Zone Development Group Company.,Ltd.",APAC,IQ32625588
"DigitalOcean Holdings, Inc.",N. America,IQ419283817
"Meitu, Inc.",APAC,IQ410941112
"BioSmart Co.,Ltd.",APAC,IQ13402387
"Advanced Micro Devices, Inc.",N. America,IQ168864
Taiwan Semiconductor Manufacturing Company Limited,APAC,IQ380075
Amphenol Corporation,N. America,IQ24827
Route Mobile Limited,APAC,IQ306470075
"Shenzhen JLC Technology Group Co., Ltd",APAC,IQ707382096
"GA technologies Co., Ltd.",APAC,IQ382598230
ASROCK Incorporation,APAC,IQ23737948
Scientech Corporation,APAC,IQ11609552
Softcat plc,EMEA,IQ6495276
Rambus Inc.,N. America,IQ33604
"Elite Material Co., Ltd.",APAC,IQ9845934
"Inspur Electronic Information Industry Co., Ltd.",APAC,IQ8122573
CSE Global Limited,APAC,IQ95270
Apex Ace Holding Limited,APAC,IQ554224688
"nCino, Inc.",N. America,IQ226872615
Xiamen Hongxin Electronics Technology Group Inc.,APAC,IQ115833392
Fositek Corp.,APAC,IQ690098997
AnyMind Group Inc.,APAC,IQ661332588
Kinaxis Inc.,N. America,IQ135657
adesso SE,EMEA,IQ37502306
"Suzhou SONAVOX Electronics Co.,Ltd.",APAC,IQ226142753
Celestica Inc.,N. America,IQ26238
Presight AI Holding PLC,EMEA,IQ1828590899
"Rakus Co., Ltd.",APAC,IQ79226760
MiTAC Holdings Corporation,APAC,IQ246126616
"Dynatrace, Inc.",N. America,IQ628406634
Anker Innovations Limited,APAC,IQ413674445
Persistent Systems Limited,APAC,IQ740158
"Intapp, Inc.",N. America,IQ36385735
"ITCENGLOBAL CO., Ltd.",APAC,IQ99090120
"Shandong State-owned Assets Investment Holdings Co., Ltd.",APAC,IQ53190546
Wistron Corporation,APAC,IQ2907879
KPIT Technologies Limited,APAC,IQ551104005
"Quectel Wireless Solutions Co., Ltd.",APAC,IQ130274129
Freshworks Inc.,N. America,IQ143783433
Constellation Software Inc.,N. America,IQ105057
"Dongguan Tarry Electronics Co.,Ltd",APAC,IQ378797012
"Climb Global Solutions, Inc.",N. America,IQ140282
"Monolithic Power Systems, Inc.",N. America,IQ3051626
"Suzhou Hengmingda Electronic Technology Co., Ltd.",APAC,IQ426927752
"WT Microelectronics Co., Ltd.",APAC,IQ9673403
"Wus Printed Circuit (Kunshan) Co., Ltd.",APAC,IQ83201267
"Money Forward, Inc.",APAC,IQ249080526
Team Group Inc.,APAC,IQ30424929
"Victory Giant Technology (Huizhou) Co., Ltd.",APAC,IQ127291524
"Itcencts Co.,Ltd.",APAC,IQ4037947
"SailPoint, Inc.",N. America,IQ1917238503
CAR Group Limited,APAC,IQ24404490
"King Slide Works Co., Ltd.",APAC,IQ20347197
"iSoftStone Information Technology (Group) Co., Ltd.",APAC,IQ116187993
"Giga-Byte Technology Co., Ltd.",APAC,IQ3474891
"Shengyi Electronics Co., Ltd.",APAC,IQ23019886
"Hainan Drinda New Energy Technology Co., Ltd.",APAC,IQ267609565
"Luxshare Precision Industry Co., Ltd.",APAC,IQ51705295
Delta Electronics (Thailand) Public Company Limited,APAC,IQ882013
Atlassian Corporation,APAC,IQ253891410
"GOIS Co., Ltd.",APAC,IQ98578668
"Rubrik, Inc.",N. America,IQ289284240
Ugreen Group Limited,APAC,IQ642925787
Shopify Inc.,N. America,IQ84159238
74Software,N. America,IQ23078784
JFrog Ltd.,N. America,IQ212579473
"FIT Holding Co., Ltd.",APAC,IQ53501494
"CHANGE Holdings,Inc.",APAC,IQ382863005
"Asia Vital Components Co., Ltd.",APAC,IQ9857962
"Alchip Technologies, Limited",APAC,IQ13155312
Hubei Zhongyi Technology Inc.,APAC,IQ542642024
CyberArk Software Ltd.,EMEA,IQ64782764
"Hebei Sinopack Electronic Technology Co.,Ltd.",APAC,IQ640074531
"Shenzhen Longsys Electronics Co., Ltd.",APAC,IQ98737907
"DBG Technology Co., Ltd.",APAC,IQ30391176
"AppFolio, Inc.",N. America,IQ44299616
Newborn Town Inc.,APAC,IQ647338555
Abalance Corporation,APAC,IQ141393875
Range Intelligent Computing Technology Group Company Limited,APAC,IQ128540173
"WG TECH (Jiang Xi) Co., Ltd.",APAC,IQ306481277
"Chengdu Hi-Tech Investment Group Co.,Ltd.",APAC,IQ41357456
"Konfoong Materials International Co., Ltd",APAC,IQ317118541
KTIS Corporation,APAC,IQ99325548
WiseTech Global Limited,APAC,IQ142645162
TeleChoice International Limited,APAC,IQ10945448
"MongoDB, Inc.",N. America,IQ46952162
Pagaya Technologies Ltd.,N. America,IQ716669374
Zeta Global Holdings Corp.,N. America,IQ712701220
Cicor Technologies Ltd.,EMEA,IQ26481
"Clearwater Analytics Holdings, Inc.",N. America,IQ1679676647
Palantir Technologies Inc.,N. America,IQ43580005
Delton Technology (Guangzhou) Inc.,APAC,IQ1789207930
"Riot Platforms, Inc.",N. America,IQ1532998
"Confluent, Inc.",N. America,IQ276431142
"Liberty TripAdvisor Holdings, Inc.",N. America,IQ248297931
"Smartsens Technology (Shanghai) Co., Ltd.",APAC,IQ535947737
"Xi'an NovaStar Tech Co., Ltd.",APAC,IQ410081547
"Arista Networks, Inc.",N. America,IQ33348547
Smartsheet Inc.,N. America,IQ34978780
Woowa Brothers Corp.,APAC,IQ184085312
"Braze, Inc.",N. America,IQ232496287
"Shenzhen Neoway Technology Co.,Ltd.",APAC,IQ323545305
SNS Network Technology Berhad,APAC,IQ1759821949
"Phancy Group Co., Ltd.",APAC,IQ1852744891
"Raytron Technology Co.,Ltd.",APAC,IQ569987284
"Cloudflare, Inc.",N. America,IQ81851700
EZconn Corporation,APAC,IQ12402610
"CrowdStrike Holdings, Inc.",N. America,IQ420347413
Lumine Group Inc.,N. America,IQ702575536
"BILL Holdings, Inc.",N. America,IQ37326955
"Suzhou YourBest New-type Materials Co.,Ltd.",APAC,IQ304448030
"GCL System Integration Technology Co., Ltd.",APAC,IQ47764345
"Shannon Semiconductor Technology Co.,Ltd.",APAC,IQ262628907
"Clear Secure, Inc.",N. America,IQ717692078
"Suzhou Novosense Microelectronics Co., Ltd.",APAC,IQ547127896
"Sharetronic Data Technology Co., Ltd.",APAC,IQ615625795
Accton Technology Corporation,APAC,IQ966091
"United Nova Technology Co.,Ltd.",APAC,IQ637697820
Kakao Page Corp.,APAC,IQ134044064
GitLab Inc.,N. America,IQ286753997
Snowflake Inc.,N. America,IQ275004592
monday.com Ltd.,EMEA,IQ214992529
"Shanghai Yct Electronics Group Co.,Ltd",APAC,IQ678907003
"BIWIN Storage Technology Co., Ltd.",APAC,IQ615062796
Dixon Technologies (India) Limited,APAC,IQ46057784
"Shenzhen CECport Technologies Co., Ltd.",APAC,IQ1761527320
"Asiainfo Security Technologies Co.,Ltd.",APAC,IQ707800265
Prodware S.A.,EMEA,IQ6907940
PT Len Industri (Persero),APAC,IQ79093283
Wiwynn Corporation,APAC,IQ259919316
Cowell e Holdings Inc.,APAC,IQ40371817
"Zhongji Innolight Co., Ltd.",APAC,IQ182305869
"Reddit, Inc.",N. America,IQ29927936
"Suzhou TFC Optical Communication Co., Ltd.",APAC,IQ246789734
BitFuFu Inc.,APAC,IQ1765371761
PG Electroplast Limited,APAC,IQ109132767
"CJ OliveNetworks Co., Ltd.",APAC,IQ32881345
"Hygon Information Technology Co., Ltd.",APAC,IQ651819762
"MARA Holdings, Inc.",N. America,IQ158387416
"DASAN Networks, Inc.",APAC,IQ8225553
"Super Micro Computer, Inc.",N. America,IQ6479558
ASRock Rack Incorporation,APAC,IQ629844258
"Eoptolink Technology Inc., Ltd.",APAC,IQ146106778
Kaynes Technology India Limited,APAC,IQ109463191
Horizon Robotics,APAC,IQ602298459
4iG Nyrt.,EMEA,IQ10320771
Syrma SGS Technology Limited,APAC,IQ104654077
NVIDIA Corporation,N. America,IQ32307
Cambricon Technologies Corporation Limited,APAC,IQ534782538
"Shenzhen Techwinsemi Technology Co., Ltd.",APAC,IQ717914645
NationGate Holdings Berhad,APAC,IQ1790296747
"CleanSpark, Inc.",N. America,IQ50979342
Arashi Vision Inc.,APAC,IQ331166514
HancomWITH Inc.,APAC,IQ12962026
"Emdoor Information CO.,LTD.",APAC,IQ415815599
IREN Limited,APAC,IQ706254871
"Circle Internet Group, Inc.",N. America,IQ1934984433
Immersion Corporation,N. America,IQ93473
Netcompany Group A/S,EMEA,IQ28677204
Sterlite Technologies Limited,APAC,IQ4069142
Atos SE,EMEA,IQ135285
Alphabet Inc.,N. America,IQ29096
"Pinterest, Inc.",N. America,IQ139264388
"Five9, Inc.",N. America,IQ6491418
SAP SE,EMEA,IQ126475
Visma AS,EMEA,IQ8080920
Imagine Marketing Limited,APAC,IQ561998099
Kioxia Holdings Corporation,APAC,IQ605626628
Arm Holdings plc,EMEA,IQ667281196
Fujitsu Limited,APAC,IQ394081
LY Corporation,APAC,IQ1536147
Sony Group Corporation,APAC,IQ23021
"F5, Inc.",N. America,IQ90323
"Vertex, Inc.",N. America,IQ969374
Intuit Inc.,N. America,IQ21171
Elastic N.V.,EMEA,IQ224101504
Dell Technologies Inc.,N. America,IQ266017
DXC Technology Company,N. America,IQ263093
"Kyndryl Holdings, Inc.",N. America,IQ691274020
GLOBALFOUNDRIES Inc.,N. America,IQ237245858
"Datadog, Inc.",N. America,IQ134521275
"Akamai Technologies, Inc.",N. America,IQ24522
PTC Inc.,N. America,IQ32710
"Rapid7, Inc.",N. America,IQ22790600
Darktrace Limited,EMEA,IQ246746176
Arena Bilgisayar Sanayi ve Ticaret A.S.,EMEA,IQ9637358
HCL Technologies Limited,APAC,IQ777058
Tencent Holdings Limited,APAC,IQ11042136
Apple Inc.,N. America,IQ24937
Ciena Corporation,N. America,IQ26486
"SPS Commerce, Inc.",N. America,IQ34696
LG Electronics Inc.,APAC,IQ877066
"LG CNS Co., Ltd.",APAC,IQ5875708
Lightspeed Commerce Inc.,N. America,IQ105664036
"Douzone Bizon Co., Ltd.",APAC,IQ28071616
Hyosung TNS Inc.,APAC,IQ10014894
Zebra Technologies Corporation,N. America,IQ393488
"Skyworks Solutions, Inc.",N. America,IQ1462309
NXP Semiconductors N.V.,EMEA,IQ934467
"Analog Devices, Inc.",N. America,IQ251411
"Match Group, Inc.",N. America,IQ355279
BlackBerry Limited,N. America,IQ399960
Barco NV,EMEA,IQ139126
"ACI Worldwide, Inc.",N. America,IQ35695
Adobe Inc.,N. America,IQ24321
SolarWinds Corporation,N. America,IQ10004874
NICE Ltd.,EMEA,IQ32181
Lenovo Group Limited,APAC,IQ410120
Logitech International S.A.,EMEA,IQ388005
Amdocs Limited,N. America,IQ24686
Temenos AG,EMEA,IQ1059156
Engineering Ingegneria Informatica S.p.A.,EMEA,IQ716329
Wavestone SA,EMEA,IQ4493348
TeamSystem Holding S.p.A.,EMEA,IQ750248
"Cadence Design Systems, Inc.",N. America,IQ25941
Birlasoft Limited,APAC,IQ6789549
"GoPro, Inc.",N. America,IQ113665065
"NetApp, Inc.",N. America,IQ32052
"Juniper Networks, Inc.",N. America,IQ30439
Hewlett Packard Enterprise Company,N. America,IQ273983758
"UiPath, Inc.",N. America,IQ343303132
"Workday, Inc.",N. America,IQ23815047
"SentinelOne, Inc.",N. America,IQ243722644
Open Text Corporation,N. America,IQ108839
Broadcom Inc.,N. America,IQ25016048
Vobile Group Limited,APAC,IQ546977101
"Baidu, Inc.",APAC,IQ428613
"Salesforce, Inc.",N. America,IQ122917
"Zscaler, Inc.",N. America,IQ58838228
Intel Corporation,N. America,IQ21127
Microsoft Corporation,N. America,IQ21835
Panasonic Holdings Corporation,APAC,IQ320433
NEC Corporation,APAC,IQ31934
"Konica Minolta, Inc.",APAC,IQ874289
"Brother Industries, Ltd.",APAC,IQ7686029
Nikon Corporation,APAC,IQ874168
"Ricoh Company, Ltd.",APAC,IQ408556
"Nissha Co., Ltd.",APAC,IQ880931
Elm Company,EMEA,IQ30340324
"Roper Technologies, Inc.",N. America,IQ22751
"Zoom Communications, Inc.",N. America,IQ223236753
Vusion S.A.,EMEA,IQ781197
International Business Machines Corporation,N. America,IQ112350
Xero Limited,APAC,IQ34511684
Vend Marketplaces ASA,EMEA,IQ878146
Crayon Group Holding ASA,EMEA,IQ46100086
Nokia Oyj,EMEA,IQ205573
Keywords Studios plc,EMEA,IQ241489858
SK hynix Inc.,APAC,IQ883357
Kakao Corp.,APAC,IQ139999439
Bumble Inc.,N. America,IQ331389951
Telefonaktiebolaget LM Ericsson (publ),EMEA,IQ269706
Hexaware Technologies Limited,APAC,IQ3597667
Coforge Limited,APAC,IQ10877618
CDW Corporation,N. America,IQ332700
OVH Groupe S.A.,EMEA,IQ265392789
Trend Micro Incorporated,APAC,IQ405955
Quadient S.A.,EMEA,IQ127112
"ANSYS, Inc.",N. America,IQ24893
Computershare Limited,APAC,IQ744808
Landis+Gyr Group AG,EMEA,IQ5875393
"Arrow Electronics, Inc.",N. America,IQ252150
United Microelectronics Corporation,APAC,IQ528092
"Micron Technology, Inc.",N. America,IQ289030
ZoomInfo Technologies Inc.,N. America,IQ656458081
"Sprinklr, Inc.",N. America,IQ178990399
"Palo Alto Networks, Inc.",N. America,IQ25460099
"Asana, Inc.",N. America,IQ81838153
"Okta, Inc.",N. America,IQ109373551
Samsara Inc.,N. America,IQ301743802
"Crane NXT, Co.",N. America,IQ1776508306
Tech Mahindra Limited,APAC,IQ9406148
Cognizant Technology Solutions Corporation,N. America,IQ386024
Cyient Limited,APAC,IQ1181498
Sonata Software Limited,APAC,IQ1514022
Fuji Soft Incorporated,APAC,IQ883090
"Penguin Solutions, Inc.",N. America,IQ429150870
Fair Isaac Corporation,N. America,IQ270427
"Meta Platforms, Inc.",N. America,IQ20765463
CCC Intelligent Solutions Holdings Inc.,N. America,IQ6860584
Tata Elxsi Limited,APAC,IQ882941
Buffalo Inc.,APAC,IQ877801
"Alps Alpine Co., Ltd.",APAC,IQ874575
"Broadridge Financial Solutions, Inc.",N. America,IQ1032802
NTT DATA Group Corporation,APAC,IQ881184
Spectris Limited,EMEA,IQ128363
"Cisco Systems, Inc.",N. America,IQ19691
"Everpure, Inc.",N. America,IQ111528632
TeamViewer SE,EMEA,IQ635796050
Capita plc,EMEA,IQ879402
Datacom Group Limited,APAC,IQ5711642
Infosys Limited,APAC,IQ398006
Vantiva S.A.,EMEA,IQ93471
Tuya Inc.,APAC,IQ542359809
Zensar Technologies Limited,APAC,IQ889187
SoftwareOne Holding AG,EMEA,IQ254110139
Hinduja Global Solutions Limited,APAC,IQ34512244
Corning Incorporated,N. America,IQ173840
"LG Display Co., Ltd.",APAC,IQ5471044
"Samsung SDI Co., Ltd.",APAC,IQ878475
"Samsung SDS Co., Ltd.",APAC,IQ5874655
"Samsung Electro-Mechanics Co., Ltd.",APAC,IQ879351
"Samsung Electronics Co., Ltd.",APAC,IQ91868
"LG Innotek Co., Ltd.",APAC,IQ5496341
Oxford Instruments plc,EMEA,IQ687518
Wipro Limited,APAC,IQ598611
Mphasis Limited,APAC,IQ8087491
Genpact Limited,N. America,IQ34323388
LTM Limited,APAC,IQ4440082
Bechtle AG,EMEA,IQ4975204
"Motorola Solutions, Inc.",N. America,IQ99186
"ServiceNow, Inc.",N. America,IQ22967487
Verint Systems Inc.,N. America,IQ1717518
"HubSpot, Inc.",N. America,IQ27629813
GoDaddy Inc.,N. America,IQ265777695
Verra Mobility Corporation,N. America,IQ118474533
"Telling Telecommunication Holding Co.,Ltd",APAC,IQ11369172
"Huawei Investment & Holding Co., Ltd.",APAC,IQ1259829
"Klaviyo, Inc.",N. America,IQ310103275
HP Inc.,N. America,IQ108856
Atruvia AG,EMEA,IQ5502824
Western Digital Corporation,N. America,IQ314057
"Procore Technologies, Inc.",N. America,IQ29510794
Informatica Inc.,N. America,IQ313012642
Converge Technology Solutions Corp.,N. America,IQ540369413
OMRON Corporation,APAC,IQ873778
"Insight Enterprises, Inc.",N. America,IQ336930
"Benchmark Electronics, Inc.",N. America,IQ255180
TD SYNNEX Corporation,N. America,IQ419781
Progress Software Corporation,N. America,IQ33351
"Mirion Technologies, Inc.",N. America,IQ836768
Novanta Inc.,N. America,IQ400280
LINE Plus Corporation,APAC,IQ243542466
NAVER Corporation,APAC,IQ8708896
Tongda Group Holdings Limited,APAC,IQ7658664
"Versant Media Group, Inc.",N. America,IQ1904569168
Telstra Corporation Limited,APAC,IQ1819773991
TDC NET Holding A/S,EMEA,IQ668798400
Zegona Communications plc,EMEA,IQ286757867
FiberCop S.p.A.,EMEA,IQ683529720
Cell C Holdings Limited,EMEA,IQ9535529
"Telephone and Data Systems, Inc.",N. America,IQ189539
"Lumen Technologies, Inc.",N. America,IQ260149
HFCL Limited,APAC,IQ882884
Qwest Corporation,N. America,IQ3028457
Blu Label Unlimited Group Limited,EMEA,IQ38648478
Hughes Satellite Systems Corporation,N. America,IQ132420156
e& PPF Telecom Group B.V.,EMEA,IQ538357362
Kazakhtelecom JSC,APAC,IQ9307127
"Oriental Pearl Group Co.,Ltd.",APAC,IQ6462111
SKY Perfect JSAT Corporation,APAC,IQ1549766
EchoStar Corporation,N. America,IQ38893720
DISH Network Corporation,N. America,IQ110001
DISH DBS Corporation,N. America,IQ3133155
Public Joint Stock Company Vimpel-Communications,EMEA,IQ59030580
"WideOpenWest, Inc.",N. America,IQ369346816
"Level 3 Parent, LLC",N. America,IQ30771
KDDI Corporation,APAC,IQ880023
MultiChoice Group Limited,EMEA,IQ598620176
"Consolidated Communications Holdings, Inc.",N. America,IQ2168124
Spark New Zealand Limited,APAC,IQ122668
Okinawa Cellular Telephone Company,APAC,IQ884063
"Optimum Communications, Inc.",N. America,IQ25933
"CSC Holdings, LLC",N. America,IQ3542911
IDT Corporation,N. America,IQ29731
Public Joint Stock Company MegaFon,EMEA,IQ6812056
MTN Nigeria Communications PLC,EMEA,IQ9496846
SmarTone Telecommunications Holdings Limited,APAC,IQ112388
TPG Telecom Limited,APAC,IQ11355381
Altice France Holding S.A.,EMEA,IQ247043845
Liberty Communications PR Holding LP,N. America,IQ330204436
Chorus Limited,APAC,IQ139908814
SKY Network Television Limited,APAC,IQ878506
"Grupo Televisa, S.A.B.",N. America,IQ337507
SoftBank Corp.,APAC,IQ407691
Telecom Egypt Company,EMEA,IQ13393444
Partner Communications Company Ltd.,EMEA,IQ414005
"Frontier Communications Parent, Inc.",N. America,IQ261171
B Communications Ltd.,EMEA,IQ9831178
Bezeq The Israel Telecommunication Corp. Ltd,EMEA,IQ880128
Hellenic Telecommunications Organization S.A.,EMEA,IQ393661
Singtel Optus Pty Limited,APAC,IQ784454
"Cable One, Inc.",N. America,IQ679139
KT Corporation,APAC,IQ416000
British Telecommunications plc,EMEA,IQ39347960
Altice France S.A.,EMEA,IQ651989240
"SK Broadband Co., Ltd.",APAC,IQ412410
"China Satellite Communications Co., Ltd.",APAC,IQ6563148
Singapore Telecommunications Limited,APAC,IQ112384
PT Tower Bersama Infrastructure Tbk,APAC,IQ114589905
Omani Qatari Telecommunications Company SAOG,EMEA,IQ10461398
freenet AG,EMEA,IQ884249
Mobile Telephone Networks Holdings Limited,EMEA,IQ51581882
BCE Inc.,N. America,IQ170260
LG HelloVision Corp.,APAC,IQ99861541
IHS Holding Limited,EMEA,IQ311776651
O2 Czech Republic a.s.,EMEA,IQ882889
Vodafone Idea Limited,APAC,IQ8536912
Cellcom Israel Ltd.,EMEA,IQ606333
Saskatchewan Telecommunications Holding Corporation,N. America,IQ875134
Indus Towers Limited,APAC,IQ36435064
"Chunghwa Telecom Co., Ltd.",APAC,IQ3601825
"Wasu Media Holding Co.,Ltd",APAC,IQ20344731
TalkTalk Telecom Group Limited,EMEA,IQ47128684
Cogeco Inc.,N. America,IQ874848
CITIC Telecom International Holdings Limited,APAC,IQ33302182
Cogeco Communications Inc.,N. America,IQ878615
Hutchison Telecommunications Hong Kong Holdings Limited,APAC,IQ58203425
"FreeBit Co., Ltd.",APAC,IQ3605353
Bharat Sanchar Nigam Limited,APAC,IQ8712695
Altice International S.à r.l.,EMEA,IQ217456214
EE Limited,EMEA,IQ1244168
"Wasu Digital TV Media Group Co., Ltd",APAC,IQ108900761
PT Smartfren Telecom Tbk,APAC,IQ8511121
Telefónica Deutschland Holding AG,EMEA,IQ223098738
China Tower Corporation Limited,APAC,IQ307175499
"China Bester Group Telecom Co., Ltd.",APAC,IQ529363898
1&1 AG,EMEA,IQ256329698
"CCO Holdings, LLC",N. America,IQ7653487
Tele2 AB (publ),EMEA,IQ413889
"T-Mobile USA, Inc.",N. America,IQ244872458
"KT Skylife Co., Ltd.",APAC,IQ35134224
China United Network Communications Limited,APAC,IQ5466910
Kyivstar PJSC,EMEA,IQ838291
HKT Trust and HKT Limited,APAC,IQ142664040
"GCI Liberty, Inc.",N. America,IQ3152501
China Telecom Corporation Limited,APAC,IQ3433645
United Internet AG,EMEA,IQ883050
China Unicom (Hong Kong) Limited,APAC,IQ415146
Telenet Group Holding NV,EMEA,IQ126857
Orange Brand Services Limited,EMEA,IQ27328405
Koninklijke KPN N.V.,EMEA,IQ410778
Kuwait Telecommunications Company K.S.C.P.,EMEA,IQ47578002
Internet Initiative Japan Inc.,APAC,IQ402496
eircom Holdings (Ireland) Limited,EMEA,IQ22515161
Hong Kong Telecommunications (HKT) Limited,APAC,IQ60013291
Bouygues Telecom SA,EMEA,IQ135332
"Taiwan Mobile Co., Ltd.",APAC,IQ721144
China Mobile Limited,APAC,IQ368157
Kcell Joint Stock Company,APAC,IQ25694823
Proximus PLC,EMEA,IQ876264
Elisa Oyj,EMEA,IQ1353107
TDF Infrastructure SAS,EMEA,IQ138618129
PCCW Limited,APAC,IQ107195
"Far EasTone Telecommunications Co., Ltd.",APAC,IQ1711615
Cable & Wireless Communications Limited,EMEA,IQ320832
NetLink NBN Trust,APAC,IQ530110773
Quebecor Inc.,N. America,IQ319532
Hrvatski Telekom d.d.,EMEA,IQ962864
MTN Group Limited,EMEA,IQ882701
Telekom Austria AG,EMEA,IQ645782
CETIN a.s.,EMEA,IQ286403741
Safaricom PLC,EMEA,IQ5644857
Tata Teleservices Limited,APAC,IQ3138392
PT Dayamitra Telekomunikasi Tbk.,APAC,IQ12168266
Orange Polska S.A.,EMEA,IQ883300
GTPL Hathway Limited,APAC,IQ274237027
Beyon B.S.C.,EMEA,IQ8817522
"ATN International, Inc.",N. America,IQ319384
Videotron Ltd.,N. America,IQ1589048
National Mobile Telecommunications Company K.S.C.P.,EMEA,IQ9003878
"Axtel, S.A.B. de C.V.",N. America,IQ154140
Summit Digitel Infrastructure Limited,APAC,IQ312151621
Cyfrowy Polsat S.A.,EMEA,IQ30614595
"CITIC Guoan Information Industry Co., Ltd.",APAC,IQ5411948
Vantage Towers AG,EMEA,IQ677231863
"NOS, S.G.P.S., S.A.",EMEA,IQ2313104
Airtel Africa Plc,EMEA,IQ586061012
PLT VII Finance S.à r.l.,EMEA,IQ664802663
Vodafone Czech Republic a.s.,EMEA,IQ127202
Sify Technologies Limited,APAC,IQ133103
Advanced Info Service Public Company Limited,APAC,IQ409324
PT Sarana Menara Nusantara Tbk.,APAC,IQ99201025
Emirates Integrated Telecommunications Company PJSC,EMEA,IQ26935772
Vodafone Qatar P.Q.S.C.,EMEA,IQ42649506
Advanced Wireless Network Company Limited,APAC,IQ50238349
Mobile Telecommunications Company Saudi Arabia,EMEA,IQ42466512
PT XLSMART Telecom Sejahtera Tbk,APAC,IQ766451
Magyar Telekom Távközlési Nyilvánosan Müködö Részvénytársaság,EMEA,IQ386639
Rogers Communications Inc.,N. America,IQ378755
"U-NEXT HOLDINGS Co.,Ltd.",APAC,IQ146185846
Vodacom Group Limited,EMEA,IQ6866000
Infrastrutture Wireless Italiane S.p.A.,EMEA,IQ285959709
Gamma Communications plc,EMEA,IQ23136254
PT Profesional Telekomunikasi Indonesia,APAC,IQ46506446
Mobile TeleSystems Public Joint Stock Company,EMEA,IQ527134
Iridium Communications Inc.,N. America,IQ702261
iliad SA,EMEA,IQ5398383
TIME dotCom Berhad,APAC,IQ5533955
True Corporation Public Company Limited,APAC,IQ879550
Mobile Telecommunications Company K.S.C.P.,EMEA,IQ7691727
"Teléfonos de México, S.A.B. de C.V.",N. America,IQ92122
Orange Belgium S.A.,EMEA,IQ135333
SES S.A.,EMEA,IQ618558
"Converge Information and Communications Technology Solutions, Inc.",APAC,IQ402913240
Sistema Public Joint Stock Financial Corporation,EMEA,IQ8819311
Telecom Italia Finance S.A.,EMEA,IQ20465322
Bharti Hexacom Limited,APAC,IQ12424600
Bharti Airtel Limited,APAC,IQ135466
Bandwidth Inc.,N. America,IQ1054561
PT Indosat Ooredoo Hutchison Tbk,APAC,IQ400258
"True Move H Universal Communication Co., Ltd.",APAC,IQ306355574
"Sitios Latinoamérica, S.A.B. de C.V.",N. America,IQ703997596
"Cogent Communications Holdings, Inc.",N. America,IQ97928
"Megacable Holdings, S. A. B. de C. V.",N. America,IQ38889915
MTN Uganda Limited,EMEA,IQ777331
Reliance Jio Infocomm Limited,APAC,IQ108116523
TPG Corporation Limited,APAC,IQ7687671
Digi Communications N.V.,EMEA,IQ28224119
Scancom Plc,EMEA,IQ25614046
"Operadora de Sites Mexicanos, S.A.B. de C.V.",N. America,IQ303777942
ER-Telecom Holding JSC,EMEA,IQ26014987
Helios Towers plc,EMEA,IQ82313552
"Total Play Telecomunicaciones, S.A.P.I. de C.V.",N. America,IQ222617836
Türk Telekomünikasyon Anonim Sirketi,EMEA,IQ7913392
RailTel Corporation of India Limited,APAC,IQ22341832
MAYA SAS,EMEA,IQ658351893
Aussie Broadband Limited,APAC,IQ51923263
Gogo Inc.,N. America,IQ145625476
"NTT, Inc.",APAC,IQ398118
Superloop Limited,APAC,IQ292844652
Econet Wireless Zimbabwe Limited,EMEA,IQ2446048
Bharti Telecom Limited,APAC,IQ59018757
VEON Ltd.,EMEA,IQ379316
Orange S.A.,EMEA,IQ367964
Verizon Communications Inc.,N. America,IQ415798
Vodafone Group Public Limited Company,EMEA,IQ324490
HKBN Ltd.,APAC,IQ7756157
SoftBank Group Corp.,APAC,IQ23013
Cincinnati Bell Inc.,N. America,IQ168151
AT&T Inc.,N. America,IQ100231
TELUS Corporation,N. America,IQ598689
Telenor ASA,EMEA,IQ658535
Itissalat Al-Maghrib (IAM) S.A.,EMEA,IQ4883055
LG Uplus Corp.,APAC,IQ5472053
"SK Telecom Co., Ltd.",APAC,IQ352642
Telecom Italia S.p.A.,EMEA,IQ716384
"América Móvil, S.A.B. de C.V.",N. America,IQ813607
"Cellnex Telecom, S.A.",EMEA,IQ275401287
Turkcell Iletisim Hizmetleri A.S.,EMEA,IQ527124
Telekom Malaysia Berhad,APAC,IQ877117
Celcomdigi Berhad,APAC,IQ4484556
Deutsche Telekom AG,EMEA,IQ380011
Swisscom AG,EMEA,IQ392154
Ooredoo Q.P.S.C.,EMEA,IQ10062321
"Empresas Cablevisión, S.A.B. de C.V. (Cablevisión México)",N. America,IQ4470606
Millicom International Cellular S.A.,EMEA,IQ31654
Saudi Telecom Company,EMEA,IQ6391993
Etihad Etisalat Company,EMEA,IQ22104502
Emirates Telecommunications Group Company PJSC,EMEA,IQ9004169
Oman Telecommunications Company SAOG,EMEA,IQ10165166
StarHub Ltd,APAC,IQ2264196
Axiata Group Berhad,APAC,IQ8982773
Perusahaan Perseroan (Persero) PT Telekomunikasi Indonesia Tbk,APAC,IQ400368
Comcast Corporation,N. America,IQ173341
Telia Company AB (publ),EMEA,IQ4058367
Sirius XM Holdings Inc.,N. America,IQ94238
"Charter Communications, Inc.",N. America,IQ19609
Telkom SA SOC Ltd,EMEA,IQ4398724
Tata Communications Limited,APAC,IQ526200
"NTT DOCOMO, INC.",APAC,IQ883270
Telstra Group Limited,APAC,IQ91774
Liberty Global Ltd.,N. America,IQ9956099
"Telefónica, S.A.",EMEA,IQ357076
Liberty Latin America Ltd.,N. America,IQ288966653
BT Group plc,EMEA,IQ171577
VodafoneZiggo Group B.V.,EMEA,IQ33106643
Sunrise Communications AG,EMEA,IQ282640984
"T-Mobile US, Inc.",N. America,IQ93339
Public Joint Stock Company Rostelecom,EMEA,IQ384059
Eutelsat Communications S.A.,EMEA,IQ23827425
"Globe Telecom, Inc.",APAC,IQ3560647
PLDT Inc.,APAC,IQ296642
NBN Co Limited,APAC,IQ62070321
Valterra Platinum Marketing Limited,EMEA,IQ111884197
Österreichische Gold- und Silber-Scheideanstalt Ges.m.b.H.,EMEA,IQ5458247
Bauer-Walser AG,EMEA,IQ5304521
"ISHIFUKU Metal Industry Co., Ltd.",APAC,IQ6462014
Degussa Goldhandel GmbH,EMEA,IQ216421390
Chimet S.p.A.,EMEA,IQ22614175
Egger Holzwerkstoffe Wismar GmbH & Co. Kg,EMEA,IQ22784574
"Marutama Plywood Co., Ltd.",APAC,IQ5532832
SCA Skog AB,EMEA,IQ5515858
"Nippon Paper Lumber co.,ltd.",APAC,IQ5523506
"Polus-Tec Co.,Ltd.",APAC,IQ5546390
Versowood Oy,EMEA,IQ280778269
Versowood Group Oy,EMEA,IQ38705162
Financiera Maderera S.A.,EMEA,IQ5522597
"Oji Forest & Products Co.,Ltd.",APAC,IQ5645753
"Mitsui Home Components Co., Ltd.",APAC,IQ5541053
"Chugoku Lumber Co.,Ltd.",APAC,IQ5514520
"First Wood Co., Ltd.",APAC,IQ51416104
Rettenmeier Holding AG,EMEA,IQ36420541
Stora Enso Skog AB,EMEA,IQ5492488
BSW Timber Ltd,EMEA,IQ38557236
VIDA Wood AB,EMEA,IQ46956204
Derome AB,EMEA,IQ5774414
James Jones & Sons Limited,EMEA,IQ5827811
Acek Desarrollo Y Gestion Industrial S.L.,EMEA,IQ2567629
ArcelorMittal Belval & Differdange SA,EMEA,IQ46776167
WestfÄLische Drahtindustrie GmbH,EMEA,IQ5523277
CS Wind Offshore,EMEA,IQ5456956
Compañía Española de Laminación S.L.,EMEA,IQ8968725
ArcelorMittal Gipúzkoa S.L,EMEA,IQ133021255
"RINTATSU Co., Ltd.",APAC,IQ5514777
Acciaieria Arvedi S.p.A.,EMEA,IQ9806219
EEW Special Pipe Constructions GmbH,EMEA,IQ111627123
Joris Ide NV,EMEA,IQ20933912
JFE Bars & Shapes Corporation,APAC,IQ5478912
Marcegaglia Plates S.p.A.,EMEA,IQ406832524
"Gerdau Aceros Especiales Europa, S.L.",EMEA,IQ237003425
C.D. Wälzholz GmbH & Co. KG,EMEA,IQ5554867
Butting Gruppe GmbH & Co. KG,EMEA,IQ111596427
William Hare Group Limited,EMEA,IQ5633671
"Nippon Steel Metal Products Co., Ltd.",APAC,IQ5496014
Sidenor Holdings Europa S.A.U.,EMEA,IQ780504
"SN Maia - Siderurgia Nacional, S.A.",EMEA,IQ47228350
voestalpine Tubulars GmbH & Co KG,EMEA,IQ5126588
Industeel France S.A.,EMEA,IQ6463002
Badische Stahlwerke GmbH,EMEA,IQ278666036
Zapp AG,EMEA,IQ6463536
Voestalpine Steel & Service Center GmbH,EMEA,IQ49495906
Bamesa Aceros S.L.,EMEA,IQ22386476
Marcegaglia Carbon Steel S.p.A.,EMEA,IQ315390644
Hierros Anon SA,EMEA,IQ30966938
Marcegaglia Specialties Spa,EMEA,IQ366167945
CRONIMET Holding GmbH,EMEA,IQ5531964
EUROPIPE GmbH,EMEA,IQ5502501
Lucchini RS S.p.A.,EMEA,IQ26554266
"Bipadosa, S.A.",EMEA,IQ7916149
Voestalpine Stahl GmbH,EMEA,IQ32875665
Acciaierie Valbruna S.p.a.,EMEA,IQ5522068
ThyssenKrupp Acciai Speciali Terni S.p.A.,EMEA,IQ5478187
Padana Tubi & Profilati Acciaio S.p.A.,EMEA,IQ22614568
"Nansei Steel Co., Ltd.",APAC,IQ1847742836
BGH Edelstahlwerke Gmbh,EMEA,IQ9804863
Ferriere Nord SpA,EMEA,IQ8141887
G.I.V.A. Spa,EMEA,IQ111797145
"Nisshin A&C Co.,Ltd.",APAC,IQ5577187
NAKAGAWA SPECIAL STEEL INC.,APAC,IQ5557498
"NIPPON STEEL & SUMIKIN SLAG PRODUCTS CO.,LTD.",APAC,IQ305673300
Pampus Industriebeteiligungen GmbH & Co. KG,EMEA,IQ8225752
Industeel Belgium SA/NV,EMEA,IQ5525577
NLMK Sales Europe S.A.,EMEA,IQ276811226
"Nippon Steel Processing Co., Ltd.",APAC,IQ5721137
"Tsukiboshi Shoji Co., Ltd.",APAC,IQ5502911
Metalúrgica Galaica S.A.,EMEA,IQ5539168
"NSM Coil Center Co., Ltd.",APAC,IQ6153403
Arcelormittal Commercial Spain Sl.,EMEA,IQ53000436
Mitsubishi Steel Muroran Inc.,APAC,IQ5542312
"Steel Center Co., Ltd.",APAC,IQ5519067
"The Sangyo Shinko Co.,Ltd.",APAC,IQ5885827
Acciaierie Venete s.p.a.,EMEA,IQ5552981
Ugitech SA,EMEA,IQ26321487
ArcelorMittal CLN Distribuzione Italia srl,EMEA,IQ320175732
"Network Steel Resources, S.A.",EMEA,IQ421602264
Metal One Specialty Steel Corporation,APAC,IQ5581548
KERN LIEBERS GmbH & Co KG,EMEA,IQ5646713
"SN Seixal - Siderurgia Nacional, S.A.",EMEA,IQ34432889
NLMK DanSteel A/S,EMEA,IQ875203
ROGESA Roheisen- und Rohstoffgesellschaft Saar mbH,EMEA,IQ5303223
AM Mining SA,EMEA,IQ254264147
Compagnia Siderurgica Italiana S.P.A.,EMEA,IQ560900052
Aperam Stainless Services & Solutions Germany GmbH,EMEA,IQ5533844
Hokkai Iron & Coke Corporation,APAC,IQ5536179
AM InvestCo Italy S.P.A.,EMEA,IQ591730970
Acciaierie Bertoli Safau S.p.A.,EMEA,IQ12454375
Cogne Acciai Speciali S.p.a.,EMEA,IQ5545582
Marubeni-Itochu Steel Inc.,APAC,IQ6561812
Duferco Italia Holding S.P.A.,EMEA,IQ7910331
Hüttenwerke Krupp Mannesmann Gesellschaft Mit Beschränkter Haftung,EMEA,IQ5478607
ALFA ACCIAI S.P.A.,EMEA,IQ8141682
Riva Acier S.A.,EMEA,IQ5542420
ArcelorMittal - Stainless Europe,EMEA,IQ12867479
Duferco Travi e Profilati S.p.A.,EMEA,IQ22637567
Outokumpu Stainless Oy,EMEA,IQ6447063
CSN Steel S.L.U.,EMEA,IQ165631112
Feralpi Siderurgica S.p.A.,EMEA,IQ22615369
Arcelormittal Eisenhüttenstadt GmbH,EMEA,IQ5481931
Aperam Stainless Belgium N.V.,EMEA,IQ5489493
Deutsche Edelstahlwerke Services GmbH,EMEA,IQ413698487
AFV Acciaierie Beltrame S.p.A.,EMEA,IQ7263395
ArcelorMittal Bremen GmbH,EMEA,IQ5874692
ArcelorMittal Mediterranee SASU,EMEA,IQ6561939
STAHLWERK Thüringen GmbH,EMEA,IQ5533252
Wuppermann AG,EMEA,IQ12825637
Outokumpu Stainless AB,EMEA,IQ223987077
Finarvedi S.p.A.,EMEA,IQ12916452
Autoliv B.V. & Co. Kg,EMEA,IQ5491432
"Violas - Sociedade Gestora De ParticipaÇoes Sociais, S.a.",EMEA,IQ12929878
ERWO Holding AG,EMEA,IQ12827424
"Caitac Family, Inc.",APAC,IQ5647886
"TAKISADA-NAGOYA Co., Ltd.",APAC,IQ5484676
Miroglio S.p.A.,EMEA,IQ5490888
INVISTA Textiles (U.K.) Ltd,EMEA,IQ45729096
Sappi Austria Produktions-GmbH & Co. KG,EMEA,IQ6562060
Smurfit Kappa Kraftliner Piteå Aktiebolag,EMEA,IQ22614002
"Navigator Pulp Figueira, S.A.",EMEA,IQ222712400
Sofidel UK Limited,EMEA,IQ5598873
Deutsche Benkert GmbH & Co. Kg,EMEA,IQ46332082
Mercer Stendal GmbH,EMEA,IQ27421922
SCA Massa AB,EMEA,IQ5491502
S.A Industrias Celulosa Aragonesa,EMEA,IQ892131
"About the Future - Empresa Produtora de Papel, S.A.",EMEA,IQ61704986
"Oji Specialty paper Co., Ltd.",APAC,IQ5600581
"Hokuetsu Paper Sales Co., Ltd.",APAC,IQ224528094
Henderson Retail Ltd,EMEA,IQ5604286
BillerudKorsnäs Sweden AB,EMEA,IQ260704639
"Oji Nepia Co., Ltd.",APAC,IQ61411393
Stora Enso International Oy,EMEA,IQ594014405
Nordland Papier GmbH,EMEA,IQ5481764
JH-Holding GmbH,EMEA,IQ129778100
"Torraspapel, S.A.",EMEA,IQ140662
Metsä Fibre Oy,EMEA,IQ877040
LiVE MAX Inc.,APAC,IQ83730743
Meitetsu Real Estate Development Co.Ltd.,APAC,IQ5536835
Münchner Wohnen GmbH,EMEA,IQ114821487
"Nomura Real Estate Development Co., Ltd.",APAC,IQ6561887
Bl Chess Limited,EMEA,IQ610189559
"Fomento Urbano De Castellon, S.L.",EMEA,IQ45121428
Fs Sistemi Urbani Srl,EMEA,IQ195629362
"Haseko Real Estate Development, Inc.",APAC,IQ693812380
"Nippon Steel Kowa Real Estate Co., Ltd.",APAC,IQ26465360
Sohgoh Real Estate Co. Ltd.,APAC,IQ26024287
St William Homes LLP,EMEA,IQ276289687
"Toshin Development Co., Ltd.",APAC,IQ5577202
"Taisei-Yuraku Real Estate Co.,Ltd.",APAC,IQ5542488
"Marimo Co., Ltd.",APAC,IQ5388579
I.M. Group Limited,EMEA,IQ22613844
Berkeley Homes Public Limited Company,EMEA,IQ26021183
Mcaleer & Rushe Contracts Uk Limited,EMEA,IQ253290435
Crest Nicholson Operations Limited,EMEA,IQ5495422
SRV Rakennus Oy,EMEA,IQ23298578
Lomafin - Sicuritalia Group Holding S.P.A. In Breve Anche Lomafin Sgh S.P.A.,EMEA,IQ407711860
Hardwicke Investments Limited,EMEA,IQ111598011
Lend Lease Europe Holdings Limited,EMEA,IQ22516015
Bouygues Immobilier SA,EMEA,IQ5498925
"Eastern Car Liner, Ltd.",APAC,IQ6462880
BBC Chartering Carriers GmbH & Co. KG,EMEA,IQ281127367
Hutchison Ports (UK) Ltd.,EMEA,IQ5523284
Stadtwerke Koblenz Gesellschaft Mit Beschränkter Haftung,EMEA,IQ7904486
"K Line RoRo Bulk Ship Management Co., Ltd.",APAC,IQ5663274
Fratelli Cosulich S.p.A.,EMEA,IQ46369093
Haven van Antwerpen-Brugge NV,EMEA,IQ5908641
Peel Ports Group Limited,EMEA,IQ47126705
ABPA Holdings Ltd,EMEA,IQ222476706
Crown Package Co. Ltd,APAC,IQ5555055
Smurfit Kappa Italia S.p.A.,EMEA,IQ22817690
Hamburger Rieger GmbH,EMEA,IQ27273560
"Tokan Kogyo Co., Ltd.",APAC,IQ22547597
Nihon Tetra Pak K.K.,APAC,IQ5522543
DS Smith Packaging Italia S.p.A.,EMEA,IQ22613683
"Futamura Chemical Co., Ltd.",APAC,IQ5507378
"Hinojosa Packaging, S.L.U.",EMEA,IQ5452945
Sig Combibloc GmbH,EMEA,IQ22534311
SCA Munksund AB,EMEA,IQ5526053
"Nippon Tokan Package CO.,LTD",APAC,IQ26465744
"Daishowa Paper Products Co., Ltd.",APAC,IQ5521390
Smurfit Kappa France SAS,EMEA,IQ286500563
Laninver S.H.C. S.L.,EMEA,IQ113925776
Smurfit Westrock UK Limited,EMEA,IQ5882334
Leipa Georg Leinfelder GmbH,EMEA,IQ414508469
"DNP Technopack Co., Ltd.",APAC,IQ6462798
DS Smith Packaging Limited,EMEA,IQ29455251
Smurfit Kappa Deutschland GmbH,EMEA,IQ12785831
Stora Enso AB,EMEA,IQ42465908
Wihuri International Oy,EMEA,IQ223302119
DHL Air Limited,EMEA,IQ47136466
DPD France SAS,EMEA,IQ25934475
Logwin Air + Ocean Deutschland GmbH,EMEA,IQ59707272
Panalpina Welttransport (Deutschland) GmbH,EMEA,IQ5481087
Posti Oy,EMEA,IQ118151013
"Seino Super Express Co., Ltd.",APAC,IQ285559486
DHL International Express (France) SAS,EMEA,IQ5886167
Heppner Société de Transports S.A.S.,EMEA,IQ5885926
GLOVIS Europe GMBH,EMEA,IQ47611783
L.I.T. AG,EMEA,IQ117271334
MD Logis Corporation,APAC,IQ5490855
FedEx Express FR SAS,EMEA,IQ7867034
"Otsuka Warehouse Co., Ltd.",APAC,IQ3428751
C.E. Noerpel GmbH & Co. Projekt-Logistik KG,EMEA,IQ269853340
DHL Global Forwarding (Italy) S.p.A,EMEA,IQ5490556
Dachser France SAS,EMEA,IQ26414052
Nagel-Group SE & Co. KG,EMEA,IQ111616794
Komatsu Logistics Corp.,APAC,IQ5524551
DPDgroup UK Ltd.,EMEA,IQ5554939
Id Logistics France,EMEA,IQ317650007
BwFuhrparkService GmbH,EMEA,IQ23063896
DFDS Transport (UK) Ltd.,EMEA,IQ6477361
STEF Iberia S.A.,EMEA,IQ58666264
"Nippon Cargo Airlines Co., Ltd.",APAC,IQ5490263
Great Bear Distribution Limited,EMEA,IQ11189108
DSV Air & Sea A/S,EMEA,IQ5885231
Maritime Group Ltd.,EMEA,IQ23271683
DPD Local UK Limited,EMEA,IQ5646536
"Ontime Corporate Union, S.A.",EMEA,IQ551473427
DHL Global Forwarding (UK) Limited,EMEA,IQ38043381
FedEx Express UK Transportation Limited,EMEA,IQ5478343
Cat France,EMEA,IQ26722327
"United Parcel Service Italia, S.R.L.",EMEA,IQ5547156
Evri Limited,EMEA,IQ5534773
Swire Shipping Pte. Ltd.,EMEA,IQ607510539
Schenker Italiana S.p.A.,EMEA,IQ5886408
U. Del Corona & Scardigli Srl,EMEA,IQ23378874
DHL International (UK) Limited,EMEA,IQ5496340
Turners (Soham) Holdings Ltd,EMEA,IQ253278071
ITT Italia S.r.l.,EMEA,IQ7902112
United Parcel Service France S.N.C.,EMEA,IQ5547294
Honda Motor Europe Logistics NV (Operating Subsidiary 2),EMEA,IQ5499093
Honda Motor Europe Logistics NV (Operating Subsidiary 1),EMEA,IQ286514884
FBH S.p.A.,EMEA,IQ206633921
Bulgari Ireland Ltd.,EMEA,IQ62035809
"Compañía de Distribución Integral Logista, S.A.U.",EMEA,IQ266065083
Boluda Towage France,EMEA,IQ707036723
"Suzuyo & Co., Ltd.",APAC,IQ6562105
"Yamato Global Express Co., Ltd.",APAC,IQ49678310
"Kuehne & Nagel, S.A. Unipersonal",EMEA,IQ46896518
a. hartrodt (GmbH & Co) KG,EMEA,IQ5647227
Ntt Logisco Inc.,APAC,IQ5525498
FRANCO VAGO S.p.A.,EMEA,IQ5375716
"KOBELCO LOGISTICS, LTD.",APAC,IQ5523363
Eddie Stobart Limited,EMEA,IQ49209091
ND Logistics SAS,EMEA,IQ5546163
Schenker Oy,EMEA,IQ5548009
"SGH Global Japan Co., Ltd.",APAC,IQ5687334
"Bridgestone Logistics Co., Ltd.",APAC,IQ5522534
CEVA Logistics Limited,EMEA,IQ6464882
Kuehne + Nagel Srl,EMEA,IQ22728877
"Seino Transportation Co., Ltd.",APAC,IQ381870121
"Telefónica Servicios Integrales de Distribución, S.A.U.",EMEA,IQ22970032
Asko Hedmark AS,EMEA,IQ22709839
"Ricoh Logistics System Co., Ltd.",APAC,IQ5885253
Challenge Group Holdings Limited,EMEA,IQ585107202
SBS Toshiba Logistics Corporation,APAC,IQ5875003
Amazon Road Transport Spain Slu,EMEA,IQ673407252
Asko Øst As,EMEA,IQ22615489
"F-LINE Co., Ltd.",APAC,IQ5498738
UPS Europe SPRL/BVBA,EMEA,IQ8754953
ASL Airlines Belgium,EMEA,IQ23077087
"Nittsu Panasonic Logistics Co.,Ltd.",APAC,IQ5491043
JAS Jet Air Service SPA,EMEA,IQ5606958
Kuehne + Nagel Nv,EMEA,IQ30585552
P&O Ferrymasters Limited,EMEA,IQ5498794
"Havi Logistics FSL, S.L.U.",EMEA,IQ5632528
Asko Midt-Norge AS,EMEA,IQ5601569
Honshu-Shikoku Bridge Expressway Company Limited,APAC,IQ46894650
Meyer Quick Service Logistics GmbH & Co. Kg,EMEA,IQ144831631
SHARP JUSDA Logistics Corporation,APAC,IQ432048997
"NX SHOJI CO., LTD.",APAC,IQ5870930
S.A.S.U Mondial Relay,EMEA,IQ5843779
General Logistics Systems France SAS,EMEA,IQ5549931
"Asahi Logistics Co., Ltd. (Operating)",APAC,IQ5544959
Amazon France Transport Sas,EMEA,IQ581493310
"Seur Geopost, S.L.",EMEA,IQ41334485
Beiersdorf Customer Supply GmbH,EMEA,IQ83287025
Tankers (Uk) Agencies Limited,EMEA,IQ47634683
Amazon Italia Transport Srl,EMEA,IQ583747525
Ceva Logistics Ground & Rail France,EMEA,IQ404451000
Röhlig Logistics GmbH & Co. KG,EMEA,IQ1834638
General Logistics Systems Enterprise Srl,EMEA,IQ45986922
"Nihonsangyo Co.,Ltd.",APAC,IQ1887792515
Arcese S.p.A.,EMEA,IQ254917654
St Shipping And Transport Pte. Ltd.,EMEA,IQ585109376
Tnt Global Express S.R.L.,EMEA,IQ22595322
"Fashion Logistic Forwarders, S.A.",EMEA,IQ113519186
Arianna 2001 Spa,EMEA,IQ46399328
Martin-Brower France Sas,EMEA,IQ5499078
BRT S.p.A.,EMEA,IQ22580211
Yodel Delivery Network Limited,EMEA,IQ45759362
DPD Deutschland GmbH,EMEA,IQ282931925
"Yamato Transport Co., Ltd.",APAC,IQ33056445
"Sociedad Estatal Correos y Telegrafos, SA",EMEA,IQ5490974
Amazon Italia Logistica Srl,EMEA,IQ222584969
MOSOLF SE & Co. KG,EMEA,IQ5531228
Brother International Europe Limited,EMEA,IQ5491732
trans-o-flex Express GmbH & Co. KGaA,EMEA,IQ5885425
Whistl UK Limited,EMEA,IQ27265337
FIEGE Logistik Stiftung & Co. KG,EMEA,IQ5545340
Ups Limited,EMEA,IQ5508108
"Lexzau, Scharbau GmbH & Co. KG",EMEA,IQ5556607
AeroLogic GmbH,EMEA,IQ42409154
Hellmann Worldwide Logistics SE & Co. KG,EMEA,IQ5522785
"Tajima Roofing Co., Ltd.",APAC,IQ6463200
"Votorantim Cimentos EAA Inversiones, S.L.",EMEA,IQ275402402
FP McCann Limited,EMEA,IQ23184965
Pilkington Technology Management Limited,EMEA,IQ5919753
"Yoshino Gypsum Co.,Ltd",APAC,IQ5486919
SCHWENK Zement GmbH & Co. KG,EMEA,IQ24248680
Fassa Srl,EMEA,IQ22686139
"JFE Mineral Co., Ltd.",APAC,IQ5542218
Cemex UK Operations Limited,EMEA,IQ5477851
Bernhard Gluck Kies-Sand-Hartsteinsplitt GmbH,EMEA,IQ250442432
Ciments Calcia S.A.,EMEA,IQ5491651
LafargeHolcim Ciments S.A.,EMEA,IQ684683217
"Yamaichi Kosan Co.,Ltd.",APAC,IQ5503737
Refratechnik Holding GmbH,EMEA,IQ22687715
Glas Trösch Euroholding Ag & Co. Kgaa,EMEA,IQ22687424
Kemmler Baustoffe GmbH (Tuebingen),EMEA,IQ46295953
Breedon Southern Limited,EMEA,IQ30833528
Nangoku Corporation,APAC,IQ5486943
Pilkington Italia SpA,EMEA,IQ5523445
Bygma A/S,EMEA,IQ5532778
Mitsubishi UBE Cement Corporation,APAC,IQ1777224658
AGC Automotive Europe S.A.,EMEA,IQ5554405
Lafarge Betons France,EMEA,IQ22474592
Aggregate Industries UK Limited,EMEA,IQ22516376
Gebr. Knauf KG,EMEA,IQ12825912
Toppan Package Products Inc.,APAC,IQ226520793
Istituto Poligrafico e Zecca dello Stato S.p.A.,EMEA,IQ8141681
National Printing Bureau,APAC,IQ26024340
"Toppan Forms Central Products Co., Ltd.",APAC,IQ278322319
"Sagawa Printing Co., Ltd.",APAC,IQ5519054
Walstead Group Limited,EMEA,IQ593339622
AGCO GmbH,EMEA,IQ5492393
KUHN S.A.,EMEA,IQ5549265
CNH Industrial Österreich GmbH,EMEA,IQ256564668
GRIMME Landmaschinenfabrik GmbH & Co. KG,EMEA,IQ5302704
Argo Tractors S.p.A.,EMEA,IQ1820103
SDF S.p.A.,EMEA,IQ7885602
Argo S.p.A.,EMEA,IQ7713910
Väderstad Holding AB,EMEA,IQ5455687
PÖTTINGER Landtechnik GmbH,EMEA,IQ5638370
"Yanmar Agri Co., Ltd.",APAC,IQ5432935
CLAAS France S.A.S,EMEA,IQ6562802
Mole Valley Farmers Ltd.,EMEA,IQ5632679
SAME DEUTZ-FAHR Italia S.p.A.,EMEA,IQ5502881
CNH Industrial Belgium,EMEA,IQ256493119
HORSCH Maschinen GmbH,EMEA,IQ46480642
Same Deutz-Fahr Deutschland GmbH,EMEA,IQ5528826
Friul Intagli Industries S.p.A.,EMEA,IQ5825041
Hunter Douglas Industries B.V.,EMEA,IQ12870388
Polypipe Limited,EMEA,IQ111521198
"Kirii Construction Materials Co., Ltd.",APAC,IQ5538666
Saint-Gobain Construction Products UK Ltd,EMEA,IQ5491490
Asahi Kasei Construction Materials Corporation,APAC,IQ30963666
Saint-Gobain ISOVER SA,EMEA,IQ5900505
"MIWA Lock Co., Ltd.",APAC,IQ6462133
"Avelco Co., Ltd.",APAC,IQ281145055
GEZE GmbH,EMEA,IQ22746107
NS Architectural Steel Services Corporation,APAC,IQ5875165
Sekisui Heim Kogyo K.K.,APAC,IQ5505431
WAREMA Renkhoff SE,EMEA,IQ5546310
VEKA AG,EMEA,IQ5498974
"KMEW Co., Ltd.",APAC,IQ36173676
Tereva S.A.S.,EMEA,IQ30469907
Hettich Holding GmbH & Co. oHG,EMEA,IQ861870
Brødrene Dahl A/S,EMEA,IQ22636680
Geberit Produktions GmbH,EMEA,IQ28387152
"Roca Corporacion Empresarial, Sa",EMEA,IQ280212131
HÄFele Se & Co Kg,EMEA,IQ5547325
"Hitachi-Johnson Controls Air Conditioning, Inc.",APAC,IQ431302211
Julius Blum GmbH,EMEA,IQ24931810
LIXIL Corporation (Pvt),APAC,IQ131355068
Gerflor SAS,EMEA,IQ135239
Hansgrohe SE,EMEA,IQ4567902
Eviosys Packaging Spain SA,EMEA,IQ1370796
Saint Gobain Vetri S.p.A.,EMEA,IQ20415133
Nuova Ompi S.r.l.,EMEA,IQ23184325
Encirc Ltd.,EMEA,IQ280475492
Saint-Gobain Emballage SA,EMEA,IQ5493487
Armando Alvarez S.A.,EMEA,IQ12467299
"Saint-Gobain VICASA, S.A.",EMEA,IQ429695
Nippon Closures Co. Ltd,APAC,IQ5522869
Ardagh Glass Limited,EMEA,IQ1011241
Bormioli Luigi S.p.A.,EMEA,IQ6058607
Amcor Flexibles Singen GmbH,EMEA,IQ5532466
Ball Beverage Packaging Fosie AB,EMEA,IQ592418214
"Daiwa Can Company, Ltd.",APAC,IQ5468474
Ball Beverage Packaging Europe Limited,EMEA,IQ22728386
Faerch A/S,EMEA,IQ5853277
"Toyo Seikan Co., Ltd.",APAC,IQ278635644
"Cosmo Engineering Co., Ltd.",APAC,IQ5885755
Fujitsu Defense & National Security Limited,APAC,IQ23064205
"Iberdrola Generación, S.A.",EMEA,IQ99806854
"IHI Plant Construction Co., Ltd.",APAC,IQ5522997
JGC Japan Corporation,APAC,IQ6491360
KANDEN PLANT Corporation,APAC,IQ5487122
"LusoTechnip Engenharia, Sociedade Unipessoal Lda",EMEA,IQ253105742
Senkenkogyo K.K.,APAC,IQ5542309
Smulders Projects Belgium N.V.,EMEA,IQ46622391
Solarpack Ingenieria Sl,EMEA,IQ216248715
Starts CAM Corporation,APAC,IQ35891205
GtU Gesellschaft Fur Technische Uberwachung Mbh,EMEA,IQ282949383
Spie Citynetworks,EMEA,IQ581939504
Depenbrock GmbH & Co. Verwaltung KG,EMEA,IQ6491122
Ward & Burke Group Limited,EMEA,IQ30536678
Rosenberg Worley AS,EMEA,IQ22894060
Betonmast AS,EMEA,IQ40844038
NCC Danmark A/S,EMEA,IQ5480221
Cape Industrial Services Limited,EMEA,IQ5546751
SPIE Industrie & Tertiaire,EMEA,IQ283171155
HABAU Hoch- und Tiefbaugesellschaft m.b.H.,EMEA,IQ5554176
"OMRON Field Engineering Co., Ltd.",APAC,IQ5886110
Tonets Corporation,APAC,IQ5492215
"Kurihara Kogyo Co., Ltd.",APAC,IQ5480234
Shiohama Industry Corporation,APAC,IQ5647379
N.V. Stadsbader,EMEA,IQ23078468
"New Chitose Airport Terminal Building Co., Ltd.",APAC,IQ651646817
Colas Rail Limited,EMEA,IQ5542463
M.V. Kelly Limited,EMEA,IQ30424299
"Tepco Town Planning Co., Ltd.",APAC,IQ52706711
"Chiyoda Kosho Co., Ltd.",APAC,IQ6468125
FERCHAU Engineering GmbH,EMEA,IQ5720919
Michael Klebl GmbH & Co. KG,EMEA,IQ5547219
Cteam Consulting & Anlagenbau GmbH,EMEA,IQ283162520
TenneT Offshore GmbH,EMEA,IQ233383223
Ceit Impianti Srl,EMEA,IQ23035758
"Giken Co., Ltd.",APAC,IQ5529459
Ringway Infrastructure Services Ltd.,EMEA,IQ22687019
"Pacific Consultants Co., Ltd.",APAC,IQ5509178
"Chubu Plant Service Co., Ltd.",APAC,IQ5496366
Tsl Limited,EMEA,IQ116107664
"Tecnologías y Servicios Agrarios, S.A.",EMEA,IQ6070936
"Jyukyo Kensetsu Co., Ltd.",APAC,IQ5724016
"MEC Techno Co., Ltd.",APAC,IQ30471726
Clancy Docwra Limited,EMEA,IQ5579538
Peab Industri Oy,EMEA,IQ679817816
ETF SAS,EMEA,IQ6070808
"Union Construction Co.,Ltd.",APAC,IQ5567497
Robertson Construction Group Limited,EMEA,IQ328620177
Caddick Group Plc,EMEA,IQ5433981
Berger Holding SE,EMEA,IQ5551674
Winthrop Technologies Limited,EMEA,IQ58969687
"Sanken Setsubi Kogyo Co., Ltd.",APAC,IQ5491281
Bouygues Travaux Publics S.A.S.,EMEA,IQ5533375
"Panasonic Environmental Systems & Engineering Co.,Ltd.",APAC,IQ5554303
Per Aarsleff Nuf,EMEA,IQ320598271
COFELY Services SA,EMEA,IQ5632630
SUGATEC Corporation,APAC,IQ5577830
Dumez S.A.,EMEA,IQ58577355
Mitsubishi Materials Techno Corporation.,APAC,IQ5523921
FM Conway Ltd,EMEA,IQ22988121
"AZVI, S.A.",EMEA,IQ5600328
Walls Construction Ltd,EMEA,IQ208401086
Edvance,EMEA,IQ593062386
"Daiwa House Reform Co., Ltd.",APAC,IQ30833495
Dragados Offshore S.A.,EMEA,IQ11113371
"NIHON MECCS Co., Ltd.",APAC,IQ5515306
Kanden Engineering Corporation,APAC,IQ6455699
KEMNA BAU Andreae GmbH. & Co. KG.,EMEA,IQ5773514
JFE Civil Engineering & Construction Corp.,APAC,IQ8787872
Mears Limited,EMEA,IQ22987760
"Tohoku Electric Power Engineering & Construction Co.,Inc.",APAC,IQ5503855
Willmott Dixon Construction Limited,EMEA,IQ5886096
Mott Macdonald Limited,EMEA,IQ5532897
AECOM Ltd.,EMEA,IQ6476700
Goa-Invest Sa,EMEA,IQ5663841
Adolf Lupp GmbH & Co. KG,EMEA,IQ45979297
Kier Infrastructure and Overseas Limited,EMEA,IQ5555472
Ccs Jv S.c.a.r.l.,EMEA,IQ629992560
"Fcc Servicios Industriales Y Energéticos, S.a.",EMEA,IQ214022094
AtkinsRéalis UK Limited,EMEA,IQ5522053
LEONHARD WEISS GmbH & Co. KG,EMEA,IQ5505904
"TSK ELECTRÓNICA Y ELECTRICIDAD, S.A.",EMEA,IQ30510519
Kellogg Brown & Root Holdings Limited,EMEA,IQ5467344
KN Network Services Holdings Limited,EMEA,IQ54879944
OCU Group Limited,EMEA,IQ585113464
Ingeteam Power Technology Sa,EMEA,IQ286404312
Salcef S.P.A. Nuf,EMEA,IQ690109293
Skanska Utilities Limited,EMEA,IQ22533250
Kakuto Corporation,APAC,IQ5529451
Eiffage Energie Systèmes - Clemessy SA,EMEA,IQ1323757
SALCEF S.p.A.,EMEA,IQ256078188
"Cobra Instalaciones y Servicios, S.A.",EMEA,IQ5522396
Overbury PLC,EMEA,IQ20726204
Yokogawa Bridge Corp.,APAC,IQ49526960
Shinryo Corporation,APAC,IQ5477810
GCF - Generale Costruzioni Ferroviarie S.p.A.,EMEA,IQ30468576
Bonatti S.p.A.,EMEA,IQ5553703
VINCI Construction Grands Projets SAS,EMEA,IQ6457670
"Hitachi-GE Nuclear Energy, Ltd.",APAC,IQ43603042
"Mota-Engil Engenharia e Construção África, SA.",EMEA,IQ252737127
Strabag AG (Operating Subsidiary 1),EMEA,IQ214467709
ENGIE Axima SA,EMEA,IQ5532582
"Jr East Mechatronics Co., Ltd.",APAC,IQ5544943
Mesta As,EMEA,IQ22533742
Skanska Talonrakennus Oy,EMEA,IQ22654190
C-Tech Corporation,APAC,IQ34897913
J.N. Bentley Ltd,EMEA,IQ23093248
"J.Front Design & Construction Co., Ltd.",APAC,IQ5550408
"Toyota T&S Construction Co.,Ltd.",APAC,IQ5633049
"Goda Koumuten Co.,Ltd.",APAC,IQ5603818
"TAIHEI Engineering Co.,Ltd.",APAC,IQ5542545
Doosan Babcock Limited,EMEA,IQ106296330
"FCC Construcción, S.A.",EMEA,IQ5872216
"Toko Electrical Construction Co., Ltd.",APAC,IQ5491357
Stow International nv,EMEA,IQ126854
BDX Företagen AB,EMEA,IQ5462439
Taiyo Kogyo Corporation,APAC,IQ131464296
"Matsuo Construction Co.,Ltd.",APAC,IQ5493324
"KIUCHI construction Co.,Ltd.",APAC,IQ5498578
"Yonden Engineering Company, Incorporated",APAC,IQ22615355
Artelia Holding,EMEA,IQ20878986
NIKKEN SEKKEI LTD,APAC,IQ5529614
Kddi Engineering Coporation,APAC,IQ46987066
Robertson Group Limited,EMEA,IQ5562202
"Kenso Kogyo Co., Ltd.",APAC,IQ5580057
Sielte S.p.A.,EMEA,IQ5721978
"KOKUBA-GUMI Co.,Ltd.",APAC,IQ5515953
Guintoli SA,EMEA,IQ5570271
Build King Construction Limited,APAC,IQ26508514
"JFE Plant Engineering Co., Ltd.",APAC,IQ5523408
"Chuden Plant Co.,Ltd.",APAC,IQ5533352
NIPPON STEEL Pipeline & Engineering Co. Ltd.,APAC,IQ31062328
Structuretone International Ltd.,EMEA,IQ22865872
ZF Automotive UK Ltd,EMEA,IQ5478861
Freelancers Ltd,EMEA,IQ46103354
Campenon Bernard Construction SASU,EMEA,IQ5572587
"FUJIKENSETSU CO.,LTD.",APAC,IQ5577560
Kagata Corporation,APAC,IQ5502511
"Docomo CS, Inc.",APAC,IQ316605577
Eiffage Route Grand Sud,EMEA,IQ46366802
"Nishinippon Plant Engineering and Construction Co.,Ltd.",APAC,IQ5522376
"Takamatsu Corporation Co., Ltd.",APAC,IQ706825082
"Shin-Etsu Engineering Co., Ltd.",APAC,IQ5510235
Veidekke Entreprenør As,EMEA,IQ8741466
VolkerWessels Limited,EMEA,IQ5527875
SES (Engineering Services) Limited,EMEA,IQ47135555
Skanska Oy,EMEA,IQ5479360
Japan Pile Corporation,APAC,IQ410222363
Mclaughlin & Harvey Holdings Limited,EMEA,IQ419551076
Winvic Group Limited,EMEA,IQ47162025
Ntt East-Minamikanto Corporation,APAC,IQ22533292
"Seiwa Business Co., Ltd.",APAC,IQ5723036
Ghella S.p.A.,EMEA,IQ23078892
Lujatalo Oy,EMEA,IQ5544441
"Kajita Co., Ltd.",APAC,IQ5645178
"Rokko & Associates, Inc.",APAC,IQ6462095
"Toray Engineering Co.,Ltd.",APAC,IQ5492068
"Ryoju Facility And Properties Co., Ltd.",APAC,IQ5909209
NG Bailey Group Limited,EMEA,IQ20928905
VolkerWessels UK Ltd.,EMEA,IQ5775820
Backe Entreprenør AS,EMEA,IQ403664583
Interserve Project Services Ltd.,EMEA,IQ22534253
Veidekke Entreprenad AB,EMEA,IQ40402011
VolkerFitzpatrick Limited,EMEA,IQ5529197
GAEART TK Co. Ltd.,APAC,IQ30984285
"Shinsei Technos Co., Ltd.",APAC,IQ5509038
"Okumura Engineering Corporation Co., Ltd.",APAC,IQ5503647
Galliford Try Building Limited,EMEA,IQ5521077
Asakawa Home Inc.,APAC,IQ22989384
Vattenfall Services Nordic AB,EMEA,IQ254358116
"COMSA Corporación de Infraestructuras, S.L.",EMEA,IQ5532958
Muramoto Corporation,APAC,IQ5497522
Rinkai Nissan Construction Co. Ltd,APAC,IQ274485191
Kashiwabara Corporation,APAC,IQ5633062
Skanska Norway,EMEA,IQ7757325
Consorzio Iricav Due,EMEA,IQ31163640
"NHK Technologies, Inc.",APAC,IQ5531188
NIHON KENSETSU CO.LTD.,APAC,IQ46950332
McLaughlin & Harvey Ltd,EMEA,IQ5114076
Morgan Sindall plc,EMEA,IQ6455765
"Seibu Construction Co., Ltd.",APAC,IQ41108667
Tclarke Contracting Limited,EMEA,IQ47286057
Tsuchiya Corporation,APAC,IQ5499539
Colas Est SA,EMEA,IQ5599985
Kosei Corporation,APAC,IQ5510548
ITINERA S.p.A.,EMEA,IQ5842545
Demathieu Bard Construction,EMEA,IQ265589634
Génie Civil et Construction SAS,EMEA,IQ1054688
Mitsubishi Chemical Engineering Corporation,APAC,IQ5481652
John Sisk & Son Ltd.,EMEA,IQ6632649
Guild Corporate Services Group Ltd,EMEA,IQ111622031
Consorzio Integra Soc Coop,EMEA,IQ534209771
John Graham Construction Limited,EMEA,IQ5773810
"Kanto Construction Co.,Ltd.",APAC,IQ5637003
SANJOSE Constructora S.L.,EMEA,IQ5522904
Bravida Danmark A/S,EMEA,IQ3302876
Kier Integrated Services Limited,EMEA,IQ30984040
Mott Macdonald Bentley Ltd,EMEA,IQ30473873
"West Japan Electric System Co., Ltd.",APAC,IQ5527494
John Graham Holdings Limited,EMEA,IQ111527336
Deme Offshore Be,EMEA,IQ683324372
SICIM S.p.A.,EMEA,IQ5773732
Laing O'rourke Services Ltd,EMEA,IQ12916229
Dornan Engineering Ltd.,EMEA,IQ47105682
Ntt Infrastructure Network Corporation,APAC,IQ5518765
Bylor Services Limited,EMEA,IQ597619857
"Takenaka Civil Engineering & Construction Co., Ltd.",APAC,IQ5479220
Bouygues Bâtiment Ile-de-France,EMEA,IQ22533345
Dalkia Group Limited,EMEA,IQ430508606
"J-Powerhytec Co., Ltd.",APAC,IQ5579636
John Sisk & Son (Holdings Ltd),EMEA,IQ5490957
Jan De Nul NV,EMEA,IQ5533947
Keltbray Group Limited,EMEA,IQ415744105
Vestas Finland Oy,EMEA,IQ253280712
McLaren Construction Group PLC,EMEA,IQ47317963
"Daitetsu Kogyo CO.,LTD.",APAC,IQ5875322
"Fukunishi Electrical Co.,Ltd.",APAC,IQ5510239
Bremer AG,EMEA,IQ5704877
"Lixil Total Service Co., Ltd.",APAC,IQ47835631
"Overseas Bechtel, Incorporated",APAC,IQ703210284
Sir Robert McAlpine Ltd,EMEA,IQ22516561
Ntt Field Techno Corporation,APAC,IQ23222385
Kier Construction Ltd,EMEA,IQ22515809
"JPec Co., Ltd.",APAC,IQ5506227
Sir Robert McAlpine (Holdings) Ltd,EMEA,IQ47203520
Midgard Ltd,EMEA,IQ112319835
"Kajima Road Co., Ltd.",APAC,IQ5479444
Bovis Construction (Europe) Limited,EMEA,IQ803962
BAM Construction Ltd.,EMEA,IQ5523168
Laing O'Rourke Holdings Limited,EMEA,IQ5882390
Acciona Construcción S.A.,EMEA,IQ10005240
BAM Construct UK Ltd,EMEA,IQ30866770
ENGIE Deutschland GmbH,EMEA,IQ22728354
Iwata Chizaki Inc.,APAC,IQ118886836
Costain Ltd.,EMEA,IQ30824107
"CHIYODA CORPORATION Co.,Ltd.",APAC,IQ6562079
Siemens Gamesa Renewable Energy Limited,EMEA,IQ546674310
Mitsubishi Heavy Industries Engineering Ltd,APAC,IQ580658684
"Nippon Steel Engineering Co., Ltd.",APAC,IQ35887147
Ntt Neomeit Corp.,APAC,IQ22511947
Mace Limited,EMEA,IQ22686992
KvÆRner As,EMEA,IQ225278924
Consorzio COCIV S.p.A.,EMEA,IQ59403929
Besix Kier Dabhol SA,EMEA,IQ6464554
Rizzani de Eccher S.p.A.,EMEA,IQ21827005
Siemens Wind Power S.A.S.,EMEA,IQ411988118
Porr Bau GmbH,EMEA,IQ5827366
ZECH Building SE,EMEA,IQ403244018
VINCI Construction UK Limited,EMEA,IQ61994788
JRL Group Limited,EMEA,IQ111625975
Max Bögl Stiftung & Co. KG,EMEA,IQ5516072
Laing O'rourke Construction Limited,EMEA,IQ12755490
Wates Construction Ltd.,EMEA,IQ22534054
Grupo Aldesa SA,EMEA,IQ247974400
Alcatel Submarine Networks,APAC,IQ1821527021
Nye Veier AS,EMEA,IQ434166829
Strabag AG (Operating Subsidiary 2),EMEA,IQ6439234
"Cantiles XXI, S.L.",EMEA,IQ41351799
Ge Vernova International Llc,N. America,IQ536471142
Bravida Sverige AB,EMEA,IQ27131369
Tecnimont S.p.A.,EMEA,IQ43324371
KT - Kinetics Technology SpA,EMEA,IQ5805391
Conficap Oy,EMEA,IQ565257352
Dredging International NV,EMEA,IQ138944
Lloyd’s Register Group Limited,EMEA,IQ3733250
J. Murphy & Sons Limited,EMEA,IQ5523218
Framatome SAS,EMEA,IQ541456114
Panasonic Automotive Systems Europe GmbH,EMEA,IQ631036282
ENGIE Énergie Services SA,EMEA,IQ54171669
Bouygues Energies & Services SA,EMEA,IQ5542497
BayWa r.e. AG,EMEA,IQ78940602
Aibel AS,EMEA,IQ8812388
Air Water Specialized Transportation Inc.,APAC,IQ5632445
"Asahi Logistics Co., Ltd. (Operating Subsidiary)",APAC,IQ5857912
Axus SA/NV,EMEA,IQ6476375
Carrier Transicold Europe S.C.S.,EMEA,IQ6562432
Emons Holding GmbH & Co. KG,EMEA,IQ12827829
"Hitachi Kenki Logistics Technology Co., Ltd.",APAC,IQ5794769
"Hitachi Transport System Metropolitan Co., Ltd.",APAC,IQ23221680
Honda Logistics inc,APAC,IQ5882778
"Karitsu Co.,Ltd.",APAC,IQ5538742
LeasePlan Fleet Management nv/sa,EMEA,IQ5545833
LKW WALTER Internationale Transportorganisation AG,EMEA,IQ49248263
"Logistics Network,Inc.",APAC,IQ5533201
Maruwa Unyu Kikan Co. Ltd,APAC,IQ1804167421
"Muroo, K.K.",APAC,IQ5572606
Next Distribution Ltd,EMEA,IQ5546165
Niyac Corporation,APAC,IQ5522056
"Primafrio, S.L.",EMEA,IQ52422998
"Runteck, K.K.",APAC,IQ22654201
Turners (Soham) Ltd,EMEA,IQ5577267
XPO Transport Solutions UK Limited,EMEA,IQ249129752
"Oji Logistics Co.,Ltd.",APAC,IQ5522625
Fraikin Assets SAS,EMEA,IQ22581900
"Mazda Logistics Co.,Ltd.",APAC,IQ5522427
"SENKO Co., Ltd.",APAC,IQ685793304
"Cx Cargo, K.K.",APAC,IQ5705542
Gebrüder Weiss Gesellschaft m.b.H.,EMEA,IQ22533342
"Niigata Unyu Co., Ltd.",APAC,IQ5885444
rengo-logistics inc.,APAC,IQ5567217
Kuehne + Nagel Road SAS,EMEA,IQ127079
"SDLogi Co.,Ltd.",APAC,IQ46995560
Logisteed Chubu K.K.,APAC,IQ23020965
"Daiichi Freight System, Inc.",APAC,IQ5496047
Schenker & Co. AG,EMEA,IQ5487099
Kurume Unso K.K.,APAC,IQ5537026
"Meiji Logitech Co.,Ltd.",APAC,IQ5662709
"Logisteed West Japan, Ltd.",APAC,IQ47025655
"YM Kyuso Co., Ltd.",APAC,IQ183636712
Mitsubishi Chemical Logistics Corporation,APAC,IQ5495997
Nx Transport K.K.,APAC,IQ5554793
Suntory Logistics Limited,APAC,IQ5647756
Henri Essers En Zonen Internationaal Transport NV,EMEA,IQ138987
DSV Road A/S,EMEA,IQ24934694
STEF Italia S.P.A.,EMEA,IQ5842442
Arcese Trasporti S.p.A.,EMEA,IQ22800002
DSV Road GmbH,EMEA,IQ43008457
Fai Service Soc Coop,EMEA,IQ5581425
"Relocation Japan, Limited",APAC,IQ22710022
LeasePlan UK Limited,EMEA,IQ22654734
Martin Brower UK Limited,EMEA,IQ21825961
Stg Villars Les Dombes,EMEA,IQ47423488
Adecco Italia Spa,EMEA,IQ26019351
Alexander Mann Group Limited,EMEA,IQ24556
Amey Services Limited,EMEA,IQ26443093
BeNEXT Technologies Inc.,APAC,IQ674949365
Boots Management Services Ltd,EMEA,IQ140986097
"Capita Business Services, Ltd.",EMEA,IQ5491410
Crit,EMEA,IQ46329060
DL Insurance Services Limited,EMEA,IQ269682514
EUROFIRMS GROUP S.L.U.,EMEA,IQ602032249
"FUJIARTE Co.,ltd.",APAC,IQ6489884
Gi Group SpA,EMEA,IQ49408989
Indeed Ireland Operations Limited,EMEA,IQ377664833
Manpower Srl,EMEA,IQ22562065
MAW Men at Work Agenzia per il Lavoro S.p.A,EMEA,IQ46247010
Morgan Stanley UK Limited,EMEA,IQ20883249
Mynavi Corporation,APAC,IQ5909056
PricewaterhouseCoopers Services Limited,EMEA,IQ26020014
"Randstad Empleo Empresa de Trabajo Temporal, S.A.U.",EMEA,IQ5689235
Randstad Italia Spa,EMEA,IQ22988598
"Recruit Staffing Co.,Ltd.",APAC,IQ5876160
Select T.T.,EMEA,IQ594535971
"Sg Fielder Co., Ltd.",APAC,IQ226073974
Supplay SAS,EMEA,IQ5550349
Synergie Italia Agenzia per il Lavoro S.p.a.,EMEA,IQ30684569
"TechnoPro, Inc.",APAC,IQ317235484
Towers Watson Limited,EMEA,IQ23971753
Umana Spa,EMEA,IQ26809805
Pertemps Recruitment Partnership Limited,EMEA,IQ5534690
"Human Resocia Co., Ltd.",APAC,IQ5566646
Morson Human Resources Limited,EMEA,IQ5556563
Randstad Belgium nv,EMEA,IQ5502850
Manpower France SAS,EMEA,IQ5467175
Hays AG,EMEA,IQ6033027
Staffline Recruitment Limited,EMEA,IQ30613657
"NEC Management Partner, Ltd.",APAC,IQ309226381
Adecco TT SA Empresa de Trabajo Temporal,EMEA,IQ5508568
Manpowergroup Innovative Talent Solutions Sl.,EMEA,IQ52745707
Parasol Limited,EMEA,IQ21844975
Neuven Solutions Limited,EMEA,IQ224783233
Carlisle Staffing PLC,EMEA,IQ33406507
Randstad Solutions Limited,EMEA,IQ5409184
"Adecco Iberia, S.a.",EMEA,IQ6458342
Paystream My Max 3 Limited,EMEA,IQ380945327
I.K. Hofmann GmbH,EMEA,IQ5863301
Saint media Inc.,APAC,IQ30532553
AGEKKE CORPORATION,APAC,IQ30396421
Centrale Der Werkgevers Aan De Haven Van Antwerpen CVBA,EMEA,IQ216132313
Pertemps Network Group Limited,EMEA,IQ248775390
Adecco UK Limited,EMEA,IQ6454277
Reed Specialist Recruitment Limited,EMEA,IQ127424462
Randstad SAS,EMEA,IQ7910046
Balfour Beatty Group Employment Limited,EMEA,IQ285226664
Hays Specialist Recruitment Limited,EMEA,IQ5477785
Olsten (U.K.) Holdings Limited,EMEA,IQ22454562
Adecco Germany Holding SA & Co. KG,EMEA,IQ331890544
Hr Rail,EMEA,IQ281070833
Paystream My Max Limited,EMEA,IQ160022281
Aviva Employment Services Limited,EMEA,IQ5874689
Adecco France S.A.S.,EMEA,IQ5467123
Mercer Limited,EMEA,IQ5507472
NES Global Talent Limited,EMEA,IQ243755701
AGCO Distribution SAS,EMEA,IQ84061146
Aperam Sourcing S.C.A.,EMEA,IQ286400723
ArcelorMittal Sourcing SCA,EMEA,IQ58900082
CNH Industrial France,EMEA,IQ256717485
"Fuji Electric Technica Co., Ltd.",APAC,IQ5843662
"Koshow Co.,Ltd.",APAC,IQ265855888
Mestergruppen Byggevare As,EMEA,IQ226508773
Nikken Corporation (Parent),APAC,IQ6461484
"Nippon Kanzai Center Co.,Ltd.",APAC,IQ5908057
"Nippon Tokai Industrial Paper Supply Co., Ltd.",APAC,IQ1820452443
Orexad Brammer SASU,EMEA,IQ130764
REXEL Austria GmbH,EMEA,IQ6562470
"Watanabe Pipe Co., Ltd.",APAC,IQ5482696
Ishiguro Corporation,APAC,IQ5546775
K. Line,EMEA,IQ275395491
"Nisso Shoji Co.,Ltd.",APAC,IQ5510723
Ola Energy Ethiopia Limited,EMEA,IQ253174534
"Moto-Q Co.,Ltd.",APAC,IQ131453703
AKTIO Corporation,APAC,IQ5503725
Soc Velux France,EMEA,IQ5566160
Brenntag UK Limited,EMEA,IQ693073
Toshiba Industrial Products Sales Corporation,APAC,IQ5491766
"ISS REALIZE CO.,LTD.",APAC,IQ5577201
"Hoei Denki Co.,Ltd.",APAC,IQ5496452
"Nikko YPK Shoji Co.,Ltd.",APAC,IQ6478147
"Sekino Kosan, K.K.",APAC,IQ5397239
"NX TC Lease & Finance Co.,Ltd.",APAC,IQ1684936504
Air Water East Japan Inc.,APAC,IQ48926925
"Fuji Electric It Solutions Co., Ltd.",APAC,IQ26447484
Kddi Matomete Office K.K.,APAC,IQ247683841
Avolon Leasing Ireland 3 Limited,EMEA,IQ699166690
Yaskawa Mechatrek Suematsu Kuki Corporation,APAC,IQ5670339
Lafarge Ciments Distribution,EMEA,IQ82560144
"Dmg Mori Seiki Sales And Service Co., Ltd.",APAC,IQ278180466
CG Chemikalien GmbH & Co. Holding KG,EMEA,IQ47275205
Clarke Energy Ltd.,EMEA,IQ6123278
Metal One Pipe & Tubular Products Inc.,APAC,IQ145002520
"Radix Co.,Ltd.",APAC,IQ30397407
"Sugimoto Electric Co., Ltd.",APAC,IQ5631784
Air Water West Japan Inc.,APAC,IQ144995858
Yokogawa Rental & Lease Corporation,APAC,IQ6463179
Rexel Belgium NV/SA,EMEA,IQ5685579
"JX Metals Trading Co., Ltd.",APAC,IQ5532977
Briggs Equipment UK Ltd,EMEA,IQ29033019
Tmy Corporation,APAC,IQ250500037
Nishiyama Corp.,APAC,IQ6467206
Ahlsell Norge AS,EMEA,IQ22932873
Sojitz Machinery Corporation,APAC,IQ6463903
Toyota Material Handling France SASU,EMEA,IQ257050362
OneSubsea UK Limited,EMEA,IQ37987904
PUM SAS,EMEA,IQ6469799
"Shinmei Denzai Co., Ltd.",APAC,IQ5579298
Schachermayer-Großhandelsgesellschaft m.b.H.,EMEA,IQ5554790
Velux Deutschland GmbH,EMEA,IQ6462382
Energia Solution & Service Co.,APAC,IQ30531706
OQEMA AG,EMEA,IQ47275295
National Oilwell Varco Norway AS,EMEA,IQ113283106
Carpenter Technology (Europe) S.A.,EMEA,IQ5388435
Yara AB,EMEA,IQ141827886
DLA Agro a.m.b.a.,EMEA,IQ117438223
Toyotsu Tekkou Hanbai Corporation,APAC,IQ5703550
Cebeo nv,EMEA,IQ5576534
Zebra Technologies Europe Limited,EMEA,IQ5647602
Ws Weinmann & Schanz GmbH,EMEA,IQ46347037
"Daigas Energy Co., Ltd",APAC,IQ1684455631
"Nikken Lease Kogyo Co., Ltd.",APAC,IQ5531369
Finning (UK) Ltd,EMEA,IQ1051873
"Toyoko Kagaku Co., Ltd.",APAC,IQ5566552
Daikin Airconditioning France,EMEA,IQ5705272
Distribution Materiaux Bois Panneaux - D.M.B.P.,EMEA,IQ126756942
"Moritani & CO.,LTD.",APAC,IQ5478734
"Loxam, SA",EMEA,IQ214575027
Krannich Solar GmbH & Co. KG,EMEA,IQ26424865
J.C.B. Service,EMEA,IQ22515871
"Mitsubishi Heavy Industries Printing & Paper Converting Machinery Sales Co.,Ltd.",APAC,IQ46947889
Agri-Chemicals Limited,EMEA,IQ46495560
Nikken Corporation,APAC,IQ554530384
ITOCHU CHEMICAL FRONTIER Corporation,APAC,IQ5486970
Geberit Vertriebs GmbH,EMEA,IQ233481353
Kiesel GmbH,EMEA,IQ26792913
"Daikin Airtechnology and Engineering Co., Ltd.",APAC,IQ48829387
Tokyo Zairyo Co. Ltd,APAC,IQ6456850
Manuchar Steel Nv,EMEA,IQ30352319
Toyota Tsusho Material Incorporated,APAC,IQ5722935
K.D. Feddersen Holding GmbH,EMEA,IQ12826784
Sanctuary Partners Ltd.,EMEA,IQ61549653
Edmundson Electrical Ltd.,EMEA,IQ22533321
"Kawasaki Trading Co.,Ltd.",APAC,IQ52421276
Pfeiffer & May SE,EMEA,IQ22686083
Toolstation Limited,EMEA,IQ43184889
Daikin Air Conditioning Italy Spa,EMEA,IQ22685736
TER HELL & Co. GmbH,EMEA,IQ5774397
Arrow Electronics Italia S.r.l.,EMEA,IQ22549119
Javelin Global Commodities (UK) Ltd,EMEA,IQ304023270
Schlüter Baumaschinen GmbH,EMEA,IQ23378173
Sas Equipement De La Maison,EMEA,IQ580835210
Shannon Engine Support Limited,EMEA,IQ23078590
"Be Forward Co., Ltd.",APAC,IQ146015614
"Cleveland Cable Co., Ltd.",EMEA,IQ46534318
Distribution Sanitaire Chauffage SAS,EMEA,IQ5882756
TVH Parts NV,EMEA,IQ5648265
AME Material Eléctrico S.A.,EMEA,IQ30562067
Yokogawa Solution Service Corporation,APAC,IQ26840473
Heinrich Schmidt Holding GmbH & Co.KG,EMEA,IQ8238222
Onninen Oy,EMEA,IQ4456709
Comoli Ferrari & c. spa,EMEA,IQ5842199
Rheinkalk GmbH,EMEA,IQ5580044
Komatsu Construction Equipment Sales and Service Japan Ltd.,APAC,IQ6463526
Kubota Europe,EMEA,IQ6465072
SQM Europe N.V.,EMEA,IQ5567466
Taiko Trading Co. Ltd,APAC,IQ5468982
Sacchi Giuseppe S.p.A.,EMEA,IQ5581785
Schneider Electric SpA,EMEA,IQ5502940
Hirose Co. Ltd,APAC,IQ1833684660
CMC - Coal Marketing Company Ltd,EMEA,IQ26014408
Subsea 7 Norway AS,EMEA,IQ13008779
Dr. Theodor Stiebel Werke GmbH & Co. KG,EMEA,IQ5545501
Mitsui & Co. Steel Ltd.,APAC,IQ5533600
NOV Downhole Eurasia Limited,EMEA,IQ26340057
Summit Steel Corporation,APAC,IQ30951335
Sungrow Deutschland GmbH,EMEA,IQ582007493
Cambielli Edilfriuli S.p.a,EMEA,IQ6477104
Etola Group Oy,EMEA,IQ5376851
Sumitomo Corporation Europe Limited,EMEA,IQ22515926
"Sumitomo Metal Mining Co., Ltd. (Pvt.)",EMEA,IQ585087003
Sharp Finance Corporation,APAC,IQ5397399
Toray Industries Inc.,EMEA,IQ427556324
Shintoa Corporation,APAC,IQ5471098
Komatsu Fork Lift Japan Ltd.,APAC,IQ5685492
"Shimoda L&C Co., Ltd.",APAC,IQ5631198
"INOUEKI Co., Ltd.",APAC,IQ26556203
Fenwick Linde Sarl,EMEA,IQ5503856
Wilfried Heinzel AG,EMEA,IQ5531904
"The Kouyoh Trading Company,Ltd.",APAC,IQ5522627
DAIDO Corporation,APAC,IQ5531983
Grupo electro stocks SL,EMEA,IQ35533463
"Sun Trading Co., Ltd.",APAC,IQ5546858
"Ohyama Co.,Ltd.",APAC,IQ5545042
Fuji Trading Co. Ltd,APAC,IQ5645022
Okamoto Electronics Corporation,APAC,IQ22613583
Mitsubishi Corporation Technos,APAC,IQ34702857
Sandvik Mining & Construction Logistics Ltd,EMEA,IQ38874055
Josef Marschall GmbH,EMEA,IQ5899084
"Tokyo Shokai, Ltd.",APAC,IQ22676213
"HANWA KOZAI Co.,Ltd",APAC,IQ5502735
Setsuyo Astec Corporation,APAC,IQ5570239
Leroy Merlin Italia srl,EMEA,IQ111400401
"Shinko Denki Co., Ltd.",APAC,IQ5554873
"Izawa Metal Co.,Ltd.",APAC,IQ5882475
"Kobelco Construction Machinery (West Japan) Co., Ltd.",APAC,IQ5631909
"Furukawa Sangyo Kaisha, Ltd.",APAC,IQ5491047
"Nagase Plastics & Co., Ltd.",APAC,IQ5827918
Summit Agro International Ltd.,APAC,IQ5531186
Global Transit,EMEA,IQ111580266
"Taiyo Kenki Rental Co.,Ltd.",APAC,IQ5886360
Keyline Civils Specialist Limited,EMEA,IQ5510718
"Marubeni Forest LinX Co., Ltd.",APAC,IQ5486855
"Kaiko Dengyo Co., Ltd.",APAC,IQ5705294
"Kaken Material Co.,Ltd.",APAC,IQ5545884
Snetor Chimie,EMEA,IQ5462178
"FP Trading Co., Ltd.",APAC,IQ5432647
Toyo Corporation,APAC,IQ5886117
"Shibata Co., Ltd.",APAC,IQ5606840
"Tanaka Ai Co., Ltd.",APAC,IQ5529002
ALCODIS S.A.,EMEA,IQ5449675
"Mizuno Sangyo Co., Ltd.",APAC,IQ5579321
"Daido Kogyo Co.,  Ltd.",APAC,IQ5874669
"Toa Electric Industrial Co.,Ltd.",APAC,IQ6462437
Naganuma Shoji Co. Ltd,APAC,IQ5602731
"Toko Shoji & Co., Ltd.",APAC,IQ5544982
Sharp Energy Solutions Corporation,APAC,IQ5553775
Seki K.K.,APAC,IQ382089334
"Takeden Co.,Ltd.",APAC,IQ5532725
3M Japan Limited,APAC,IQ4141138
"Hanwha Q CELLS Japan Co., Ltd.",APAC,IQ5547560
MAN Truck & Bus UK Ltd,EMEA,IQ8106887
"Nishino Kinryo CO.,LTD.",APAC,IQ242640535
Kisco Ltd.,APAC,IQ39864826
"Daikin Hvac Solution Kinki Co.,Ltd.",APAC,IQ5557414
Itochu Pulp & Paper Corporation,APAC,IQ5483491
Idaka Co. Ltd,APAC,IQ5567611
Onninen AS,EMEA,IQ22676081
Sadoshima Corporation,APAC,IQ5492191
"Dnp Trading Co., Ltd.",APAC,IQ5479374
"Chiyoda Kohan Co., Ltd.",APAC,IQ5522589
"Panasonic Living Shutoken Kantoh Co., Ltd.",APAC,IQ6563827
"Tamagawa Trading Co.,Ltd.",APAC,IQ5554348
Mitsubishi Materials Trading Corporation,APAC,IQ5502960
"Hanshin Material Co.,Ltd.",APAC,IQ1885782344
European Energy Pooling Bvba,EMEA,IQ247219178
Kato Metals Trading Co. Ltd,APAC,IQ5557525
BRENNTAG S.p.A.,EMEA,IQ5554828
Nissho Iwai Paper and Pulp Corporation,APAC,IQ5522196
City Electrical Factors Ltd,EMEA,IQ5492570
CM Biomass Partners A/S,EMEA,IQ547976760
Tosen Sangyo K.K.,APAC,IQ5670347
"New Chemical Trading Co., Ltd.",APAC,IQ6477817
Inovyn Trade Services,EMEA,IQ311135940
"Yohkoh Bussan Co.,Ltd.",APAC,IQ5920284
"Mitsui Bussan Kozai Hanbai CO., Ltd.",APAC,IQ5705310
"ASAI SANGYO Co., Ltd.",APAC,IQ5532978
"Toto Mtec Co., Ltd.",APAC,IQ22637443
RYOJU Corporation,APAC,IQ5420985
Arcelormittal Commercial Uk Ltd,EMEA,IQ116108119
"Showa kosan Co.,LTD.",APAC,IQ5503751
"Miki & CO., Ltd.",APAC,IQ5885190
"Konishiyasu Co., Ltd.",APAC,IQ5521945
Ozax Corporation,APAC,IQ5491740
Carbones Holding GmbH,EMEA,IQ46781332
Selco Trade Centres Ltd,EMEA,IQ27265399
"Kami Shoji Co.,Ltd.",APAC,IQ5483329
"Sugahara Co.,Ltd.",APAC,IQ5540906
Itochu Plastics Inc.,APAC,IQ5496024
welzo Co. Ltd.,APAC,IQ5645868
"KOBELCO Construction Machinery Japan Co., Ltd.",APAC,IQ22728337
Shinsho Steel Products Corporation,APAC,IQ5835702
"Sato Metal Trading Co., Ltd.",APAC,IQ5875671
Marusugi Corporation,APAC,IQ5539218
"Hazama Ando Kogyo Co., Ltd.",APAC,IQ5495409
"Hokuyo Co., Ltd.",APAC,IQ46953427
"Kaikyoutsushin Co., Ltd",APAC,IQ408439305
CEF Holdings Limited,EMEA,IQ13593481
"Asahi Sangyo Kaisha, Ltd.",APAC,IQ5523183
Okada Denki Sangyo K.K.,APAC,IQ5556715
"Fuwa Metal Co., Ltd.",APAC,IQ22972383
Itochu Kenzai Corporation,APAC,IQ6561878
Koyo Materica Corporation,APAC,IQ6462599
Quimidroga S.A.,EMEA,IQ5523973
Grs Roadstone Group Limited,EMEA,IQ316663870
"Shizai Linkcom Co., Ltd.",APAC,IQ5542143
"Kusano Co., Ltd.",APAC,IQ5547598
UNSER LAGERHAUS Warenhandelsgesellschaft m.b.H.,EMEA,IQ6462405
Fuji Steel Corporation,APAC,IQ5909555
Olinas Corporation,APAC,IQ47936527
Metal One Nishinihon Corporation,APAC,IQ5885572
"Kuniosa Metals Co., Ltd.",APAC,IQ5545890
RHM Rohstoff-Handelsgesellschaft mbH,EMEA,IQ47129655
YOSHIDASANGYO Corporation,APAC,IQ5491540
Arcelormittal Commercial Rps S.à R.L.,EMEA,IQ45758021
"Vestas Japan Co., Ltd.",APAC,IQ107587795
"Young Steel Co., Ltd.",APAC,IQ5920061
"Kyokuyo Co.,  Ltd.",APAC,IQ5490160
"Fujikizai Co., Ltd.",APAC,IQ5490005
"Sumikei Techno Co.,Ltd.",APAC,IQ54085590
"Okada Holdings, K.K.",APAC,IQ49495736
"Mikimori Co., Ltd.",APAC,IQ1838535664
OHGITANI Corporation,APAC,IQ5532890
Neste Oil AB,EMEA,IQ105317486
Univar B.V.,EMEA,IQ23064617
Minmetals North-Europe AB,EMEA,IQ22988193
Frauenthal Handel GmbH,EMEA,IQ5532585
DT Finland Oy,EMEA,IQ5538114
Mitsui & Co. Plastics Ltd.,APAC,IQ5496358
Vestjyllands Andel A.m.b.a,EMEA,IQ22848956
Mercer Holz GmbH,EMEA,IQ46638504
Stemcor London Trading Limited,EMEA,IQ412495517
Grillo Handel Holding GmbH,EMEA,IQ22614923
"Kodo Co., Ltd.",APAC,IQ5603806
ITOCHU Metals Corporation,APAC,IQ129412342
"Ryoyo Trading Company, Ltd.",APAC,IQ5555716
MONNOYEUR SAS,EMEA,IQ6461351
Carl Spaeter Gesellschaft Mit BeschrÄNkter Haftung,EMEA,IQ46125775
Hankkija Oy,EMEA,IQ5491241
"NP Trading Co., Ltd.",APAC,IQ48675615
Tricon Energy UK Ltd,EMEA,IQ111539973
Sojitz Building Materials Corporation,APAC,IQ5478661
"Mitsubishi Oji Paper Sales Co., Ltd.",APAC,IQ5477789
CGN Global Uranium Ltd.,EMEA,IQ378860737
Gk Gruppen As,EMEA,IQ580701684
"Gotetsu Sangyo Co.,Ltd.",APAC,IQ5827012
Posco International Deutschland GmbH,EMEA,IQ23050784
Saint-Gobain Distribution Denmark A/S,EMEA,IQ137033276
"Senko Denki Co.,Ltd.",APAC,IQ5569906
Akros Trading Co. Ltd.,APAC,IQ5875451
"Mitsui Bussan Chemicals Co., Ltd.",APAC,IQ5885522
Urangesellschaft MbH,EMEA,IQ5380587
"Japan Kenzai Co.,Ltd.",APAC,IQ381619076
Toshiba Trading Inc.,APAC,IQ5482737
XL-byg a.m.b.a.,EMEA,IQ22533401
Aluminium Dunkerque Service,EMEA,IQ688306283
"NAKAYAMA TRADING CO., LTD.",APAC,IQ5525415
Samsung C&T Japan Corporation,APAC,IQ222844304
"A Factory Co., Ltd.",APAC,IQ408283383
Cookson Precious Metals Limited,EMEA,IQ5720269
J-F. Lemvigh-MÜLler Holding A/S,EMEA,IQ5875672
OG Corporation,APAC,IQ5478371
Nabesho Corporation,APAC,IQ5632417
Berner SE,EMEA,IQ12827132
Koizumi Seiki Corp.,APAC,IQ5495921
Posco Daewoo Japan Corp.,APAC,IQ22771725
Mitsubishi Electric Trading Corporation,APAC,IQ32388505
"Marubeni Tetsugen Co., Ltd.",APAC,IQ5522657
VIDA Skog AB,EMEA,IQ26762236
"POSCO JAPAN Co., Ltd",APAC,IQ26762460
Kanax Corporation,APAC,IQ6447580
Hilti Deutschland AG,EMEA,IQ182955169
Arcelormittal Centres De Service,EMEA,IQ26536494
Mitsui & Co. Deutschland GmbH,EMEA,IQ5478192
Taiheiyo Cement Sales Corporation,APAC,IQ5875377
"Arai Shoji Co., Ltd.",APAC,IQ5491239
World Fuel Services Aviation Ltd,EMEA,IQ145553247
Baosteel Europe GmbH,EMEA,IQ28386947
"Toray International, Inc.",APAC,IQ1537967
Comarco S.p.A.,EMEA,IQ5398221
Costco Wholesale Spain Slu,EMEA,IQ321824077
NYK Trading Corporation,APAC,IQ5496105
Nohara Co. Ltd,APAC,IQ5491250
CCF Limited,EMEA,IQ6465336
"Howa Trading Co.,Ltd.",APAC,IQ22676288
Pulp Trading GmbH,EMEA,IQ5433633
Arcelormittal Distribution Solutions France,EMEA,IQ23316670
Power Tools Distribution Nv,EMEA,IQ5499091
Honda Trading Corporation,APAC,IQ6435328
Sicapa S.A.S.,EMEA,IQ5697203
Baustahlgewebe Services GmbH,EMEA,IQ26433064
Ocean Partners UK Limited,EMEA,IQ47126468
City Plumbing Supplies Holdings Limited,EMEA,IQ5718132
Duty Free Associates SAS,EMEA,IQ5545141
Arcelormittal Commercial Sections Sa,EMEA,IQ46698994
Raiffeisen Waren GmbH,EMEA,IQ5503734
AMAG Metal GmbH,EMEA,IQ223983354
MCB Nederland B.V.,EMEA,IQ5521494
SAS Frans Bonhomme,EMEA,IQ127585
JFE Shoji Trade Steel Construction Materials Corporation,APAC,IQ22711407
Elektroskandia Sverige AB,EMEA,IQ8200160
Optimera AS,EMEA,IQ22785284
MCB International B.V.,EMEA,IQ5503673
GKN Driveline Deutschland GmbH,EMEA,IQ47090743
Organisation Intra-Groupe Des Achats,EMEA,IQ22687712
"Yamasa Sangyo Co.,Ltd.",APAC,IQ5498922
Concord Resources Limited,EMEA,IQ319694718
"Itochu Marubeni Sumisho Techno Steel Co., Ltd.",APAC,IQ22512567
WABCO Europe BVBA,EMEA,IQ22516486
Rexel UK Limited,EMEA,IQ13400863
Dl Hudson Limited,EMEA,IQ583877834
Glommen Mjøsen Skog SA,EMEA,IQ34595268
Agora' Network Soc Cons.Rl,EMEA,IQ47529634
Raiffeisen Waren-Zentrale Rhein-Main AG,EMEA,IQ5478395
SIG Trading Ltd,EMEA,IQ5631132
Ocean Partners Holdings Limited,EMEA,IQ12058744
HFD Limited,EMEA,IQ5534886
"Yanmar Agribusiness Co.,Ltd.",APAC,IQ1821521805
Rexel GmbH,EMEA,IQ8237478
Anglo American Marketing Limited,EMEA,IQ5722360
Kuwait Petroleum International Aviation Company (U.K.) Limited,EMEA,IQ22638967
"APRE Co., Ltd.",APAC,IQ51383750
Danish Agro a.m.b.a.,EMEA,IQ35504952
Sonepar France Distribution,EMEA,IQ593220828
Travis Perkins Trading Company Limited,EMEA,IQ5476320
Hagebau Handelsgesellschaft FÜR Baustoffe Mbh & Co. Kg,EMEA,IQ6561838
Metal One Corporation,APAC,IQ7770881
Lutze,EMEA,IQ197476517
Petrofina S.A. (Italy),EMEA,IQ183026672
Komatsu Europe International N.V.,EMEA,IQ5495419
Carl Beutlhauser Baumaschinen GmbH,EMEA,IQ46125955
Huws Gray Limited,EMEA,IQ27628552
Bygma Gruppen A/S,EMEA,IQ22615563
Wolseley UK Limited,EMEA,IQ26608909
Würth Srl,EMEA,IQ22582935
Compagnia Generale Trattori S.p.A.,EMEA,IQ5506460
Daikin Applied Europe S.p.A.,EMEA,IQ27242749
"Mayekawa Mfg. Co., Ltd.",APAC,IQ5504019
TROX SE,EMEA,IQ5537147
Husky Injection Molding Systems,EMEA,IQ5546330
Otis GmbH & Co. OHG,EMEA,IQ5875305
HYDAC Technology GmbH,EMEA,IQ144617086
Manitou Italia S.R.L.,EMEA,IQ5755531
Kyoto Seisakusho Co. Ltd,APAC,IQ6485742
"Kawamoto Pump Mfg. Co.,Ltd.",APAC,IQ5538859
"Kyb-Ys.Co.,Ltd.",APAC,IQ5774293
Dover Germany GmbH,EMEA,IQ12110348
Emerson Network Power S.r.l.,EMEA,IQ22771962
"Sumitomo Heavy Industries Material Handling Systems Co., Ltd.",APAC,IQ6139172
Shinko Ind. Ltd.,APAC,IQ5637729
"TMT Machinery, Inc.",APAC,IQ22613105
Emerson Sice S.r.l.,EMEA,IQ12916416
"Mitsubishi Power Industries Co., Ltd.",APAC,IQ5722472
CONTAINEX Container-Handelsgesellschaft m.b.H.,EMEA,IQ5827994
ITW Limited,EMEA,IQ13446943
Framo AS,EMEA,IQ22613551
Nippon Otis Elevator Company,APAC,IQ5491424
John Deere Forestry Oy,EMEA,IQ224021165
"Ube Machinery Corporation, Ltd.",APAC,IQ5516197
Tokyo Electron Tohoku Limited,APAC,IQ5875491
Linde Castle Ltd,EMEA,IQ46638800
"Ishida Co., Ltd.",APAC,IQ5524084
Orona S.Coop.,EMEA,IQ3346347
"SUGA Co.,Ltd.",APAC,IQ5521205
"Hitachi Building Systems Co., Ltd.",APAC,IQ5471326
Bosch Thermotechnology Ltd.,EMEA,IQ8079764
AUMA Riester GmbH & Co. KG,EMEA,IQ23361476
"Japan Steel Works M&E, Inc.",APAC,IQ47101437
Erich NETZSCH GmbH & Co. Holding KG,EMEA,IQ1303329
Merkur Group,EMEA,IQ4890298
Otis S.C.S.,EMEA,IQ33544551
Konecranes Finland Oy,EMEA,IQ5647607
Marchesini Group S.p.A.,EMEA,IQ5756719
Wilhelm Böllhoff GmbH & Co. KG,EMEA,IQ8237465
Langley Holdings PLC,EMEA,IQ5919195
igus GmbH,EMEA,IQ5379569
WITRON Logistik + Informatik GmbH,EMEA,IQ5636160
USCO SpA,EMEA,IQ23110481
"Murata Machinery, Ltd.",APAC,IQ6620435
"Daifuku Co., Ltd. Uk Branch",EMEA,IQ580822456
Herve Thermique SAS,EMEA,IQ5630429
Mitsubishi Heavy Industries Air-Conditioning & Refrigeration Corporation,APAC,IQ6563689
Hoerbiger Deutschland Holding GmbH,EMEA,IQ5433518
AVK Holding A/S,EMEA,IQ5641354
MULTIVAC Sepp Haggenmüller SE & Co. KG,EMEA,IQ5633271
Toyotsu Machinery Corporation,APAC,IQ114716496
"Suzuki Shokan Co., Ltd.",APAC,IQ5533323
Acerolux S.L.,EMEA,IQ62004377
Joh. Winklhofer Beteiligungs GmbH & Co. KG,EMEA,IQ47129558
"Mitsubishi Heavy Industries Mechatronics Systems, Ltd.",APAC,IQ5867316
"Shikoku Kakoki Co., Ltd.",APAC,IQ22675981
"Yanmar Energy System Co., Ltd.",APAC,IQ22687081
Franke Deutschland Holding GmbH,EMEA,IQ8206858
Toyota Material Handling Manufacturing Italy S.P.A.,EMEA,IQ5644851
Mitsubishi Heavy Industries Compressor Corporation,APAC,IQ23038413
NMB Technologies Corporation,EMEA,IQ5638486
BHS Corrugated Maschinen- und Anlagenbau GmbH,EMEA,IQ22745266
"Shinko Engineering & Maintenance Co.,Ltd.",APAC,IQ32861270
LUKAD HOLDING GmbH & Co. KG,EMEA,IQ5569095
Tetra Pak Hispania SA,EMEA,IQ5503681
Arneg S.p.A.,EMEA,IQ8141778
Senju Metal Industry Co. Ltd,APAC,IQ5554757
"Nakanishi Metal Works Co., Ltd.",APAC,IQ5533948
Sanden Retail Systems Corporation,APAC,IQ674949277
A. Kayser GmbH & Co. Kg Textile Filtermedien,EMEA,IQ136934605
Stanley Black & Decker UK Limited,EMEA,IQ208400542
Tdk Electronics Factories Corporation,APAC,IQ1848110813
Siemens plc,EMEA,IQ22512453
"Ihi Turbo Co.,Ltd.",APAC,IQ22654096
Andritz Oy,EMEA,IQ5546103
Elofill GmbH,EMEA,IQ47529635
Hyster-Yale UK Limited,EMEA,IQ5521184
Tgw Mechanics GmbH,EMEA,IQ131364265
Carrier SCS,EMEA,IQ5533395
"Umetoku Co.,Ltd.",APAC,IQ5498963
ENGEL AUSTRIA GmbH,EMEA,IQ5529111
I.R.C.A. Spa Industria Resistenze Corazzate E Affini,EMEA,IQ5555565
Siempelkamp Maschinen- und Anlagenbau GmbH & Co. KG,EMEA,IQ6562240
Parker Hannifin GmbH,EMEA,IQ26427883
"Panasonic Eco Solutions Commercial Equipment Systems Co.,Ltd.",APAC,IQ5836713
Bi.Fin Srl,EMEA,IQ41268010
"Mitsubishi Heavy Industries Thermal Systems, Ltd.",APAC,IQ414470924
KNAPP AG,EMEA,IQ5665032
GROB-WERKE GmbH & Co. KG,EMEA,IQ29200092
NTN-SNR ROULEMENTS SA,EMEA,IQ1791999
SKF Industrie S.p.A.,EMEA,IQ5483501
NSK Europe Ltd.,EMEA,IQ5490956
G.D S.p.A,EMEA,IQ22613103
Valmet Technologies Oy,EMEA,IQ740295
Asml Ireland Limited,EMEA,IQ292803341
Black & Decker Limited Bvba,EMEA,IQ406867521
Grundfos Operations A/S,EMEA,IQ411237500
Liebherr-HausgerÄTe Ochsenhausen GmbH,EMEA,IQ5523109
SCM GROUP S.p.A.,EMEA,IQ5522393
Atlas Copco Airpower N.V.,EMEA,IQ5874953
WOLF GmbH,EMEA,IQ5557377
Tenova S.p.A.,EMEA,IQ49499631
Hydra-Grene A/S,EMEA,IQ30588357
Edwards Limited,EMEA,IQ25129911
SANDEN RETAIL SYSTEMS CORPORATION -2,APAC,IQ408422333
Toshiba Elevator and Building Systems Corporation,APAC,IQ6447478
AutoStore AS,EMEA,IQ145385311
SAMSON AG,EMEA,IQ7909753
MANN+HUMMEL GmbH,EMEA,IQ907736
Alfred Kärcher SE & Co. KG,EMEA,IQ5479523
Grundfos Holding A/S,EMEA,IQ5686183
"BALEÀRIA EUROLINEAS MARITIMAS, S.A.",EMEA,IQ36765920
d'Amico Società di Navigazione SpA,EMEA,IQ2847360
Grimaldi Euromed S.p.A.,EMEA,IQ5630409
Grimaldi Group SpA,EMEA,IQ22612760
HÖEgh Autoliners Shipping As,EMEA,IQ12722167
Jan De Nul Luxembourg S.A.,EMEA,IQ153991950
Spar Shipping AS,EMEA,IQ23297891
SPBI S.A.,EMEA,IQ61410382
Stena Line Limited,EMEA,IQ281971082
Union Maritime Limited,EMEA,IQ47199919
"Asahi Tanker Co., Ltd.",APAC,IQ5909418
Cobelfret S.A.,EMEA,IQ5541012
Neste Shipping Oy,EMEA,IQ52216050
Gefo Gesellschaft FÜR Oeltransporte Mbh,EMEA,IQ45730637
CLdN ro-ro SA,EMEA,IQ114828732
Jas Forwarding (UK) Limited,EMEA,IQ46458678
"Tsurumi Sunmarine Co., Ltd.",APAC,IQ5898573
B.A.I (SA),EMEA,IQ5542098
Eps Chartering (Uk) Limited,EMEA,IQ592426861
Xo Shipping A/S,EMEA,IQ223217742
Navig8 Europe Ltd.,EMEA,IQ47284862
Chevron Tankers Limited,EMEA,IQ47127052
G2 Ocean Holding As,EMEA,IQ660486044
Tankers International Limited,EMEA,IQ592249246
Tosoh Logistics Corporation,APAC,IQ5545896
Tri-Net(Japan)Inc.,APAC,IQ22848914
Blue Water Shipping A/S,EMEA,IQ40824023
"Tatsumi Shokai Co.,Ltd.",APAC,IQ5502835
Stena Line Scandinavia AB (Parent),EMEA,IQ22560935
"Nippon Global Tanker Company,Limited",APAC,IQ5875213
JFE Logistics Corporation,APAC,IQ5504097
"Idemitsu Tanker Co.,Ltd.",APAC,IQ5532713
G2 Ocean AS,EMEA,IQ547168924
MOL Drybulk Ltd.,APAC,IQ5863473
KPI OceanConnect Global Accounts Ltd,EMEA,IQ610883447
Wallenius Wilhelmsen Logistics AS,EMEA,IQ144930235
"FS Brands, Inc.",N. America,IQ11145607
Able Hosho K.K.,APAC,IQ5548770
Cala Management Limited,EMEA,IQ5551469
Connells Limited,EMEA,IQ5750577
Global Base Company Limited,APAC,IQ47771367
Haseko Real Estate Inc.,APAC,IQ215513467
Jones Lang LaSalle Limited,EMEA,IQ5919654
"Keihan Real Estate Co.,Ltd.",APAC,IQ23352349
"Metroskaihatsu.Co., Ltd.",APAC,IQ1839192292
"Nihon Jyutaku Ryutu Co., Ltd.",APAC,IQ30841348
"Nomura Real Estate Solutions Co., Ltd.",APAC,IQ22933664
"Obayashi Shinseiwa Real Estate Co., Ltd.",APAC,IQ5637724
"OH Real Estate Management Co., Ltd.",APAC,IQ247900852
Savills (UK) Limited,EMEA,IQ2902507
"Sekisui House Real Estate Tohoku, Ltd.",APAC,IQ28285908
"Sides Corporation, Inc.",APAC,IQ46950558
"Zegnas Co., Ltd.",APAC,IQ284988271
San Shin Jyuken Ltd.,APAC,IQ49549397
"Jutaku Johokan, K.K.",APAC,IQ52509434
Daikyo Anabuki Real Estate Incorporated,APAC,IQ5663990
"Jr East Facility Management Co., Ltd.",APAC,IQ5544475
Ulrich Senger Group Se,EMEA,IQ321624658
CBRE Limited,EMEA,IQ5600670
Pfizer Innovative Supply Point International,EMEA,IQ585029829
VISKA B.V. & Co. KG,EMEA,IQ539405780
Knight Frank LLP,EMEA,IQ2777281
Atalian Cleaning S.A.S.,EMEA,IQ428751896
Water Agency Inc.,APAC,IQ5526230
Derichebourg Environnement Revival,EMEA,IQ23105569
Eska SAS,EMEA,IQ5411947
"Ferrovial Servicios, S.A.",EMEA,IQ5922420
"Nomura Building Management Co.,Ltd.",APAC,IQ5566660
"Integrated Service Solutions, S.L.",EMEA,IQ12932236
Valoriza Servicios Medioambientales S.A.,EMEA,IQ6123605
"Lajo y Rodriguez, S.A.",EMEA,IQ5645372
OCS Group UK Limited,EMEA,IQ22583296
ISS Facility Services Limited,EMEA,IQ23297606
Veolia Environmental Services Group (UK) Limited,EMEA,IQ5493496
"Ebara Environmental Plant Co., Ltd.",APAC,IQ46988912
Interserve Facilities Management Ltd.,EMEA,IQ25869
Dussmann Service S.r.l.,EMEA,IQ5583011
Suez Recycling And Recovery Holdings UK Ltd,EMEA,IQ5581772
Serco Ltd.,EMEA,IQ22516866
Hensel Recycling GmbH,EMEA,IQ46329965
"Empresa de Transformación Agraria, S.A., S.M.E., M.P.",EMEA,IQ5504372
FCC Servicios Medio Ambiente Holding S.A.,EMEA,IQ107703421
Guy Dauphin Environnement S.A.,EMEA,IQ5698617
Bidvest Noonan (UK) Limited,EMEA,IQ225864654
ISS Facility Services S.A.,EMEA,IQ38445995
Veolia Eau-Compagnie Générale des Eaux,EMEA,IQ5467529
ISS Mediclean Ltd.,EMEA,IQ5554080
Veolia ES (UK) Ltd.,EMEA,IQ5885655
Lanes Group Plc,EMEA,IQ46095374
Taihei Building Service Corporation,APAC,IQ53936522
Trimble Europe B.V.,EMEA,IQ24528486
Coopservice Soc.coop.p.A.,EMEA,IQ32457234
Aveco Holding AG,EMEA,IQ5505401
Sogin S.p.A.,EMEA,IQ5394554
Consorzio Nazionale Per La Raccolta Il Riciclo E Il Recupero Degli Imballaggi In Plastica,EMEA,IQ5581794
Kuusakoski Oy,EMEA,IQ204668874
"Mitsui Fudosan Residential Service Co., Ltd.",APAC,IQ5631572
GLOBESHIP Corporation,APAC,IQ5603780
Mitie Limited,EMEA,IQ47529232
"Eco-System Japan Co., Ltd.",APAC,IQ36244239
Karl Tönsmeier Entsorgungswirtschaft GmbH & Co. KG,EMEA,IQ252063666
"Ecoembalajes EspaIa, Sa",EMEA,IQ5746616
"Kajima Tatemono Sogo Kanri Co., Ltd.",APAC,IQ5545888
"DOWA ECO-SYSTEM Co., Ltd.",APAC,IQ36244186
Clarios Recycling GmbH,EMEA,IQ171330278
"Cespa, S.A.",EMEA,IQ4730646
"Kyoyei Co., Ltd.",APAC,IQ5920275
Sims Group UK Limited,EMEA,IQ22654421
Scholz Recycling GmbH,EMEA,IQ6479296
SHIMABUN Corporation,APAC,IQ22596486
EULEN S.A.,EMEA,IQ5510536
VINCI Facilities SA,EMEA,IQ22431595
Mitie Technical Facilities Management Limited,EMEA,IQ5908858
Derichebourg Environnement SAS,EMEA,IQ47236026
Nihon Sogo Juseikatsu K.K.,APAC,IQ5476822
Frontier Agriculture Ltd,EMEA,IQ46890763
CBRE Managed Services Limited,EMEA,IQ5383315
Biffa Waste Services Limited,EMEA,IQ5522596
MWH Treatment Limited,EMEA,IQ5722558
Eco-Emballages S.A.,EMEA,IQ5555136
RSK Group Limited,EMEA,IQ40382054
Herambiente Spa,EMEA,IQ23136545
Eurostar International Limited,EMEA,IQ22638033
France Manche S.A.,EMEA,IQ5510220
Govia Thameslink Railway Ltd,EMEA,IQ285174385
Hankyu Corporation,APAC,IQ32985849
"Kintetsu Railway Co.,Ltd.",APAC,IQ408283839
London North Eastern Railway Limited,EMEA,IQ631187604
Metro de Madrid S.A.,EMEA,IQ5572440
Metropolitan Intercity Railway Company,APAC,IQ31069629
NETINERA Deutschland GmbH,EMEA,IQ61168024
"Osaka Metro Co., Ltd.",APAC,IQ558265434
Rail For London Limited,EMEA,IQ111527978
The Channel Tunnel Group Limited,EMEA,IQ5510162
Thi Factory,EMEA,IQ379354594
"Tokyu Railways Co., Ltd.",APAC,IQ683596912
TRENORD S.r.l.,EMEA,IQ111629083
Renfe Viajeros Sociedad Mercantil Estatal Sa,EMEA,IQ321246874
First Greater Western Limited,EMEA,IQ47126390
First MTR South Western Trains Limited,EMEA,IQ610234911
XC Trains Limited,EMEA,IQ50167537
Freightliner Group Limited,EMEA,IQ129414
Rete Ferroviaria Italiana S.p.A.,EMEA,IQ5467163
Japan Freight Railway Company,APAC,IQ5478165
Iarnród Éireann - Irish Rail,EMEA,IQ5555464
DB Regio AG,EMEA,IQ5466952
DB Fernverkehr AG,EMEA,IQ30963043
London Underground Limited,EMEA,IQ5471384
Trenitalia S.p.A.,EMEA,IQ5466838
TOKAI Corporation,APAC,IQ51205505
Gp Günter Papenburg Aktiengesellschaft,EMEA,IQ5844342
Cefla s.c.,EMEA,IQ5566982
"VELATIA, S.L.",EMEA,IQ30788481
Zignago Holding S.p.A,EMEA,IQ79715588
Corporación Masaveu SA,EMEA,IQ12721998
SA Minera Catalano Aragonesa,EMEA,IQ108512892
Toyota Enterprise Inc.,APAC,IQ5704905
Etola Oy,EMEA,IQ39561386
"Itami Sangyo Co., Ltd.",APAC,IQ5481065
HGDF Familienholding GmbH & Co. KG,EMEA,IQ262830709
"NTT Facilities, Inc.",APAC,IQ5470933
Mitsubishi Corporation International (Europe) Plc,EMEA,IQ5467954
Bayer plc,EMEA,IQ5503889
"General Markets Food Iberica, S.A.U.",EMEA,IQ5498793
J. & J. Denholm Limited,EMEA,IQ5426095
Ogilvie Limited,EMEA,IQ5909305
"Asue Co., Ltd.",APAC,IQ265836689
Eurotransac SL,EMEA,IQ647971081
"CBC Co., Ltd.",APAC,IQ5477697
Eder Familien Holding GmbH & Co. Kg,EMEA,IQ58834208
Victor's Bau + Wert AG,EMEA,IQ47228373
Holbud Group Limited,EMEA,IQ275367877
Sicon Limited,EMEA,IQ5490437
Zech Group SE,EMEA,IQ5663325
"BERGÉ Y COMPAÑÍA, S.A.",EMEA,IQ7901889
Rigby Group (RG) Ltd.,EMEA,IQ171851990
Duisburger Versorgungs- Und Verkehrsgesellschaft Mit BeschrÄNkter Haftung,EMEA,IQ22563197
Diersch & SchrÖDer GmbH & Co. Kg,EMEA,IQ12787277
Stadtwerke Frankfurt am Main Holding GmbH,EMEA,IQ5874651
Suomen Osuuskauppojen Keskuskunta Oy,EMEA,IQ874824
John Swire & Sons Limited,EMEA,IQ1531612
ESML SD Iberia Holding S.A.,EMEA,IQ146083166
Asahi Security Co.Ltd.,APAC,IQ7247829
Securitas Direct Espana SA,EMEA,IQ23376646
"Securitas Seguridad España, S.A.",EMEA,IQ5566581
"Teikei,Inc.",APAC,IQ5636962
G4S Secure Solutions (UK) Limited,EMEA,IQ22685760
Securitas Holding GmbH,EMEA,IQ5503956
Continental Mabor Indústria de Pneus S.A.,EMEA,IQ5533842
Pirelli UK Tyres Limited,EMEA,IQ5521954
Goodyear France SAS,EMEA,IQ5528630
Continental France,EMEA,IQ5491423
"Michelin España Portugal, S.A.",EMEA,IQ5471353
Continental Benelux S.A.,EMEA,IQ5492339
MICHELIN Italiana S.p.A.,EMEA,IQ260883309
Falken Tyre Europe GmbH,EMEA,IQ171712889
Deutsche Pirelli Reifen Holding GmbH,EMEA,IQ5491213
Michelin Reifenwerke AG & Co. KGaA,EMEA,IQ5472735
Bridgestone Europe NV SA,EMEA,IQ585098349
Goodyear Dunlop Tires Operations S.A.,EMEA,IQ5531433
Pirelli Tyre S.p.A.,EMEA,IQ27669845
Manufacture Française des Pneumatiques Michelin,EMEA,IQ5870276
"Maruyasu Industries Co., Ltd.",APAC,IQ6562118
Ondo Corporation,APAC,IQ5577550
Tenneco GmbH,EMEA,IQ916563
Tokai Kogyo Co. Ltd,APAC,IQ5498791
Dana Italia S.p.A.,EMEA,IQ5532858
"FTS Co.,Ltd.",APAC,IQ22595556
Francaise De Mecanique SNC,EMEA,IQ5114128
"Hamanakodenso CO.,LTD.",APAC,IQ50083514
"AISIN KEIKINZOKU Co.,Ltd.",APAC,IQ30935792
"Aisin Sin'ei Co.,Ltd.",APAC,IQ5569136
Benteler Mppv Automotive Manufacturing EspaIa Slu,EMEA,IQ52314575
Behr-Hella Thermocontrol GmbH,EMEA,IQ5577341
Saga Tekkohsho Co. Ltd,APAC,IQ49068011
"Faurecia - Assentos De AutomOvel, Lda",EMEA,IQ5582954
Honda Access Corp.,APAC,IQ6457677
"Hitachi Automotive Systems Engineering, Ltd.",APAC,IQ5570494
"Sakamoto Industry Co.,Ltd.",APAC,IQ6462679
TMD Friction Services GmbH,EMEA,IQ83235082
Hirotec Corporation,APAC,IQ5554329
Peugeot Citroen Mecanique Du Nord Ouest Snc,EMEA,IQ5478919
BOS GmbH & Co. KG,EMEA,IQ5646315
FPT - Powertrain Technologies France S.A.,EMEA,IQ45736324
Robert Bosch AG,EMEA,IQ5546514
Läpple AG,EMEA,IQ12825584
ZKW Zizala Lichtsysteme GmbH,EMEA,IQ5686372
Uchiyama Manufacturing Corp.,APAC,IQ5542221
IMS Gear SE & Co. KGaA,EMEA,IQ6324862
Toyotomi Kiko Co. Ltd,APAC,IQ5545983
NSK Needle Bearing Ltd.,APAC,IQ5552712
Adler Pelzer Holding GmbH,EMEA,IQ5722912
Lear Corporation Holdings Spain S.L.,EMEA,IQ12931589
Lear Corporation (UK) Limited,EMEA,IQ22654778
KIRCHHOFF Automotive GmbH,EMEA,IQ109104462
Hengst SE,EMEA,IQ47240339
"Toyoda Iron Works Co., Ltd.",APAC,IQ22548333
Valeo Vision SA,EMEA,IQ5503417
"USUI CO., LTD.",APAC,IQ5510344
Furukawa Automotive Systems Inc.,APAC,IQ5521912
Dana Graziano S.R.L.,EMEA,IQ1066973
Magna PT B.V. & Co. KG,EMEA,IQ635154
Johnson Controls Autobatterie GmbH & Co. KGaA,EMEA,IQ5545610
Fritz Dräxlmaier GmbH & Co. KG,EMEA,IQ22615449
Bitron Industrie S.p.A.,EMEA,IQ11189365
Gestamp Tallent Limited,EMEA,IQ710386
Hirschmann Automotive GmbH,EMEA,IQ5663914
"Aishin Kiko Co.,Ltd.",APAC,IQ5520330
Marelli Automotive Systems UK Limited,EMEA,IQ5577990
Isuzu Unitec Limited,APAC,IQ5568017
Toyota Boshoku Hirose,APAC,IQ1863099307
Vuteq Corporation,APAC,IQ6464713
Lear European Holding S.L.,EMEA,IQ22355529
Tokai Rika Create Corporation,APAC,IQ5546440
Tk9 K.K.,APAC,IQ5554293
Sitech Sitztechnik GmbH,EMEA,IQ22686493
"Toyota Body Seiko Co.,Ltd.",APAC,IQ5704435
P.S.C. Prima Sole Components Spa,EMEA,IQ22710590
Shigeru Co. Ltd,APAC,IQ5526215
Magna Powertrain Italia Srl,EMEA,IQ46738364
"Fujikura Automotive Europe, S.A.U.",EMEA,IQ5827108
Toyota Boshoku Kyushu Corporation,APAC,IQ32314630
Keylex Corp.,APAC,IQ5546900
"Futaba Kyushu, K.K.",APAC,IQ5663405
"Suzuki Auto Parts Mfg. Co., Ltd.",APAC,IQ222699736
Y-Tec Corporation,APAC,IQ5571678
"Kyoei Araco Co., Ltd.",APAC,IQ5707913
Veoneer Sweden Ab,EMEA,IQ555201323
"TSUDA Industries CO., Ltd.",APAC,IQ5532481
"AKASHI-KIKAI INDUSTRY Co., Ltd.",APAC,IQ5685089
Delphi Automotive Systems - Portugal S.A.,EMEA,IQ5509592
Bonfiglioli Riduttori S.p.A.,EMEA,IQ47171168
DAF Trucks Vlaanderen N.V.,EMEA,IQ5491326
"Snic Co., Ltd.",APAC,IQ5574576
Kinryo Kougyo Co. Ltd.,APAC,IQ5722628
"HOSEI BRAKE INDUSTRY CO., LTD.",APAC,IQ5528276
LEONI Wiring Systems France SA,EMEA,IQ5536964
Denso Thermal Systems S.p.A.,EMEA,IQ26084702
"Tokyo Roki Co., Ltd.",APAC,IQ6462006
"Koberuku, K.K.",APAC,IQ5545872
Sumitomo Electric Wiring Systems (Europe) Ltd.,EMEA,IQ5603330
"Aisin AI Co., Ltd.",APAC,IQ30923054
Johnson Controls Ltd,EMEA,IQ8183057
SEG Automotive Germany GmbH,EMEA,IQ429451109
"Ficosa International, S.A.",EMEA,IQ784862
AISIN Europe S.A.,EMEA,IQ5705653
Adient G.K.,APAC,IQ412066862
Robert Bosch (France) SAS,EMEA,IQ5875181
Faurecia Sieges D'automobile SAS,EMEA,IQ5874683
"Aisin Takaoka Co., Ltd.",APAC,IQ5490251
Marelli Automotive Lighting Reutlingen (Germany) GmbH,EMEA,IQ5503951
DENSO TEN Limited,APAC,IQ5874504
SMP Deutschland GmbH,EMEA,IQ1010868
FPT Industrial S.p.A.,EMEA,IQ129538559
Société Mécanique Automobile de l'Est,EMEA,IQ5467721
Pilkington Automotive Limited,EMEA,IQ5645805
Valeo Equipements Electriques Moteur,EMEA,IQ5493347
"Sango Co., Ltd.",APAC,IQ5490526
Magna Powertrain AG & CO KG,EMEA,IQ6462015
Hirschvogel Holding GmbH,EMEA,IQ5581513
Ferdinand Bilstein GmbH Co. KG,EMEA,IQ5304523
LINDE + WIEMANN SE & Co. KG,EMEA,IQ6467086
EDAG Engineering GmbH,EMEA,IQ276092630
YAZAKI Europe Limited,EMEA,IQ22534082
BORBET GmbH,EMEA,IQ5720796
AVL List GmbH,EMEA,IQ1060160
"Seiwa Corporation Co.,Ltd. (Operating 2)",APAC,IQ5567470
Nihon Jutaku Corporation,APAC,IQ5846498
Keepmoat Homes Limited,EMEA,IQ5415695
Asahi Kasei Reform Corporation.,APAC,IQ5576810
"Sekisui House Construction Kansai, Ltd.",APAC,IQ30611405
Sekisui House Reform K.K.,APAC,IQ46947775
Sekisui House Kensetsu Kanto K.K.,APAC,IQ23110290
Bloor Holdings Limited,EMEA,IQ5387840
France Habitation SA d'HLM,EMEA,IQ5711137
Charles Church Developments Limited,EMEA,IQ5547232
SAGA Unternehmensgruppe,EMEA,IQ117852606
"Sekisui Heim Kinki Co., Ltd.",APAC,IQ5704790
Daikyo Anabuki Construction Incorporated,APAC,IQ106592596
"Ai-Koumuten Co.,Ltd.",APAC,IQ248897290
Glenveagh Homes Limited,EMEA,IQ421559678
"Kurosawa Construction Co., Ltd.",APAC,IQ5665466
Hill Residential Ltd,EMEA,IQ47203040
"Nec Facilities, Ltd.",APAC,IQ5510568
St George PLC,EMEA,IQ5522220
Redrow Homes Ltd.,EMEA,IQ22533989
Sankyo Holdings K.K.,APAC,IQ1838531637
Taylor Wimpey UK Limited,EMEA,IQ6561883
Bellway Homes Limited,EMEA,IQ5479371
"Mitsui Fudosan Residential Co., Ltd.",APAC,IQ46889755
"Mitsubishi Heavy Industries Transportation And Construction Engineering, Ltd.",APAC,IQ1824799275
"Chuo Jutaku Co., Ltd.",APAC,IQ5523239
"Seiwa Corporation Co.,Ltd. (Operating 1)",APAC,IQ146184861
Life Design Kabaya Inc.,APAC,IQ5378179
"Sumitomo Forestry Home Tech Co., Ltd.",APAC,IQ30833273
"Kyoritsu Construction Co.,Ltd.",APAC,IQ5504034
Bridgetown Holdings Limited,EMEA,IQ430507386
"Tokyo Sekisui Heim Co., Ltd.",APAC,IQ5909239
"Shimizu Blc., Ltd.",APAC,IQ5645504
"Hinokiya Housing Co., Ltd.",APAC,IQ49031310
Toyota Housing Corporation,APAC,IQ28399914
"Aq Group Co., Ltd.",APAC,IQ23034542
"Shuko Build Co., Ltd.",APAC,IQ52812023
Hill Holdings Ltd,EMEA,IQ47137273
Asahikaseiho-Muzukonsutorakushon K.K.,APAC,IQ51540202
"Leohouse, Ltd.",APAC,IQ50182283
Avant Homes Group Limited,EMEA,IQ404431179
HAWK ONE CORPORATION,APAC,IQ6491643
"Sumitomo Forestry Home Engineering Co., Ltd.",APAC,IQ22562580
Hill Partnerships Ltd,EMEA,IQ30585596
"Avintia Proyectos Y Construcciones, S.L.",EMEA,IQ79221877
ENGIE Home Services- SAS,EMEA,IQ1337480
"Hajime Construction Co.,Ltd",APAC,IQ242780002
CALA Group (Holdings) Limited,EMEA,IQ268139638
Lovell Partnerships Limited,EMEA,IQ22499847
Vistry Homes Limited,EMEA,IQ5495992
Equans Regeneration Limited,EMEA,IQ7903214
Countryside Properties (UK) Limited,EMEA,IQ30296941
Persimmon Homes Limited,EMEA,IQ6433027
BPD Immobilienentwicklung GmbH,EMEA,IQ118950275
"Ichijo Co.,Ltd.",APAC,IQ5479781
BDW TRADING LIMITED,EMEA,IQ5471901
Alcoa Norway ANS,EMEA,IQ102384030
Hydro Aluminium AS,EMEA,IQ3167914
Novelis UK Limited,EMEA,IQ29972359
Hydro Aluminium Rolled Products AS,EMEA,IQ5600424
"Aluminios Cortizo, S.A.",EMEA,IQ13470792
Profilglass S.p.A.,EMEA,IQ5794602
Aluminum Dunkerque,EMEA,IQ5504458
Raffmetal S.p.A.,EMEA,IQ5545010
Pechiney Rhenalu,EMEA,IQ1929990
AMAG rolling GmbH,EMEA,IQ32700556
Amag Casting GmbH,EMEA,IQ46956795
Aluminium Norf Gesellschaft Mit BeschrÄNkter Haftung,EMEA,IQ5525690
Novelis Koblenz GmbH,EMEA,IQ8221551
Asahi Seiren Co. Ltd,APAC,IQ6463641
Aluminium Duffel BV,EMEA,IQ5499438
"Nikkei MC Aluminium Co., Ltd.",APAC,IQ5704351
Intals S.p.a.,EMEA,IQ5555812
Constellium Singen GmbH,EMEA,IQ5489891
"Nemak Exterior, S. L.",EMEA,IQ46256341
Alcoa Europe Holding B.V.,EMEA,IQ5467660
TRIMET Aluminium SE,EMEA,IQ22582678
Speira GmbH,EMEA,IQ144046997
Temp-Rite International Gmbh,EMEA,IQ47734717
Wacker Neuson Linz GmbH,EMEA,IQ6011665
Bombardier Transportation Sweden AB,EMEA,IQ8200507
Terex GB Limited,EMEA,IQ36336503
FAUN Umwelttechnik GmbH & Co. KG,EMEA,IQ25704924
Onomichi Dockyard Co. Ltd,APAC,IQ6462331
Scania France SAS,EMEA,IQ5532485
Siemens Mobility Limited,EMEA,IQ118809139
Toshiba Transport Engineering Inc.,APAC,IQ23297289
"Scania Hispania, S.A.",EMEA,IQ5525775
"Hitachi Construction Machinery Tierra Co.,Ltd.",APAC,IQ5532696
voestalpine Schienen GmbH,EMEA,IQ5553417
"Oshima Shipbuilding co., Ltd.",APAC,IQ5503637
Doppelmayr Seilbahnen Gmbh,EMEA,IQ5508582
"Daido Metal Co., Ltd",EMEA,IQ579998971
J.C.Bamford Excavators Limited,EMEA,IQ7879509
MERLO S.p.A.,EMEA,IQ25813875
Scania (Great Britain) Limited,EMEA,IQ22516818
Alstom Belgium SA,EMEA,IQ5554987
Alstom Transport UK Limited,EMEA,IQ261728028
Liebherr-Mining Equipment Colmar,EMEA,IQ224706007
Alstom Ferroviaria S.p.A.,EMEA,IQ5524086
EvoBus France SASU,EMEA,IQ5544373
MAN Truck & Bus Italia S.p.A.,EMEA,IQ224714610
Nippon Trex Co. Ltd,APAC,IQ5602741
"Goh shoji co.,inc.",APAC,IQ5577599
NDW Beteiligungsgesellschaft mbH,EMEA,IQ8222007
Liebherr-Hydraulikbagger GmbH,EMEA,IQ5510336
"Mitsubishi Shipbuilding Co., Ltd.",APAC,IQ596862543
CNH Industrial Deutschland GmbH,EMEA,IQ6466974
Kone Industrial Oy,EMEA,IQ26505773
PERI SE,EMEA,IQ5545596
LEYLAND Trucks Ltd.,EMEA,IQ13482163
Palfinger Europe GmbH,EMEA,IQ409790282
"Nippon Fruehauf Company, LTD.",APAC,IQ5525666
Iveco Limited,EMEA,IQ22595378
Caterpillar (U.K.) Limited,EMEA,IQ5486974
Alexander Dennis Limited,EMEA,IQ9681681
Renfe Ingenieria Y Mantenimiento Sme Sa.,EMEA,IQ321246859
J-Bus Ltd.,APAC,IQ26465656
Volvo Group UK Limited,EMEA,IQ5483430
Japan Marine United Corporation,APAC,IQ10866545
Bernard Krone Holding SE & Co. KG,EMEA,IQ22562513
Stadler Rail Valencia S.A.U.,EMEA,IQ29219265
"Kawasaki Railcar Manufacturing Co., Ltd.",APAC,IQ1800796408
Chantiers de l'Atlantique,EMEA,IQ5473276
Volvo Construction Equipment Germany GmbH,EMEA,IQ8201098
Liebherr-MCCtec Rostock GmbH,EMEA,IQ46331491
Volvo Group Trucks Central Europe GmbH,EMEA,IQ5534115
Caterpillar East Japan Ltd.,APAC,IQ87987047
"Iveco España, S.L.",EMEA,IQ9859132
Volvo Group Belgium NV,EMEA,IQ5477545
Iveco France SA,EMEA,IQ5492377
Bombardier Transportation GmbH,EMEA,IQ5478151
Patentes Talgo S.L.U.,EMEA,IQ222381423
Meyer Turku Oy,EMEA,IQ5478931
Hitachi Rail Limited,EMEA,IQ111628182
S.A.T.A.P. S.p.A.,EMEA,IQ34615599
Sacyr Concesiones S.A.,EMEA,IQ59262460
Autostrada del Brennero SpA,EMEA,IQ5553365
Kier Highways Limited,EMEA,IQ47193002
Anas S.p.A.,EMEA,IQ12315825
Honda Italia Industriale S.p.A.,EMEA,IQ5491136
Triumph Motorcycles Limited,EMEA,IQ5908816
Annington Homes Limited,EMEA,IQ728807
Asahi Kasei Fudousan Residence Corp.,APAC,IQ225547948
"Atré Co., Ltd.",APAC,IQ5773451
DAIKYO ASTAGE INCORPORATED,APAC,IQ5528364
"Daiwa Information Service Co., Ltd.",APAC,IQ5705812
"ITOCHU Property Development, Ltd.",APAC,IQ5525687
"JA Mitsui Leasing Tatemono Co., Ltd",APAC,IQ309744616
"Jr East Building Co., Ltd.",APAC,IQ47050971
JR East Urban Development Corporation,APAC,IQ30051960
"Kanden Realty & Development Co.,Ltd.",APAC,IQ5554886
"Lumine Co., Ltd.",APAC,IQ5476845
"Mitsubishi Estate-Simon Co., Ltd.",APAC,IQ5529443
"MUL Property Co., Ltd.",APAC,IQ47871860
Seibu Properties Inc.,APAC,IQ5875226
Seibu Real Estate Inc.,APAC,IQ1790527542
"SG Realty Co.,Ltd.",APAC,IQ84158039
Starts Amenity Corporation,APAC,IQ5720084
Tokyo Gas Real Estate,APAC,IQ5532639
United Learning Ltd,EMEA,IQ23105232
Wheatley Housing Group Limited,EMEA,IQ254614048
"Kintetsu Real Estate Co.,Ltd.",APAC,IQ5424117
Haseko Livenet Inc.,APAC,IQ5600607
Haseko Community Inc.,APAC,IQ5532905
Mdi Corporation.,APAC,IQ114983127
"Sekiwa Real Estate Kanto, Ltd.",APAC,IQ252552650
"Mitsubishi Jisho Community Co., Ltd.",APAC,IQ5570446
Shinoken Produce Co. Ltd,APAC,IQ112999134
"MITSUBISHI JISHO PROPERTY MANAGEMENT Co., Ltd.",APAC,IQ5842856
Xymax Alpha Corporation,APAC,IQ554404609
Tokyu Housing Lease Corporation,APAC,IQ311294993
Asahi Facilities Inc.,APAC,IQ5546999
"Yaesu Lease Co., Ltd.",APAC,IQ30833010
Global Resource Construction Ltd.,APAC,IQ639108962
"Mitsui Fudosan Residential Lease Co., Ltd.",APAC,IQ5554874
"Open House Development Co., Ltd.",APAC,IQ46995426
Ck Asset K.K.,APAC,IQ5504403
Nk Asset K.K.,APAC,IQ5527950
Nittaku Fudosan K.K.,APAC,IQ6461768
Ocado Operating Limited,EMEA,IQ308964430
Katsuki Co.Ltd.,APAC,IQ6462465
"Daiwa Royal Co., Ltd.",APAC,IQ30840857
"House Mate Partners Co., Ltd.",APAC,IQ5556109
Osuuskauppa Arina Oy,EMEA,IQ22654428
Token Building Kanri K.K.,APAC,IQ49494324
SA d'Habitations à Loyer Modéré Cooperer Pour Habiter,EMEA,IQ47579163
"Daiwa Living Co., Ltd.",APAC,IQ5532979
Solai Holdings Ltd,EMEA,IQ30489430
Walton S.L.,EMEA,IQ130633612
Erilia SA,EMEA,IQ5632941
Onkar International Limited,EMEA,IQ47136419
Rialto S.P.A.,EMEA,IQ5542679
Clearsprings Ready Homes Ltd,EMEA,IQ282049257
Wates Living Space (Maintenance) Limited,EMEA,IQ30465219
Senaatti-Kiinteistöt Oy,EMEA,IQ51279863
Fin Posillipo Immobiliare S.P.A.,EMEA,IQ268019039
Alliance Automotive Germany GmbH,EMEA,IQ420126793
Birmingham Organising Committee For The 2022 Commonwealth Games Ltd,EMEA,IQ647917501
Consto Holding As,EMEA,IQ692804966
Laujan Sl,EMEA,IQ276483102
"Daiwa Living Management Co., Ltd.",APAC,IQ248699553
"Daito Kentaku Partners Co., Ltd.",APAC,IQ22849086
NHS Property Services Ltd.,EMEA,IQ262760267
Odd Reitan Private Holding As,EMEA,IQ330414161
Places for People Group Limited,EMEA,IQ5542150
IKM Gruppen AS,EMEA,IQ25107824
"Kawamura Electric, Inc.",APAC,IQ32952109
E&I Engineering Limited,EMEA,IQ54211797
Abb KK,APAC,IQ5919738
Somfy SAS,EMEA,IQ5555086
Mitsubishi Electric Europe B.V.,EMEA,IQ5467912
SIEMENS ENERGY LIMITED,EMEA,IQ46401188
"Oriental Motor Co., Ltd.",APAC,IQ5882477
Sew Usocome,EMEA,IQ12960907
Siemens S.A.,EMEA,IQ13389537
"Hitachi Plant Construction, Ltd.",APAC,IQ5457854
"Hitachi Industrial Products, Ltd.",APAC,IQ654209212
"Ormazabal International Business, SL",EMEA,IQ47868830
ABB S.p.A.,EMEA,IQ7909989
ABB Oy,EMEA,IQ5476790
TMEIC Corporation,APAC,IQ5551374
Nord Drivesystems Kg,EMEA,IQ8237142
Schneider Electric Espana SA,EMEA,IQ892300
Ingeteam SA,EMEA,IQ182056594
Siemens Energy AB,EMEA,IQ26084190
Nidec ASI S.p.A.,EMEA,IQ1039644
Cummins Ltd.,EMEA,IQ22547388
Wärtsilä Finland Oy,EMEA,IQ5874746
Toshiba Energy Systems & Solutions Corporation,APAC,IQ541239044
GE Wind Energy S.L.,EMEA,IQ22759539
Siemens S.p.A.,EMEA,IQ5478304
UK Grid Solutions Limited,EMEA,IQ45763869
GE Energy Products France SNC,EMEA,IQ5490344
Caterpillar (NI) Limited,EMEA,IQ2216850
"Mitsubishi Electric Engineering Co., Ltd.",APAC,IQ115288186
"Gamesa Eólica, S.L.U.",EMEA,IQ680928
Ethos Energy Group Limited,EMEA,IQ264438945
Fuso Corporation,APAC,IQ330563586
"IHI Power Systems Co., Ltd.",APAC,IQ22614379
ABB Limited,EMEA,IQ22534672
Eaton Industries GmbH,EMEA,IQ46093230
"Mitsui & Co. Project Solutions, Ltd.",APAC,IQ5723305
"Aisin Aw Industries Co., Ltd.",APAC,IQ5522621
Nordex France S.A.S,EMEA,IQ81676528
Vestas France SAS,EMEA,IQ30376917
Shinano Kenshi Co. Ltd,APAC,IQ5491386
Moteurs Leroy-Somer,EMEA,IQ5502770
ACCIONA Windpower S.A.,EMEA,IQ23378927
ZIEHL-ABEGG SE,EMEA,IQ5578067
Perkins Engines Company Limited,EMEA,IQ969327
Alstom Wind France S.A.S.,EMEA,IQ47369405
"Yanmar Co., Ltd.",APAC,IQ309681063
Uee Holding GmbH,EMEA,IQ111582076
Enercon Global GmbH,EMEA,IQ631745253
Siemens Gamesa Renewable Energy A/S,EMEA,IQ5510381
Friedhelm Loh Stiftung & Co. KG,EMEA,IQ5477809
Vestas Manufacturing A/S,EMEA,IQ26504986
"Windar Renovables, S.A.",EMEA,IQ47294195
"Hitachi Industrial Equipment Systems Co.,Ltd.",APAC,IQ5557399
ABeam Consulting Ltd.,APAC,IQ13505075
Addleshaw Goddard LLP,EMEA,IQ1436406
AlphaSights Ltd.,EMEA,IQ78917618
BDO LLP,EMEA,IQ138182
Bird & Bird LLP,EMEA,IQ1530041
Bravedo Oy,EMEA,IQ557953831
Bureau Veritas Exploitation SAS,EMEA,IQ557949120
Capgemini Consulting S.A.S.,EMEA,IQ45797092
Clyde & Co LLP,EMEA,IQ2035176
DLA Piper International LLP,EMEA,IQ47126642
Emerald 2 Limited,EMEA,IQ154184236
Ernst & Young AB,EMEA,IQ9951778
Foster + Partners Limited,EMEA,IQ6507201
Glaxosmithkline Intellectual Property Management Limited,EMEA,IQ249798483
Grant Thornton Services Llp,EMEA,IQ45730359
Herbert Smith Freehills Global Llp,EMEA,IQ304337432
Hormigones Cortes Sl,EMEA,IQ698161386
Klarmobil GmbH,EMEA,IQ23943862
Llotor Sl,EMEA,IQ7909682
"Lontana,S.A.",EMEA,IQ286409574
Nihilent Limited,EMEA,IQ583878285
Nuovo Pignone Tecnologie - S.R.L.,EMEA,IQ342607492
ÖHrlings Pricewaterhousecoopers Ab,EMEA,IQ5687342
Ove Arup & Partners Limited,EMEA,IQ340768605
PA Consulting Services Limited,EMEA,IQ5531253
PLR Worldwide Sales Limited,EMEA,IQ108449288
Pricewaterhousecoopers I Sverige Ab,EMEA,IQ279074994
PricewaterhouseCoopers Sarl,EMEA,IQ23110305
QBE Management Services (UK) Limited,EMEA,IQ5719620
Reckitt Benckiser Corporate Services Limited,EMEA,IQ45799833
The Boston Consulting Group UK LLP,EMEA,IQ254186283
TRC Library Service Inc.,APAC,IQ51736916
White & Case LLP,EMEA,IQ111527378
WSP UK Limited,EMEA,IQ23022143
Xtx Research Llp,EMEA,IQ410140682
Gartner UK Limited,EMEA,IQ5606960
Corporacion Empresarial Jealsa Sl.,EMEA,IQ422755708
Grupo Logistico Sese S.L.,EMEA,IQ309594304
"Sekino Kosan Holdings, K.K.",APAC,IQ5548424
"Interpublic Group of Companies de España, S.L.",EMEA,IQ254777042
NTT Business Associe Corporation,APAC,IQ207838297
Boehringer Ingelheim Middle East & Africa Gmbh,EMEA,IQ542545059
"Deloitte Tohmatsu Consulting Co.,Ltd.",APAC,IQ49188476
PricewaterhouseCoopers Japan LLC,APAC,IQ49104090
Deloitte & Touche Audit France,EMEA,IQ7245309
New Energy and Industrial Technology Development Organization,APAC,IQ26425046
Alliance Automotive Trading Group,EMEA,IQ7865694
Pricewaterhousecoopers Statsautoriseret Revisionsaktieselskab,EMEA,IQ34162768
Freshfields Service Company,EMEA,IQ111622892
"The Japan Research Institute, Limited.",APAC,IQ22533449
The Boston Consulting Group Et Cie,EMEA,IQ5722149
Dnv Business Assurance Group As,EMEA,IQ223592902
National Institutes For Quantum Science And Technology,APAC,IQ22759780
Deloitte Ireland Llp,EMEA,IQ651000802
National Institute of Advanced Industrial Science and Technology,APAC,IQ5489480
Brookson Group Ltd,EMEA,IQ47530832
Shell Japan Limited,APAC,IQ384257543
National Institute Of Information And Communications Technology,APAC,IQ26465865
"MCKINSEY & Company, Inc. United Kingdom",EMEA,IQ594835866
Law & Business Economics Ltd.,EMEA,IQ26180687
Ernst & Young ShinNihon LLC,APAC,IQ28384068
EWR Dienstleistungen GmbH & Co. KG,EMEA,IQ23352679
Ducas Ltd,EMEA,IQ111581665
Sorman SA,EMEA,IQ114979121
"Deloitte Touche Tohmatsu, Japan",APAC,IQ54552416
T & M Holding SpA,EMEA,IQ215333850
Polibis Spa,EMEA,IQ253413869
KPMG AZSA LLC,APAC,IQ2382295
Gnera Energia Y Tecnologia Sl,EMEA,IQ114935334
PricewaterhouseCoopers Business Services S.r.l.,EMEA,IQ49979957
Caetano Automotive EspaIa Sa.,EMEA,IQ253301319
RIKEN,APAC,IQ26442171
Workwell Solutions Limited,EMEA,IQ47161997
Umbrella-Company Ltd,EMEA,IQ280529506
Deloitte Consulting & Advisory,EMEA,IQ46101484
Tata Consultancy Services Deutschland GmbH,EMEA,IQ47275973
"Daikoku Co.,Ltd.",APAC,IQ5580393
"Honda R&D Co., Ltd.",APAC,IQ7697692
Pneuhage Management GmbH & Co. Kg,EMEA,IQ12785803
Isuzu Network Company Limited,APAC,IQ5567587
Accenture Holdings France S.A.S.,EMEA,IQ6562093
Ernst & Young (asia-Pacific) Services Ltd,EMEA,IQ228909396
Nasa Umbrella Ltd,EMEA,IQ228909339
Derossi Invest GmbH,EMEA,IQ8202535
Royal London Management Services Ltd,EMEA,IQ5885967
Unilever U.K. Central Resources Limited,EMEA,IQ22561829
MBtech EMC GmbH,EMEA,IQ99259555
Scottish Widows Services Limited,EMEA,IQ5481078
Deloitte & Touche GmbH Wirtschaftsprüfungsgesellschaft,EMEA,IQ46363466
Deloitte Consulting GmbH,EMEA,IQ22758916
AlixPartners Europe,EMEA,IQ263483389
Workwell People Solutions Limited,EMEA,IQ47140559
AbbVie Deutschland GmbH & Co. KG,EMEA,IQ232425271
Accenture (UK) Limited,EMEA,IQ22354937
Hudson Contract Limited,EMEA,IQ657894402
"Auchan Portugal - Companhia Portuguesa De Hipermercados, S.A.",EMEA,IQ8201093
EY Global Services Limited,EMEA,IQ47168392
Chubu Electric Power Company Inc.,EMEA,IQ552373138
Uk Fuels Ltd,EMEA,IQ5633315
Paystream My Max Holdings Ltd,EMEA,IQ282742515
EYGS LLP,EMEA,IQ38562931
EMC Information Systems International,EMEA,IQ224314938
AGRAVIS Raiffeisen AG,EMEA,IQ27352853
Abbvie Manufacturing Management Limited,EMEA,IQ419407860
Gestore dei Servizi Energetici GSE S.p.A.,EMEA,IQ49680669
DLA Piper UK LLP,EMEA,IQ29693124
Pinsent Masons LLP,EMEA,IQ998049
TÜV Rheinland AG,EMEA,IQ5525555
Deutsche Gesellschaft für Internationale Zusammenarbeit (GIZ) GmbH,EMEA,IQ5485636
COWI A/S,EMEA,IQ5548223
Grant Thornton UK LLP,EMEA,IQ8954457
"PricewaterhouseCoopers LLP, UK branch",EMEA,IQ9004192
Baringa Partners LLP,EMEA,IQ59646752
Deloitte Consulting Srl,EMEA,IQ27204344
Worley Europe Ltd,EMEA,IQ47090567
A.T. Kearney Holdings Limited,EMEA,IQ47126365
Business Integration Partners S.p.A.,EMEA,IQ30343403
Ernst & Young LLP (UK),EMEA,IQ46473116
Experian Ltd,EMEA,IQ29557091
KPMG LLP (United Kingdom),EMEA,IQ5434619
KPMG AG Wirtschaftsprüfungsgesellschaft,EMEA,IQ2313606
Allen Overy Shearman Sterling LLP,EMEA,IQ1575300
Deloitte Statsautoriseret Revisionsaktieselskab,EMEA,IQ23699567
Norton Rose Fulbright LLP,EMEA,IQ1417114
British Standards Institution,EMEA,IQ1523918
Deloitte UK,EMEA,IQ26004174
Herbert Smith Freehills LLP,EMEA,IQ1635233
Oliver Wyman Limited,EMEA,IQ5720756
Linklaters LLP,EMEA,IQ609715
Ashurst LLP,EMEA,IQ1417088
Clifford Chance LLP,EMEA,IQ107723
Arnold Clark Finance Limited,EMEA,IQ22758735
Arval Belgium NV SA,EMEA,IQ5436212
Arval Deutschland GmbH,EMEA,IQ5638975
Arval Service Lease Italia SpA,EMEA,IQ5544720
"Arval Service Lease, S.A.",EMEA,IQ23037141
Athlon Germany GmbH,EMEA,IQ5754187
"Avanza Spain, S.A.",EMEA,IQ25232223
Ayvens Spain Mobility Solutions SAU,EMEA,IQ6481265
Bus Éireann-Irish Bus,EMEA,IQ4492725
"DIAC LOCATION, société anonyme",EMEA,IQ6461453
"Ferrocarril Metropolita De Barcelona, S.A.",EMEA,IQ22746414
Keolis Sverige AB,EMEA,IQ552554
LeasePlan France S.A.S.,EMEA,IQ6462579
LeasePlan Italia S.p.A.,EMEA,IQ6468134
Leaseplan Portugal Comercio E Aluguer De Automoveis E Equipamentos Lda.,EMEA,IQ30537085
Lex Autolease Ltd.,EMEA,IQ5533093
Mobility Concept GmbH,EMEA,IQ45980075
Northgate Vehicle Hire Limited,EMEA,IQ5515834
"Times Mobility Networks Co.,Ltd.",APAC,IQ11639115
"Toyota Mobility Service Co., Ltd.",APAC,IQ1759458066
Volkswagen Renting S.A.,EMEA,IQ50049213
Guy Salmon Limited,EMEA,IQ5449534
Hitachi Capital Auto Lease Corporation,APAC,IQ5554443
Arval UK Limited,EMEA,IQ1372032
Dhl Express Servicios Sl,EMEA,IQ47795974
Alphabet Fuhrparkmanagement GmbH,EMEA,IQ8204962
Enterprise Rent-A-Car European Holdings Limited,EMEA,IQ22687042
Stadtwerke Bonn GmbH,EMEA,IQ5542020
Braddell Limited,EMEA,IQ5577633
"Orico Auto Leasing Co., Ltd.",APAC,IQ115280465
"Byd (U.K.) Co., Ltd.",EMEA,IQ610951070
Ste Lyonnaise De Transports En Commun,EMEA,IQ5546548
"Empresa Municipal de Transportes de Madrid, S. A.",EMEA,IQ5540963
Abellio East Anglia Limited,EMEA,IQ368218498
"Hitachi Transport System East Japan Co., Ltd.",APAC,IQ27219964
London General Transport Services Limited,EMEA,IQ30921
Avis Autovermietung Beteiligungsges. Mbh,EMEA,IQ6628960
Verkehrsverbund Ost-Region (VOR) Gesellschaft M.B.H.,EMEA,IQ5126548
UnipolRental S.p.A.,EMEA,IQ46095600
Enterprise Autovermietung Deutschland B.V. & Co. KG,EMEA,IQ28388218
Weller Holding Se & Co. Kg,EMEA,IQ286561759
"TEMsys, S.A.",EMEA,IQ134289867
Berliner Verkehrsbetriebe (BVG) - AöR,EMEA,IQ5491228
Alphabet (GB) Limited,EMEA,IQ5826914
Tuskerdirect Limited,EMEA,IQ749274
London Bus Services Ltd,EMEA,IQ22515891
Transport Trading Ltd,EMEA,IQ22510929
Vy Buss AS,EMEA,IQ5827408
ALD Autoleasing D GmbH,EMEA,IQ30341891
A. Menarini Farmaceutica Internazionale Srl,EMEA,IQ585094767
Academedia Support AB,EMEA,IQ126945606
Aleris Holding AB,EMEA,IQ253967327
Alvarez & Marsal Europe Holdings Limited,EMEA,IQ280432566
Amazon.fr Logistics,EMEA,IQ46781707
Apple Europe Limited,EMEA,IQ114828406
"Aragocias, Sociedad Anonima",EMEA,IQ118798405
Avocent UK Ltd.,EMEA,IQ39418728
Bharti Airtel U.K. Ltd.,EMEA,IQ37283529
British Car Auctions Limited,EMEA,IQ536998824
"Chiiki Iryo Shinko Kyokai, Inc. Association",APAC,IQ5705480
ClarusONE Sourcing Services LLP,EMEA,IQ579733559
"Co-Op Nagano, Cooperative Society",APAC,IQ5528999
Consumer's Co-Operative Pal System Tokyo,APAC,IQ5522501
Consumers Co-Operative Society Osaka Pal Co-Op,APAC,IQ5527862
DB Group Services (UK) Limited,EMEA,IQ5467955
Deloitte Global Services Holdings Limited,EMEA,IQ143087998
Dolce & Gabbana London Branch,EMEA,IQ581500105
Dsv Air & Sea S.A.U.,EMEA,IQ62141967
Edvance Sas,EMEA,IQ683049193
Electricity Settlements Company Ltd,EMEA,IQ408199553
Equinix (UK) Ltd.,EMEA,IQ36244420
Eurl Saint Germain,EMEA,IQ649332241
Ferd Jha As,EMEA,IQ409826451
Five Guys European Holdings Limited,EMEA,IQ647889735
FUNDACIÓN ONCE PARA LA COOPERACIÓN E INCLUSIÓN SOCIAL DE PERSONAS CON DISCAPACIDAD,EMEA,IQ564903616
GE Treasury Services Industrial Ireland,EMEA,IQ232018462
"Global Engineering Co., Ltd.",APAC,IQ537137485
Goldman Sachs (Uk) Svc. Limited,EMEA,IQ554767369
Greene King Retailing Parent Limited,EMEA,IQ47126566
"GRUPO ILUNION, S.L.",EMEA,IQ289159019
Hitachi High-Tech Fielding Corporation,APAC,IQ5532801
"Hitachi Information & Telecommunication Engineering,Ltd.",APAC,IQ5552697
Hoganas Holding AB,EMEA,IQ315020165
Infraserv GmbH & Co. Höchst KG,EMEA,IQ5482653
Javelin Global Commodities Services Ltd,EMEA,IQ304018248
Johnsons Apparelmaster Limited,EMEA,IQ26557193
Kagawaken Agricultural Cooperative Assoc.,APAC,IQ5480227
Kenya Airways Plc (Pvt.),EMEA,IQ585104264
Kintail Trustees Limited,EMEA,IQ288242648
KONE S.A.,EMEA,IQ5550412
Kubota Environmental Engineering Corporation,APAC,IQ5561327
Linklaters Business Services,EMEA,IQ111581142
Ly Holding Limited,EMEA,IQ410151234
Mastercard Ireland Limited,EMEA,IQ412488125
Microsoft Global Finance Unlimited Company,EMEA,IQ26671228
Mitsubishi Electric Plant Engineering Corporation.,APAC,IQ5499067
"Mitsubishi Heavy Industries Environmental & Chemical Engineering co., Ltd",APAC,IQ224569528
"Mitsui & Co. Global Logistics, Ltd.",APAC,IQ5703282
"Mitsui Designtec Co., Ltd.",APAC,IQ5885604
"Mitsui-Soko Co., Ltd.",APAC,IQ410623962
Moody's international (UK) Limited,EMEA,IQ261716125
"Nakano Shokai co.,ltd.",APAC,IQ23185186
Nuclear Liabilities Fund Ltd,EMEA,IQ47165569
Osakaizumishimin Cooperative Society,APAC,IQ5522078
"Pictet & Cie (Europe) S.A., London Branch",EMEA,IQ595095397
Planvest Oy,EMEA,IQ408122151
Psp Investments Holding Europe Ltd,EMEA,IQ538701618
RELX (Holdings) Limited,EMEA,IQ257023399
"Repsol Tesorería y Gestión Financiera, S.A.",EMEA,IQ48932014
Research Triangle Institute,N. America,IQ602331510
Residence Les Adrets,EMEA,IQ204674555
Residence Rabelais,EMEA,IQ588959542
Rolls-Royce Leasing Limited,EMEA,IQ5449258
Sandleford Limited,EMEA,IQ27221145
Santa Casa De Misericordia De Lisboa,EMEA,IQ24905928
Seariver Maritime Llc,EMEA,IQ583741504
Shihorocho Agricultural Cooperative Assoc.,APAC,IQ5533235
Suntory Beverage Solution Limited,APAC,IQ209289189
Tesco Distribution Limited,EMEA,IQ5478995
The Federation of Japanese Consumer Cooperatives,APAC,IQ5475486
The Resolution and Collection Corporation,APAC,IQ5466962
Thiais,EMEA,IQ217322129
"Tokyo Organising Committee Of The Olympic And Paralympic Games., The",APAC,IQ402605936
Toshiba Electric Service Corporation,APAC,IQ5566531
Ibaraki Coop Cooperative Society,APAC,IQ5534069
Sagakennogyokyodokumiaichuokai Agricultural Cooperative Assoc.,APAC,IQ48714925
Fm France,EMEA,IQ247954042
"Ms, K.K.",APAC,IQ1835590560
"Coopaichi, Cooperative Society",APAC,IQ5542029
Beverage Services Limited,EMEA,IQ5719561
"Hiroshima, Cooperative Society",APAC,IQ5885466
Watakyu seimoa Corporation,APAC,IQ5491246
Ampere Software Technology,EMEA,IQ592904786
"POSCO-JEPC Co., Ltd.",APAC,IQ79096430
"Kumamoto Daido Seika Co.,Ltd",APAC,IQ111305140
F Coop Cooperative Society,APAC,IQ5505901
Orsted Bioenergy & Thermal Power A/S,EMEA,IQ592249219
Shimaneken Agricultural Cooperative Assoc.,APAC,IQ318507982
Kawashima Corporation,APAC,IQ47014834
Aichiken Keizai Agricultural Cooperative Assoc.,APAC,IQ5467537
"Tepco Solution Advance Co., Ltd.",APAC,IQ47941188
Wakayamaken Agricultural Cooperative Assoc.,APAC,IQ5477781
Rakuno Tochigi Agricultural Cooperative Assoc.,APAC,IQ22654961
"Kyokuichi Co., Ltd.",APAC,IQ658578651
Torkor Corporation.,APAC,IQ5647910
Nippon Yokei Agricultural Cooperative Assoc.,APAC,IQ5647384
"Nagoyaseika Co.,Ltd.",APAC,IQ5886201
"Sbs Flec Co., Ltd.",APAC,IQ5522300
Amazon Data Services Uk Limited,EMEA,IQ580716533
Okinawaken Agricultural Cooperative Assoc.,APAC,IQ22580927
Chugoku Seinyu Hambai Agricultural Cooperative Assoc.,APAC,IQ109303732
Lixil Logistics Corporation,APAC,IQ61602786
BDO Services Limited,EMEA,IQ117548397
University Co-Operative Kansai-Hokuriku Business Association,APAC,IQ23296945
"Fukuoka Daido Seika Co., Ltd.",APAC,IQ5506440
"U Coop, Cooperative Society",APAC,IQ5478918
Kyoto Cooperative Society,APAC,IQ5502541
"Tokyo City Seika Co., Ltd.",APAC,IQ22533362
Seikatsu Club Consumers' Co-Operative Union,APAC,IQ5504073
United Drug Distributors Ireland Limited,EMEA,IQ430506574
Kagoshimaken Keizai Agricultural Cooperative Assoc.,APAC,IQ5467360
Shizuoka-Ken Keizai-Ren,APAC,IQ5471691
Osaka Koiki Nama Concrete Association,APAC,IQ5875276
Miyagi Cooperative Society,APAC,IQ6562066
"Tokai Coop Jigyorengo, Cooperative Society",APAC,IQ5503707
"Coop Kinki Jigyo Rengo, Cooperative Union",APAC,IQ46895226
Kyushu Consumer's Co-Op Union,APAC,IQ5495239
CAMST - La Ristorazione italiana Soc. Coop. a r.l.,EMEA,IQ22638775
Amazon Spain Fulfillment Slu,EMEA,IQ248798708
Co-Op Tohoku Sunnet Business Alliance,APAC,IQ5525780
ONET Services SAS,EMEA,IQ5525611
M&G Corporate Services Limited,EMEA,IQ634657302
Kanto Seinyu Hanbai Agricultural Cooperative Assoc.,APAC,IQ131455793
H & M Hennes & Mauritz Sverige Ab,EMEA,IQ49445712
Eft Investments Se,EMEA,IQ581495736
Vizion Network Limited,EMEA,IQ412487193
"Toyo Ink Co., Ltd.",APAC,IQ381615910
Consumers Co-Operative Kobe,APAC,IQ5467548
Fraikin France S.A.,EMEA,IQ257243904
Clef Holdings Limited,EMEA,IQ111595775
KlÜH Service Management GmbH,EMEA,IQ12825495
Malteser Hilfsdienst GemeinnÜTzige GmbH,EMEA,IQ283053433
PARAGON CUSTOMER COMMUNICATIONS (LONDON) LIMITED,EMEA,IQ34166122
Enix Services Ltd,EMEA,IQ602715626
Terradace Holdings Limited,EMEA,IQ275261831
Japan Co-Op Insurance Consumers' Co-operative Federation,APAC,IQ5467570
Irving Oil (U.K.) Limited,EMEA,IQ430000571
Auchan Retail Services,EMEA,IQ647668074
Malteser Deutschland Gemeinnutzige GmbH,EMEA,IQ126845622
Gruppo Executive Societa Consortile a.R.L,EMEA,IQ5684134
Glyn Hopkin Holdings Limited,EMEA,IQ655586838
Syneos Health UK Ltd.,EMEA,IQ46844300
IDEX Energies SAS,EMEA,IQ5711299
Jtb Japan Travel Corp.,APAC,IQ5689974
Co-Opdeli Consumers' Co-Operative Union.,APAC,IQ5473362
U-Logistique,EMEA,IQ580891261
Global Blue France,EMEA,IQ5544983
Hogast Einkaufsgenossenschaft Für Das Hotel- Und Gastgewerbe Registrierte Genossenschaft M,EMEA,IQ5126320
Vebego Holding N.V.,EMEA,IQ111590109
Coop Vast Ab,EMEA,IQ403535934
Netflix Services UK Limited,EMEA,IQ411049479
Itm Logistique Alimentaire International,EMEA,IQ320614101
Sigma Alimentos Exterior Slu,EMEA,IQ588791077
Mondelez Europe Services GmbH,EMEA,IQ583690608
P G S International Limited,EMEA,IQ114988350
Asko Sentrallager AS,EMEA,IQ113584078
Pobal,EMEA,IQ52129920
Dussmann Stiftung & Co. KGaA,EMEA,IQ22636519
Auktion & Markt AG,EMEA,IQ47239720
Società Regionale per la Sanità SpA,EMEA,IQ111406589
Carrefour Supply Chain SAS,EMEA,IQ26054558
Gator Intermediate Holdco (Uk) Ltd,EMEA,IQ717895415
Kumba International Trading Limited,EMEA,IQ699155373
Amazon Online Uk Limited,EMEA,IQ308963683
Ineos Commercial Services Uk Limited,EMEA,IQ252375562
Balfour Beatty Group Limited,EMEA,IQ6561840
St. James's Place Management Services Limited,EMEA,IQ22710295
Helse Midt-Norge Rhf,EMEA,IQ22516462
Strabag AG - UK Branch,EMEA,IQ579198443
REWE International Lager- und Transportgesellschaft m.b.H.,EMEA,IQ256557849
Supply Chain Coordination Limited,EMEA,IQ628374784
iShares Physical Metals plc,EMEA,IQ225488697
Themis Chateau De Chaille,EMEA,IQ206734765
EUROBAUSTOFF Handelsgesellschaft mbH & Co. KG,EMEA,IQ26014052
Eurelec Trading Cv,EMEA,IQ588997226
Lendlease Corporation Limited,EMEA,IQ585104223
Anglo American Investments (UK) Limited,EMEA,IQ47127730
CHEP UK Ltd,EMEA,IQ22615912
Financial Services Compensation Scheme Limited,EMEA,IQ22696555
The Performing Right Society Ltd,EMEA,IQ5515379
Alpha LSG Limited,EMEA,IQ233739066
Barclays Execution Services Limited,EMEA,IQ5476797
Vodafone Procurement Company S. À R.L.,EMEA,IQ102279413
Capron GmbH,EMEA,IQ32690380
Hymer GmbH & Co. KG,EMEA,IQ639046342
Dethleffs GmbH & Co. KG,EMEA,IQ5631220
"BMW Portugal, Lda.",EMEA,IQ28386736
Peugeot Citroen Poissy Snc,EMEA,IQ5468016
"Fiat Chrysler Automobiles Spain, S.A.",EMEA,IQ6447435
Renault Deutschland AG,EMEA,IQ5483273
Peugeot Citroen Rennes Snc,EMEA,IQ5467340
Dr Automobiles S.R.L.,EMEA,IQ411698021
Toyota Motor Manufacturing France S.A.S.,EMEA,IQ5491802
TRIGANO VDL,EMEA,IQ5567626
FCA France S.A.,EMEA,IQ5476826
"Hobby-Wohnwagenwerk, Ing. Harald Striewski GmbH",EMEA,IQ967133
Peugeot Citroën Automóveis Portugal S.A.,EMEA,IQ5522638
BMW (UK) Manufacturing Limited,EMEA,IQ6454936
NV Toyota Tsusho Europe SA,EMEA,IQ5542475
"Nishinihon Mitsubishi Motor Sales Co.,Ltd.",APAC,IQ5630277
Suzuki Italia S.p.A.,EMEA,IQ5882553
Peugeot Citroen Sochaux Snc,EMEA,IQ5467117
Société Européenne de Véhicules Légers du Nord SA,EMEA,IQ35798559
Mercedes-Benz France SAS,EMEA,IQ5467531
Toyota Motor Manufacturing (UK) Limited,EMEA,IQ29292839
Vauxhall Motors Limited,EMEA,IQ5466521
Renault Italia SpA,EMEA,IQ6440109
Ferrari S.p.A.,EMEA,IQ689346
Hyundai Motor Deutschland GmbH,EMEA,IQ5886026
AUDI BRUSSELS S.A./N.V.,EMEA,IQ5871304
Citroën UK Limited,EMEA,IQ6433440
"Nissan Iberia, S.A.",EMEA,IQ5478621
Suzuki France SAS,EMEA,IQ5522527
IBC Vehicles Limited,EMEA,IQ5498502
"STELLANTIS ESPAÑA, S.L.",EMEA,IQ23041161
Volvo Car Italia SPA,EMEA,IQ5503748
Kia Deutschland GmbH,EMEA,IQ33049277
Peugeot Citroen Mulhouse Snc,EMEA,IQ5466967
Volvo Espana S.L.,EMEA,IQ5886141
IVECO Deutschland Aktiengesellschaft,EMEA,IQ5477968
Mercedes-Benz Danmark A/S,EMEA,IQ5533446
Societe Vehicules Automobiles Batilly,EMEA,IQ5478896
"Volkswagen Autoeuropa, Lda.",EMEA,IQ5468366
Peugeot Motor Company PLC,EMEA,IQ22510874
Volvo Car UK Limited,EMEA,IQ5874653
Kia UK Limited,EMEA,IQ25996578
MG MOTOR UK Ltd,EMEA,IQ942365
Toyota France S.A.S.,EMEA,IQ5479296
Ampere ElectriCity,EMEA,IQ6562071
Renault Espana SA,EMEA,IQ6396746
Volvo Car Belgium NV,EMEA,IQ5467718
Volvo Car Germany GmbH,EMEA,IQ5874751
Ford Espana S.L.,EMEA,IQ29519921
McLaren Automotive Limited,EMEA,IQ23064131
Automobiles Citroen SA,EMEA,IQ5463767
Honda Motor Europe Limited,EMEA,IQ5467185
Stellantis Auto SAS,EMEA,IQ264875768
Nissan Europe S.A.S.,EMEA,IQ8102985
Peugeot Citroen Automobile SA,EMEA,IQ224165828
Stellantis Europe S.p.A.,EMEA,IQ874242
Nissan Motor Manufacturing (UK) Ltd.,EMEA,IQ5870926
Mercedes-Benz Italia S.p.A.,EMEA,IQ5467440
Maserati S.p.A.,EMEA,IQ891770
Bentley Motors Limited,EMEA,IQ5522436
Hyundai Motor Europe GmbH,EMEA,IQ11500272
Rolls-Royce Motor Cars Limited,EMEA,IQ12465327
Valmet Automotive Oyj,EMEA,IQ5920281
Toyota Motor Europe NV/SA,EMEA,IQ8187647
Opel Automobile GmbH,EMEA,IQ574232062
Renault s.a.s.,EMEA,IQ11212232
"SEAT, S.A.",EMEA,IQ5466360
Aston Martin Lagonda Limited,EMEA,IQ22654977
Automobili Lamborghini S.p.A.,EMEA,IQ7866818
NKT HV Cables AB,EMEA,IQ421428399
"Negurosu Denko Co., Ltd.",APAC,IQ5540826
"Power Electronics España, S.L.U.",EMEA,IQ60740014
La Triveneta Cavi Spa,EMEA,IQ22746307
TRILUX GmbH & Co. KG,EMEA,IQ5532955
Toshiba Lighting & Technology Corporation,APAC,IQ5478265
"Showa Furukawa Cable Co., Ltd.",APAC,IQ1839189668
Zumtobel Lighting GmbH,EMEA,IQ5532903
Abb Stotz-Kontakt Gesellschaft Mit Beschränkter Haftung,EMEA,IQ99804345
"Niigata Taiyo Yuden Co., Ltd.",APAC,IQ83718960
ABB AS,EMEA,IQ22515655
"Blue Energy Co., Ltd.",APAC,IQ54914733
"Faurecia Interieur Industrie, SAS",EMEA,IQ6454584
Lapp Holding SE,EMEA,IQ12786240
"Primearth EV Energy Co., Ltd.",APAC,IQ5753607
HELU KABEL GmbH,EMEA,IQ5704417
Fronius International GmbH,EMEA,IQ5647097
Hager Electro,EMEA,IQ6463243
"Fukui Murata Manufacturing Co., Ltd.",APAC,IQ5882187
GE Italia Holding S.p.A,EMEA,IQ8141885
"SWCC Showa Cable Systems Co., Ltd.",APAC,IQ36583380
"Omron Aso Co.,Ltd.",APAC,IQ5433141
Prysmian Cavi E Sistemi Italia Srl,EMEA,IQ5886290
Looop Inc.,APAC,IQ252444118
"ShizuokaDenso Co.,Ltd.",APAC,IQ5659969
Accumulatorenwerke HOPPECKE Carl Zoellner & Sohn GmbH,EMEA,IQ29809452
Eaton Industries (Austria) GmbH,EMEA,IQ146031839
Canon Precision Inc.,APAC,IQ5495569
Prysmian Kabel und Systeme GmbH,EMEA,IQ26443336
Prysmian Cables & Systems Limited,EMEA,IQ5479724
"Johnson Controls Autobaterías, S.A",EMEA,IQ5601015
Schneider Electric Ltd.,EMEA,IQ100764497
Baldassari Bruno e F.lli S.p.A.,EMEA,IQ22831157
Schneider Electric IT Logistics Europe Limited,EMEA,IQ100718608
COBEX GmbH,EMEA,IQ320056023
Robert Bosch Limited,EMEA,IQ22581552
G.Ecol. Cables Srl,EMEA,IQ22972350
Siemens Aktiengesellschaft Österreich,EMEA,IQ874755
Sumiden Hitachi Cable Ltd.,APAC,IQ26442146
Prysmian Cables Spain SA,EMEA,IQ2089601
General Cavi S.p.A,EMEA,IQ5577018
"Asea Brown Boveri, S.A.",EMEA,IQ12932165
Prysmian Cables Et Sys France,EMEA,IQ5519047
Prysmian Powerlink S.r.l.,EMEA,IQ111584526
Cofely Fabricom sa/nv,EMEA,IQ931905
Nexans France SAS,EMEA,IQ265089105
Alstom T & D Sa,EMEA,IQ6631156
Nexans Norway AS,EMEA,IQ22615052
Schneider Electric France SAS,EMEA,IQ46888445
Schneider Electric Industries SAS,EMEA,IQ5467415
Sony Europe B.V.,EMEA,IQ693094509
Tesla Germany GmbH,EMEA,IQ340856505
Siemens Mobility Austria GmbH,EMEA,IQ551241980
LINAK A/S,EMEA,IQ5603712
Marquardt Management SE,EMEA,IQ5545059
"SCREEN Semiconductor Solutions Co., Ltd.",APAC,IQ39279857
Tokyo Electron Miyagi Limited,APAC,IQ171160595
"Choshu Industry Co., Ltd.",APAC,IQ5377447
ON Semiconductor Ltd.,EMEA,IQ5531868
Honeywell Japan Inc.,APAC,IQ72502772
"Airbus Operations, S.L.",EMEA,IQ5503180
Rheinmetall Expal Munitions S.A.U.,EMEA,IQ44456299
Panasonic Avionics Corporation,N. America,IQ4205727
Rheinmetall MAN Military Vehicles Österreich GesmbH,EMEA,IQ226048882
UTC Actuation Systems,EMEA,IQ26179520
Société Technique pour l'Energie Atomique,EMEA,IQ5632731
Bae Systems HÄGglunds Aktiebolag,EMEA,IQ27743944
Kongsberg Defence & Aerospace AS,EMEA,IQ9220333
"Zodiac Aerosafety Systems, SA",EMEA,IQ5567306
Raytheon Systems Limited,EMEA,IQ5504309
GE Caledonian Limited,EMEA,IQ5875486
AirTanker Holdings Limited,EMEA,IQ248773824
"Mitsubishi Space Software Co.,Ltd.",APAC,IQ5577628
Iveco Defence Vehicles S.p.A.,EMEA,IQ318295214
Safran Transmission Systems SA,EMEA,IQ5565515
Safran Nacelles SAS,EMEA,IQ4320845
GE Aircraft Engine Services Limited,EMEA,IQ6454473
Bombardier Transportation UK Ltd.,EMEA,IQ5492639
Thales Las France SAS,EMEA,IQ5502692
KNDS France S. A.,EMEA,IQ22453540
A J Walter Aviation Limited,EMEA,IQ12094514
All Nippon Airways Trading Co. Ltd,APAC,IQ5481073
Ihi Aerospace Co. Ltd,APAC,IQ1677055
GKN Aerospace Services Limited,EMEA,IQ692630
Boeing Defence UK Limited,EMEA,IQ40209454
Thales Services SAS,EMEA,IQ30297028
B/E Aerospace (UK) Limited,EMEA,IQ28506190
Eurojet Turbo Gesellschaft Mit Beschränkter Haftung,EMEA,IQ5330594
BAE Systems Surface Ships Limited,EMEA,IQ46704892
GE Aviation Systems Limited,EMEA,IQ12764905
"Lockheed Martin Global, Inc.",N. America,IQ251853224
Daher Aerospace,EMEA,IQ49495107
NHIndustries SAS,EMEA,IQ9708593
Spirit AeroSystems (Europe) Limited,EMEA,IQ20332698
Navantia S.A. S.M.E.,EMEA,IQ560994
Thales Alenia Space France SAS,EMEA,IQ7128460
Airbus Defence and Space Limited,EMEA,IQ5504716
CFM International S.A.,EMEA,IQ5109515
Short Brothers PLC,EMEA,IQ20724501
Thales UK Limited,EMEA,IQ22636997
"Rolls-Royce Marine Power Operations, Ltd.",EMEA,IQ30939457
MBDA Italia S.p.A,EMEA,IQ22637382
Devonport Royal Dockyard Limited,EMEA,IQ26433699
Airbus Defence and Space SA,EMEA,IQ9192891
Thales AVS France SAS,EMEA,IQ6452041
Safran Aero Boosters SA,EMEA,IQ5533843
MBDA France S.A.S.,EMEA,IQ9682364
Airbus S.A.S.,EMEA,IQ565710
"Safran Helicopter Engines, S.A.",EMEA,IQ5502604
Airbus Helicopters Deutschland GmbH,EMEA,IQ5492601
Patria Oyj,EMEA,IQ229372905
Airbus Helicopters SAS,EMEA,IQ3474481
Safran Landing Systems SAS,EMEA,IQ5523235
AWE plc,EMEA,IQ35623938
"Industria de Turbo Propulsores, S.A.U.",EMEA,IQ786479
Safran Aircraft Engines SAS,EMEA,IQ5467329
Naval Group,EMEA,IQ26003922
FGP Topco Limited,EMEA,IQ47113725
"Fukuoka International Airport Co., Ltd.",APAC,IQ594715072
Ivy Holdco Limited,EMEA,IQ214465235
Kansai Airports,APAC,IQ331599230
Manchester Airport Group Investments Limited,EMEA,IQ282054250
Stansted Airport Limited,EMEA,IQ5552890
Tokyo International Air Terminal Corporation,APAC,IQ145009340
"Hokkaido Airports Co., Ltd.",APAC,IQ651646700
"International Airport Utility Co.,Ltd.",APAC,IQ5633669
Manchester Airport PLC,EMEA,IQ22595562
Overseas Air Travel Limited,EMEA,IQ126898660
"NA - Netjets Aviation, Sociedade Unipessoal, Lda",EMEA,IQ45729946
World Fuel Services Italy Srl,EMEA,IQ633628467
British Airways Holidays Limited,EMEA,IQ6034334
"Air Europa Lineas Aereas, Sociedad Anonima",EMEA,IQ628600834
Japan Airlines Co. Ltd,EMEA,IQ425020367
"Delta Air Lines, Inc. (Operating Subsidiary)",EMEA,IQ583684736
Flughafen Berlin Brandenburg GmbH,EMEA,IQ26521591
Heathrow Airport Limited,EMEA,IQ5477962
Air Caraïbes S.A,EMEA,IQ27439651
"Air Nostrum Lineas Aereas Del Mediterraneo, S.A.",EMEA,IQ5528209
"All Nippon Airways Co., Ltd",EMEA,IQ610235029
Cargolux Airlines International S A,EMEA,IQ591567856
"Compañía Operadora de Corto y Medio Radio Iberia Express, S.A.U.",EMEA,IQ216821405
Eva Airways Corporation,EMEA,IQ666296308
Neos S.p.A.,EMEA,IQ1828934
Ryanair DAC,EMEA,IQ27620789
Singapore Airlines Limited (Pvt.),EMEA,IQ585084758
Societe Air France,EMEA,IQ425006661
"United Airlines , Inc.",EMEA,IQ698583573
"ZIPAIR Tokyo Co., Ltd.",APAC,IQ610035734
"AIRDO Co., Ltd.",APAC,IQ6479159
Japan Transocean Air Co. Ltd.,APAC,IQ5525951
Federal Express Corporation,EMEA,IQ217396756
"Corsair International, S.A.",EMEA,IQ7818176
"Netjets - Transportes Aereos, S.A.",EMEA,IQ45730369
Solaseed Air Inc.,APAC,IQ22237343
"Luxair, Société Luxembourgeoise de Navigation Aérienne S.A.",EMEA,IQ2996491
"J-Air Co., Ltd.",APAC,IQ23037179
Easyjet Uk Limited,EMEA,IQ613063197
ASL Aviation Holdings Designated Activity Company,EMEA,IQ289367874
Wizz Air Uk Limited,EMEA,IQ654365091
Air Europa Líneas Aéreas S.A.U.,EMEA,IQ5490636
Thomson Airways Ltd.,EMEA,IQ22515952
Tui Airlines Belgium NV,EMEA,IQ26722360
Groupe Dubreuil SA,EMEA,IQ7905373
Jet2.com Limited,EMEA,IQ22729122
easyJet Airline Company Limited,EMEA,IQ5875666
American Airlines Inc,N. America,IQ425016835
"Thai Airways International Public Company Limited, London Branch",EMEA,IQ425014298
Societe Air France S.A.,EMEA,IQ26002367
"Volotea, S.L",EMEA,IQ163161726
Peach Aviation Limited,APAC,IQ143782044
Transavia France S.A.S.,EMEA,IQ33385927
Virgin Atlantic Limited,EMEA,IQ304775632
Condor Flugdienst GmbH,EMEA,IQ5478296
Aer Lingus Limited,EMEA,IQ111399895
Bajaj Mobility AG,EMEA,IQ23335317
Tan Chong Motor Holdings Berhad,APAC,IQ874541
CSC Steel Holdings Berhad,APAC,IQ12826619
"Shanghai Hanbell Precise Machinery Co., Ltd.",APAC,IQ35921502
Siemens Limited,APAC,IQ878441
"China Automotive Engineering Research Institute Co., Ltd.",APAC,IQ117024253
"Bozhon Precision Industry Technology Co.,Ltd.",APAC,IQ614944238
"China National Electric Apparatus Research Institute Co., Ltd.",APAC,IQ143627859
"SINOMACH HEAVY EQUIPMENT GROUP CO.,LTD",APAC,IQ49977244
Elco Ltd.,EMEA,IQ882843
"Beijing E-Town Semiconductor Technology Co., Ltd.",APAC,IQ1672265537
"Hymson Laser Technology Group Co.,Ltd.",APAC,IQ649837333
"Beijing Jingwei Hirain Technologies Co., Inc.",APAC,IQ108411671
"Shenzhen United Winners Laser Co., Ltd.",APAC,IQ61046761
"Mota-Engil, SGPS, S.A.",EMEA,IQ2919357
"Anji Microelectronics Technology (Shanghai) Co., Ltd.",APAC,IQ27618473
"SolaX Power Network Technology (Zhejiang) Co., Ltd.",APAC,IQ630701648
"Arctech Solar Holding Co., Ltd.",APAC,IQ419823386
"Hwatsing Technology Co., Ltd.",APAC,IQ692016050
Piotech Inc.,APAC,IQ1673702504
Thales Alenia Space Italia S.p.A.,EMEA,IQ5492590
Adolf Würth GmbH & Co. KG,EMEA,IQ223601311
Yazaki Corporation,APAC,IQ747087
RINA S.p.A.,EMEA,IQ5827224
"URBASER, S.A.",EMEA,IQ5523194
MANUCHAR nv,EMEA,IQ5629640
ALD Automotive Italia S.r.l.,EMEA,IQ5566939
Associated British Ports,EMEA,IQ22580591
General Logistics Systems Italy S.P.A.,EMEA,IQ30587923
Lemvigh-Müller A/S,EMEA,IQ5533667
Freshfields LLP,EMEA,IQ1530086
DHC Corporation,APAC,IQ6447155
Feralpi Holding S.p.A.,EMEA,IQ5542581
Fedrigoni S.p.A.,EMEA,IQ774965
"Kiloutou, SAS",EMEA,IQ24300434
RETHMANN SE & Co. KG,EMEA,IQ217024448
National Federation of Agricultural Cooperative Associations,APAC,IQ6449882
Jebsen & Jessen (GmbH & Co.) KG,EMEA,IQ5302747
Mayr-Melnhof Karton AG,EMEA,IQ881482
Coperion GmbH,EMEA,IQ1009576
Nammo AS,EMEA,IQ4321130
VELUX A/S,EMEA,IQ5487123
Eni Rewind S.p.A.,EMEA,IQ698285
Kemp & Lauritzen A/S,EMEA,IQ5638386
Semco Maritime A/S,EMEA,IQ5777621
Herrenknecht AG,EMEA,IQ751681
TÜV SÜD AG,EMEA,IQ6445532
Pirelli & C. S.p.A.,EMEA,IQ381865672
KAMAX Holding GmbH & Co. KG,EMEA,IQ6476843
GOLDBECK GmbH,EMEA,IQ47439794
Eurofighter Jagdflugzeug GmbH,EMEA,IQ5310992
Schmitz Cargobull Aktiengesellschaft,EMEA,IQ5875324
Games Workshop Limited,EMEA,IQ30133862
"Bandai Spirits Co., Ltd.",APAC,IQ581394579
"mont-bell Co.,Ltd.",APAC,IQ5438706
Lego System A/S,EMEA,IQ5506586
KTM Fahrrad GmbH,EMEA,IQ30468080
Head Uk Ltd,EMEA,IQ47443092
"SEGA Interactive Co., Ltd.",APAC,IQ321287970
UVEX WINTER HOLDING GmbH & Co. KG,EMEA,IQ47388109
Cisalfa Sport SpA,EMEA,IQ22638758
adidas (UK) Limited,EMEA,IQ5507595
Decathlon Deutschland Se & Co. Kg,EMEA,IQ250407191
"Mattel Europa, B.V.",EMEA,IQ5872024
Nike Retail B.V.,EMEA,IQ710008007
Azimut Benetti S.p.A.,EMEA,IQ144206
The Royal Mint Limited,EMEA,IQ24866077
Ravensburger AG,EMEA,IQ5533400
Viking Life-Saving Equipment A/S,EMEA,IQ5722105
"Unicharm Products Co.,Ltd.",APAC,IQ30938309
SCA Hygiene Products AB,EMEA,IQ5504093
"Saraya Co., Ltd.",APAC,IQ5704398
Industrie Cartarie Tronchetti S.p.A.,EMEA,IQ5567541
Persán S.A.,EMEA,IQ768343
Henkel Italia Srl,EMEA,IQ588997110
Unilever Belgium N.V.,EMEA,IQ5491637
Kimberly-Clark Ltd.,EMEA,IQ5874678
Unilever Italia Mkt. Operations Srl,EMEA,IQ114387532
Procter & Gamble France S.A.S.,EMEA,IQ5482839
"Essity Spain, S.L.",EMEA,IQ23378334
Artsana S.p.A.,EMEA,IQ8141861
Sofidel S.p.A.,EMEA,IQ5533327
Fiskars Finland Oy Ab,EMEA,IQ8955584
"Midori Anzen Co., Ltd.",APAC,IQ5504083
Procter & Gamble Manufacturing GmbH,EMEA,IQ5503063
Puig-Exea Corporation,EMEA,IQ13011569
PM-International AG,EMEA,IQ45823066
L'oreal Italia S.p.A.,EMEA,IQ7902291
L'Oreal (UK) Ltd.,EMEA,IQ5490962
L'Oréal Deutschland GmbH,EMEA,IQ575992996
Gruppo Sodalis Srl,EMEA,IQ263384818
Euroitalia S.r.l.,EMEA,IQ5660036
Fater S.p.A.,EMEA,IQ5493162
"FineToday Co., Ltd.",APAC,IQ1764932397
"API Co., Ltd.",APAC,IQ5707469
Livedo Corporation,APAC,IQ5639135
Givaudan France Fragrances SAS,EMEA,IQ5633373
Colgate-Palmolive S.A.S.U.,EMEA,IQ30338823
TAKARA BELMONT Corp.,APAC,IQ5504132
Sca Hygiene Products Uk Ltd,EMEA,IQ6455449
Cosmetique Active Production SAS,EMEA,IQ5638361
Charlotte Tilbury Beauty Ltd.,EMEA,IQ248077687
Chanel Parfums Beauté SAS,EMEA,IQ266487007
Beauté Prestige International S.A.,EMEA,IQ5545154
Guerlain SA,EMEA,IQ5539145
Unilever UK Limited,EMEA,IQ5478756
Estée Lauder Cosmetics NV,EMEA,IQ24807278
Lush Cosmetics Limited,EMEA,IQ159642571
Kimberly-Clark Europe Ltd.,EMEA,IQ22512578
"OHKI CO., LTD.",APAC,IQ301788740
Unilever Italy Holdings S.r.l.,EMEA,IQ45840564
L'Oreal Espana S.A.,EMEA,IQ7902115
"ISDIN, S.A.",EMEA,IQ5419235
Arla Foods Ingredients Group P/S,EMEA,IQ245253839
"Pierre Fabre Dermo-Cosmetique, S.A.",EMEA,IQ5885818
Hotpoint UK Appliances Limited,EMEA,IQ6562087
Smeg S.p.A,EMEA,IQ5534762
BSH Home Appliances Ltd.,EMEA,IQ5498471
De'Longhi Appliances S.r.l,EMEA,IQ111590103
Dyson Technology Limited,EMEA,IQ47233007
Tanico Corporation,APAC,IQ6462921
Beko plc,EMEA,IQ5566741
Electrolux Italia S.p.A.,EMEA,IQ228584378
Toshiba Carrier Corporation,APAC,IQ6562039
"BSH Electrodomésticos España, S.A.",EMEA,IQ5486072
Miele Beteiligungs-GmbH,EMEA,IQ8221187
Stihl Tirol GmbH,EMEA,IQ5777984
"Hitachi Global Life Solutions, Inc.",APAC,IQ36504691
Daikin Europe N.V.,EMEA,IQ5502649
Panasonic Corporation,APAC,IQ1785329654
"Super Bock Bebidas, S.A.",EMEA,IQ223110727
Carlsberg Danmark A/S,EMEA,IQ260818359
Heineken Entreprise,EMEA,IQ5492596
CompaÑia Cervecera Damm Sl,EMEA,IQ225575008
Boortmalt N.V.,EMEA,IQ712661
AB InBev France S.A.S.,EMEA,IQ5546101
Carlsberg Marston's Brewing Company Limited,EMEA,IQ2776824
InBev Belgium BVBA,EMEA,IQ5488628
The Fuller's Beer Company Ltd.,EMEA,IQ427369630
Carlsberg Supply Company UK Limited,EMEA,IQ255874986
Greene King Retail Services Limited,EMEA,IQ6489877
AB InBev UK Limited,EMEA,IQ5473218
Heineken Italia S.p.A.,EMEA,IQ5495650
Ringnes AS,EMEA,IQ22613986
Philip Morris Manufacturing & Technology Bologna S.p.A.,EMEA,IQ5754588
"Tabaqueira II, S.A.",EMEA,IQ60839513
British American Tobacco (Germany) GmbH,EMEA,IQ5467137
British American Tobacco Denmark A/S,EMEA,IQ5522244
Jt International Iberia Sl,EMEA,IQ5398306
Imperial Tobacco Limited,EMEA,IQ5466361
JT International Germany GmbH,EMEA,IQ127697900
British American Tobacco Belgium S.A.,EMEA,IQ5490059
Tabak- und Cigarettenfabrik Heintz van Landewyck GmbH,EMEA,IQ5538159
Gallaher Ltd.,EMEA,IQ22509871
Electrolux Deutschland GmbH,EMEA,IQ5472640
LYRECO France SAS,EMEA,IQ5503729
"Trivalor - Sociedade Gestora de ParticipaÇoes Sociais, S.A.",EMEA,IQ7911440
"KAWAJUN Co., Ltd.",APAC,IQ5633045
Boysen Management GmbH,EMEA,IQ266609123
Obeta Elektro Vertriebsgesellschaft Mit Beschrankter Haftung,EMEA,IQ22932504
Gms Srl,EMEA,IQ250001508
"Nihon Techno Co., Ltd.",APAC,IQ20971588
Gemü Holding GmbH & Co.Kg,EMEA,IQ261718997
Allergan Pharmaceuticals Ireland Ltd.,EMEA,IQ25959413
Nomar Patrimonial Sl,EMEA,IQ216213521
Schwanhäußer Industrie Holding GmbH & Co. KG,EMEA,IQ8171448
"Mitsui O.S.K. Lines, Limited",EMEA,IQ108515170
Enel Italia S.R.L.,EMEA,IQ5827986
Fukuei Steel Corporation,APAC,IQ5556638
evo Business Supplies Limited,EMEA,IQ291448789
Oest Holding GmbH,EMEA,IQ45732392
Clearsprings (Management) Ltd.,EMEA,IQ27246621
St. Elisabeth Gruppe GmbH Katholische Kliniken Rhein-Ruhr,EMEA,IQ30373345
Kliniken Des Bezirks Oberbayern - Kommunalunternehmen,EMEA,IQ109235743
UPM Raflatac Oy,EMEA,IQ5552932
"Osaka Sealing Printing Co., Ltd.",APAC,IQ5521591
"KDDI Evolva, Inc.",APAC,IQ30916472
Adolf PrÄG Verwaltungs-GmbH,EMEA,IQ539127869
Adecco Italia Holding Di Partecipazione E Servizi Spa,EMEA,IQ7865844
PLUS Corporation,APAC,IQ1467707
SHIFT IT Management GmbH & Co. KG Holding,EMEA,IQ12825014
Ntt Marketing Act Corporation,APAC,IQ22516591
Tmc Co. Ltd,APAC,IQ5491253
Procter & Gamble Service GmbH,EMEA,IQ649654755
Daval Control Sl.,EMEA,IQ595812254
Legal & General Resources Limited,EMEA,IQ5885846
Endesa Energia XXI S.L.,EMEA,IQ30484932
Ricoh Japan Corporation,APAC,IQ5479399
River Island Holdings Limited,EMEA,IQ111527967
Martini&Rossi S.p.A,EMEA,IQ26441965
The 1887 Company Limited,EMEA,IQ22989229
"Beam Holdings Management, S.L.",EMEA,IQ225576094
MHCS SCS,EMEA,IQ22185576
Jas Hennessy & Co. SCS,EMEA,IQ5496823
Diageo Scotland Limited,EMEA,IQ5477764
"Kirishima Shuzo Co.,Ltd.",APAC,IQ318508566
"Cavas del Ampurdán, S.A.",EMEA,IQ58961199
William Grant & Sons Distillers Limited,EMEA,IQ5908788
"Takara Shuzo Co., Ltd",APAC,IQ22515840
"Priesca, S.A.",EMEA,IQ376334961
J. García Carrión S.A.,EMEA,IQ153808
Vinarchy UK Limited,EMEA,IQ22563563
Fratelli Martini Secondo Luigi S.p.A.,EMEA,IQ5569316
Les Grands Chais de France SAS,EMEA,IQ5534353
Chivas Brothers Limited,EMEA,IQ6456844
The Edrington Group Limited,EMEA,IQ5531918
Greencore Food To Go Limited,EMEA,IQ8064393
Kellogg Europe Trading Limited,EMEA,IQ35226343
"Koyu Shokucho, K.K.",APAC,IQ5525655
Mars Chocolate UK Limited,EMEA,IQ59558608
Nippon White Farm K.K.,APAC,IQ5542492
Salmar Farming AS,EMEA,IQ30464324
Salumificio Fratelli Beretta SpA,EMEA,IQ5686798
"Senagral, SA",EMEA,IQ225086150
UMV Global Foods Holding Company Ltd.,EMEA,IQ279725576
S.p.A Egidio Galbani,EMEA,IQ1425296
"Ohayo Dairy Products Co.,Ltd.",APAC,IQ5522240
BioMar AS,EMEA,IQ22771515
Fullers Foods International Limited,EMEA,IQ5114043
McCain Foods (GB) Limited,EMEA,IQ5521754
J. Bauer GmbH & Co. KG,EMEA,IQ5532744
Fromageries Bel Production France,EMEA,IQ307044203
Arrivé SAS,EMEA,IQ5523075
"Taihei Co., Ltd.",APAC,IQ5875629
Nestlé Purina PetCare France S.A.S.,EMEA,IQ48670843
Alpro Comm. VA,EMEA,IQ5718799
Hilton Foods UK Limited,EMEA,IQ5581661
Mars PF France,EMEA,IQ102230271
Ecofrost Sa,EMEA,IQ46537822
Kuchenmeister GmbH Gunter Trockels,EMEA,IQ5638405
UVE S.A.,EMEA,IQ5706928
"Kaiku Corporación Alimentaria, S.L.",EMEA,IQ3358447
Meadow Foods Limited,EMEA,IQ5533909
Vandemoortele Lipids NV,EMEA,IQ5525528
Zott SE & Co. KG,EMEA,IQ5504061
Barilla France SAS,EMEA,IQ217372352
Pan Star S.L,EMEA,IQ29896847
O. & L. Sels GmbH & Co. KG,EMEA,IQ5633255
Roland Mills United GmbH & Co. KG,EMEA,IQ49497872
Nestlé Portugal S.A.,EMEA,IQ5885389
Refresco Beverages UK Ltd,EMEA,IQ5491467
Casa Olearia Italiana S.p.A.,EMEA,IQ5540864
Vamix Nv,EMEA,IQ5644790
"Grupo Valouro - S.G.P.S., S.A.",EMEA,IQ7910453
Transgourmet Österreich GmbH,EMEA,IQ5541112
Orkla Foods Norge AS,EMEA,IQ13699003
AGRANA Stärke GmbH,EMEA,IQ27146715
Tican Fresh Meat A/S,EMEA,IQ5528815
Birds Eye Limited,EMEA,IQ5479387
MOWI FEED AS,EMEA,IQ315023241
"Tsukishima Foods Industry Co.,Ltd.",APAC,IQ5542196
Blédina SAS,EMEA,IQ6461523
Lindt & Sprüngli SpA,EMEA,IQ26990830
"Shinmei Co., Ltd.",APAC,IQ5487082
Monge & C. Spa,EMEA,IQ46053328
Whitworth Bros. Ltd.,EMEA,IQ23376660
"Kmc, Kartoffelmelcentralen, A.M.B.A",EMEA,IQ5777427
Carnicas Cinco Villas SA,EMEA,IQ216656270
pladis (UK) Limited,EMEA,IQ39101137
"Importaco, S.A.",EMEA,IQ5754960
Inalca S.p.A.,EMEA,IQ26389473
EUROVO S.r.l.,EMEA,IQ5705076
Lutosa SA,EMEA,IQ22275551
Orkla Foods Sverige AB,EMEA,IQ6462357
Lactogal Produtos Alimentares S.A.,EMEA,IQ5492498
Whitworths Holdings Limited,EMEA,IQ117553077
Galletas Gullón S.A.,EMEA,IQ841224
Martini Spa,EMEA,IQ5645257
LAF Holdings Limited,EMEA,IQ111535698
Stern-Wywiol Gruppe GmbH & Co. KG,EMEA,IQ47132358
Marine Harvest Markets Norway As,EMEA,IQ421565900
"Corporación Alimentaria Peñasanta, S.A.",EMEA,IQ5492165
Polar Seafood Denmark A/S,EMEA,IQ5632785
Pastificio Rana S.p.A.,EMEA,IQ4471349
Unilever France S.A.,EMEA,IQ5477676
Ferrero Industriale Italia Srl,EMEA,IQ427362988
"Jealsa Rianxeira, S.A.U.",EMEA,IQ5629862
Agristo NV,EMEA,IQ23378244
Cereal Docks S.p.A.,EMEA,IQ5449391
Harry Brot GmbH,EMEA,IQ5523471
Perfetti Van Melle S.p.A.,EMEA,IQ22562187
"Agotzaina, S.L.",EMEA,IQ108714675
Mazana Piensos Compuestos Sl,EMEA,IQ47101906
Adm Wild Europe GmbH & Co. KG,EMEA,IQ5794396
Zentis GmbH & Co. KG,EMEA,IQ5505932
Agropecuaria Del Centro Agrocesa Sa,EMEA,IQ23378837
Cemoi Chocolatier SA,EMEA,IQ12960802
"Lípidos Santiga, S.A.",EMEA,IQ5755952
Plukon Food Group B.V.,EMEA,IQ5886348
Dale Farm Limited,EMEA,IQ5644878
House Foods Corporation,APAC,IQ254942784
Paulig Oy,EMEA,IQ61567475
AarhusKarlshamn Sweden AB,EMEA,IQ223576793
Thornico Food & Food Technology Group A/S,EMEA,IQ5632593
Queserias Entrepinares Sau,EMEA,IQ23077075
2 Sisters Food Group Limited,EMEA,IQ6084573
Westbridge Food Group Limited,EMEA,IQ111591857
"Vall Companys, S.A.",EMEA,IQ3615169
Piensos Costa S.A.,EMEA,IQ30534722
Ferrer Y Barry Sl,EMEA,IQ427337409
Cefu S.A.,EMEA,IQ5885585
Jorge S.L.,EMEA,IQ9806522
Conservas El Cidacos S.A.,EMEA,IQ142890734
SalMar AS,EMEA,IQ22989425
Wernsing Food Family GmbH & Co. KG,EMEA,IQ302724456
Conserve Italia Soc. Coop. Agricola,EMEA,IQ6461686
"Luis Calvo Sanz, S.A.",EMEA,IQ5762578
Frinsa del Noroeste S.A.,EMEA,IQ5786360
Bolton Food S.p.A.,EMEA,IQ1040749
"Preparados Alimenticios, S.A.",EMEA,IQ5689231
Mowi Scotland Limited,EMEA,IQ217433002
Unigrà S.r.l.,EMEA,IQ5633338
Cranswick Country Foods plc,EMEA,IQ5558606
Zanetti S.P.A.,EMEA,IQ5567268
"Elpozo Alimentación, S.A.",EMEA,IQ5522697
Bonduelle Europe Long Life,EMEA,IQ27242011
MB-Holding GmbH & Co. KG,EMEA,IQ12825621
Clarebout Potatoes nv,EMEA,IQ23221604
frischli Milchwerke GmbH,EMEA,IQ5534082
"Nissin Sugar Co. , Ltd.",APAC,IQ1858223653
Carte Noire SAS,EMEA,IQ533772819
"INDUSTRIAS CÁRNICAS LORIENTE PIQUERAS, S.A.",EMEA,IQ30198020
WSH International Investments Limited,EMEA,IQ312800617
Bernard SA,EMEA,IQ5528258
Leprino Foods Limited,EMEA,IQ5660034
Tereos France SA,EMEA,IQ225841608
Nipponham Processed Foods Ltd.,APAC,IQ5498792
Bunge Deutschland GmbH,EMEA,IQ46303040
Goldsteig KÄSereien Bayerwald GmbH,EMEA,IQ5538112
Arrow Group Limited,EMEA,IQ5533597
Wellfam Foods Corporation,APAC,IQ5521721
"Nabeirogest, Sociedade Gestora De ParticipaÇoes Sociais, S.a.",EMEA,IQ7939635
"Sovena Portugal - Consumer Goods, S.A.",EMEA,IQ5601013
Kewpie Egg Corporation,APAC,IQ5553089
"UHA Mikakuto Co.,Ltd.",APAC,IQ5603784
"Herba Ricemills, SLU",EMEA,IQ22933364
Japan Farm Corporation,APAC,IQ5556268
Italatte SpA,EMEA,IQ23093627
Sterilgarda Alimenti S.p.A.,EMEA,IQ22676267
Noel Alimentaria S.A.U.,EMEA,IQ84062034
KLS Ugglarps AB,EMEA,IQ130207171
Edward Billington & Son Ltd.,EMEA,IQ5576364
Fileni Simar Srl,EMEA,IQ5704142
Lactoland Trockenmilchwerk GmbH,EMEA,IQ5534280
Farmers Boy Ltd.,EMEA,IQ5554827
"Frigorificos Costa Brava, SA",EMEA,IQ52032334
"Nippon Cookery Co., Ltd.",APAC,IQ5565250
"Corporacion Alimentaria Guissona, S.A.",EMEA,IQ5503202
Bunge Italia Spa,EMEA,IQ26424630
"Chateraise Co.,Ltd.",APAC,IQ184100916
Danone Produits Frais France S.A.S.,EMEA,IQ91638891
FERRERO UK Ltd.,EMEA,IQ5633159
Skretting AS,EMEA,IQ30339669
Bakkavör Foods Limited,EMEA,IQ5487872
Sirena A/S,EMEA,IQ6487536
"Kellogg's Produits Alimentaires, S.A.S.",EMEA,IQ5532538
Pilgrims Pride Limited,EMEA,IQ5566766
Neerock Limited,EMEA,IQ133889262
biG S.r.l.,EMEA,IQ26084627
RÜCker GmbH,EMEA,IQ5651783
Deutsche Extrakt-Kaffee Gesellschaft Mit BeschrÄNkter Haftung,EMEA,IQ5556637
Yeo Valley Farms (Production) Limited,EMEA,IQ5104209
Cerealto Global sl,EMEA,IQ128295797
Colla S.p.A.,EMEA,IQ5636278
Ornua Deutschland GmbH,EMEA,IQ54098732
"United Foods International Co.,Ltd",APAC,IQ5552710
Lactel,EMEA,IQ12933837
"Meiji Feed Co., Ltd.",APAC,IQ5899088
Latteria Soresina Società Cooperativa Agrciola,EMEA,IQ5689979
"Kaneda Co.,Ltd.",APAC,IQ5554343
"Escurís, S.L.",EMEA,IQ777089
"Borges Agricultural & Industrial Edible Oils, S.A., Sociedad Unipersonal",EMEA,IQ5577691
Elaborados Carnicos Medina Sau,EMEA,IQ581538510
"Tominaga Boeki Kaisha, Ltd.",APAC,IQ5585980
SAVEUR SS INC.,APAC,IQ30238576
Hanseatic Delifood GmbH,EMEA,IQ595127411
Sovena Spain S.A.,EMEA,IQ22784389
Atria Suomi Oy,EMEA,IQ34290477
"Narikoma Enterprise, K.K.",APAC,IQ54667762
Eurial Services SAS,EMEA,IQ2697603
Royal Greenland Seafood A/S,EMEA,IQ5665005
Fleury Michon Traiteur,EMEA,IQ12466548
KANEMATSU FOODS CORPORATION,APAC,IQ697755594
Martini Alimentare Srl,EMEA,IQ5646588
"Musashino Co.,Ltd.",APAC,IQ5499065
Vlevico N.V.,EMEA,IQ5722895
Casa Tarradellas S.A.,EMEA,IQ5555813
Lactalis Compras Y Suministros Sl,EMEA,IQ46957341
Uelzena eG,EMEA,IQ5537152
Müller Fleisch GmbH,EMEA,IQ5302779
Parmareggio S.p.A.,EMEA,IQ6512424
Bayernland eG,EMEA,IQ5503110
"Yotsuba Milk Products Co.,Ltd.",APAC,IQ6451715
"SANKO SEIKA Co.,Ltd.",APAC,IQ53121480
Orangina Schweppes France SAS,EMEA,IQ26433305
Minamikyushu Chikusan Kogyo K.K.,APAC,IQ5522908
"Akita Foods Co., Ltd.",APAC,IQ5705804
The Marine Foods Corporation,APAC,IQ6461498
"Ih Meat Packer Co., Ltd.",APAC,IQ83588421
"Naabtaler Milchwerke GmbH & Co. KG, Privatmolkerei Bechtel",EMEA,IQ47130309
"Prifoods Co.,LTD.",APAC,IQ22675345
CANDIA SAS,EMEA,IQ7891422
Unil As,EMEA,IQ22709589
"UCC Ueshima Coffee Co., Ltd.",APAC,IQ5477972
ORLAIT SAS,EMEA,IQ5631268
S.A. Corman,EMEA,IQ5885909
LSO Osuuskunta,EMEA,IQ22547433
Mondelez Italia S.r.l.,EMEA,IQ22534093
"SUNDELICA. Co., Ltd.",APAC,IQ5504210
Societa' Agricola La Pellegrina Spa,EMEA,IQ5698051
Westvlees nv,EMEA,IQ5579419
S.V.A. Jean ROZE S.A.S.,EMEA,IQ5493592
Grandi Salumifici Italiani SpA,EMEA,IQ33253454
"VEGETECH Co.,Ltd.",APAC,IQ5525645
2 Sisters Red Meat Limited,EMEA,IQ282052736
SOLAREC S.A.,EMEA,IQ22727799
"Miyachiku Co., Ltd.",APAC,IQ5542258
Nisshin Foods Inc,APAC,IQ30830926
Avi.Coop Societa' Cooperativa Agricola,EMEA,IQ5546921
DIPA,EMEA,IQ266235222
Grands Moulins de Paris S.A.,EMEA,IQ515185
Yoplait France SAS,EMEA,IQ994597
Fox's Burton's Companies (FBC) UK Limited,EMEA,IQ8080820
"COREN, SCG",EMEA,IQ224101981
Feneberg Lebensmittel GmbH,EMEA,IQ22639058
Meierei Barmstedt Eg,EMEA,IQ45735130
Fatland Salg As,EMEA,IQ22687107
Bayerische Milchindustrie eG,EMEA,IQ5533808
Compagnie Générale de Conserve SA,EMEA,IQ5521151
Délifrance S.A.,EMEA,IQ6011995
Hochwald Milch eG,EMEA,IQ5567777
Nestlé France S.A.S.,EMEA,IQ48670706
"DANONE, S.A.",EMEA,IQ5487095
Forez Porc SA,EMEA,IQ23185673
"Aceites del Sur- Coosur, S.A.",EMEA,IQ6012156
Terra Lacta SAS,EMEA,IQ54908522
Raffinerie Tirlemontoise S.A.,EMEA,IQ5503936
Salov S.p.A.,EMEA,IQ5685227
Ste Normande De Volaille - Snv,EMEA,IQ5566400
"Minami Nihon Kumiai Shiryo Co.,Ltd",APAC,IQ5532846
"Tokai Denpun Co.,Ltd.",APAC,IQ5872566
Boparan Holdco Limited,EMEA,IQ207702139
Kermene,EMEA,IQ5505324
Société Coopérative Agricole Axereal,EMEA,IQ2697381
Nichirei Fresh Inc.,APAC,IQ30204626
Yamaguchi Industry Ltd.,APAC,IQ5565695
Danish Crown UK Limited,EMEA,IQ5899091
"Takanashi Milk Products Co., Ltd.",APAC,IQ5496017
Belgomilk cvba,EMEA,IQ128597660
"Zennoh Feed Mills Of The Tohoku District Co.,Ltd.",APAC,IQ5531795
Mondelez France SAS,EMEA,IQ108194324
Lesieur S.A.S.,EMEA,IQ3779190
Lactalis Beurres Et Fromages,EMEA,IQ12933843
Gastronome Distribution,EMEA,IQ5542503
ADM Agro Iberica S.L.U.,EMEA,IQ5532752
Entremont Alliance SAS,EMEA,IQ5487569
"Daily Foods, K.K.",APAC,IQ5532765
Herta S.A.S.,EMEA,IQ48670137
Melitta Group Management GmbH & Co. KG,EMEA,IQ8237781
Itoham Yonekyu Foods K.K.,APAC,IQ224040392
ISE Foods Inc.,APAC,IQ5421879
T&L Sugars Limited,EMEA,IQ222378007
FrieslandCampina Germany GmbH,EMEA,IQ6561963
"Ja Zenno Kumiai Shiryo, K.K.",APAC,IQ5647745
"Warabeya Nichiyo Foods Co., Ltd.",APAC,IQ1684797601
Rivasam Intercontinental Sa,EMEA,IQ23184857
Granlatte Società Cooperativa Agricola a.r.l.,EMEA,IQ5644026
"Fuji Baking Co., Ltd.",APAC,IQ46893009
Dcoop S.Coop.And.,EMEA,IQ13622558
Hoogwegt International B.V.,EMEA,IQ5491445
AB Azucarera Iberia S.L.U.,EMEA,IQ5493366
Nanta Sociedad Anonima.,EMEA,IQ22987618
Societe Bretonne De Volaille,EMEA,IQ383989824
Freemans of Newent Ltd.,EMEA,IQ40310008
Hook 2 Sisters Limited,EMEA,IQ47132421
"Starzen Meat Processor Co.,Ltd.",APAC,IQ6461797
Molkerei Ammerland eG,EMEA,IQ6632758
Itoham Yonekyu Plant Holdings Inc.,APAC,IQ5550411
Jacobs Douwe Egberts Trading FR SAS,EMEA,IQ307407902
Cargill PLC,EMEA,IQ12703039
Faccenda Foods Ltd.,EMEA,IQ22674859
Cargill Aqua Nutrition North Sea,EMEA,IQ22637835
Cargill Deutschland GmbH,EMEA,IQ5875995
Dairy Crest Ltd.,EMEA,IQ5472565
Dunbia (UK),EMEA,IQ5536775
Terrena Viande SAS,EMEA,IQ8032040
ABF Grain Products Limited,EMEA,IQ5490574
Müller UK and Ireland Group LLP,EMEA,IQ261288257
AEON Food Supply Ltd,APAC,IQ5486960
Sucre Union S.A.,EMEA,IQ5506825
British Sugar plc,EMEA,IQ5478700
Unilever Deutschland GmbH,EMEA,IQ5474158
Avara Foods Ltd.,EMEA,IQ610958260
Cargill France,EMEA,IQ248549431
Agricola Tre Valli Societa' Cooperativa,EMEA,IQ6561957
Arla Foods Limited,EMEA,IQ12703977
Lactalis Ingredients SNC,EMEA,IQ5495609
AIA - Agricola Italiana Alimentare S.p.A.,EMEA,IQ22516731
Barry Callebaut Belgium N.V.,EMEA,IQ5496363
Cargill NV,EMEA,IQ278673849
Moy Park Limited,EMEA,IQ2130309
FrieslandCampina Belgium N.V.,EMEA,IQ5532078
Mondelez UK Limited,EMEA,IQ5478712
Groupe Lactalis S.A.,EMEA,IQ1004605
Cermaq Norway AS,EMEA,IQ20801309
Calidad Pascual S.A.U.,EMEA,IQ278783391
"Affinity Petcare, S.A.",EMEA,IQ22686430
Chocoladefabriken Lindt & SprÜNgli GmbH,EMEA,IQ12484794
Mutti S.p.A.,EMEA,IQ46403295
Soufflet Malt SAS,EMEA,IQ5606862
Bauli S.p.A.,EMEA,IQ27146565
Mars Petcare UK,EMEA,IQ111597972
Nichirei Foods Inc.,APAC,IQ46890284
Samworth Brothers Limited,EMEA,IQ5504809
Arla Foods AB,EMEA,IQ5478160
DMK Deutsches Milchkontor GmbH,EMEA,IQ46275906
Samworth Brothers (Holdings) Limited,EMEA,IQ22562558
Refresco Deutschland GmbH,EMEA,IQ5600375
illycaffè S.p.A.,EMEA,IQ5598688
Terraform Power Uk Holdings Limited,EMEA,IQ652201847
MAJ S.A.,EMEA,IQ862749
"Nihon Ceremony Co., Ltd.",APAC,IQ5579750
Generale De Telephone,EMEA,IQ20903333
"Ichinen Co., Ltd.",APAC,IQ5377075
MEWA Textil-Service SE & Co. Management OHG,EMEA,IQ22638793
"Toyota-Usec Co., Ltd.",APAC,IQ5554686
Carglass SAS,EMEA,IQ5581446
"TOYOTA TECHNOCRAFT Co.,Ltd.",APAC,IQ5569900
Kwik Fit (GB) Limited,EMEA,IQ7901835
L.E.K. International Group Limited,EMEA,IQ595565512
"Kobelco Eco-Solutions Co., Ltd.",EMEA,IQ707069643
Mtalx Global Holdings Limited,EMEA,IQ610851776
"Yamato Auto Works Co., Ltd.",APAC,IQ26556011
Galata S.p.A.,EMEA,IQ289464376
"Mitsubishi Electric System & Service Co., Ltd.",APAC,IQ5502521
Pro Cam Europe Limited,EMEA,IQ111580789
"Musee Platinum Co., Ltd.",APAC,IQ319721987
Hil Heeresinstandsetzungslogistik GmbH,EMEA,IQ45839718
OPENLANE Europe NV,EMEA,IQ141720281
Sonan Bunkers Uk Ltd,EMEA,IQ326946118
"Sg Motors Co., Ltd.",APAC,IQ5705905
Steer Automotive Group Limited,EMEA,IQ422855939
"BELLCO Co, ltd",APAC,IQ22596276
Amphora Group Limited,EMEA,IQ654383733
JECC corporation,APAC,IQ5468087
Travelopia Group Holdings Limited,EMEA,IQ581645453
A.T.U Auto-Teile-Unger GmbH & Co. KG,EMEA,IQ26062535
Lindström Oy,EMEA,IQ22745830
Holiday Extras Investments Limited,EMEA,IQ233323251
"OGF, SA",EMEA,IQ8575692
SAS Société des Eaux de Volvic,EMEA,IQ5515963
Hofor Forsyning Holding P/S,EMEA,IQ30296819
Coca-Cola Midi S.A.S.,EMEA,IQ12869950
"Coca-Cola Iberian Partners, S.A.U.",EMEA,IQ254743931
Britvic Soft Drinks Limited,EMEA,IQ22547741
Red Bull Company Ltd.,EMEA,IQ5631287
Monster Energy Limited,EMEA,IQ224056584
European Refreshments Unlimited Company,EMEA,IQ59121561
Coca-Cola Europacific Partners Great Britain Limited,EMEA,IQ22512043
Coca-Cola Production SAS,EMEA,IQ5531957
"Wakayama Nokyo Foods Industry Co.,Ltd.",APAC,IQ5493559
"Compañía Levantina De Bebidas Gaseosas, S.L.U.",EMEA,IQ5523593
"Refrescos Envasados Del Sur, S.A.",EMEA,IQ5507383
Cobega Embotellador Slu,EMEA,IQ275402439
"SHS Group, Ltd.",EMEA,IQ5533204
Acqua Minerale San Benedetto S.p.A.,EMEA,IQ22354760
Société Anonyme des Eaux Minérales d’Evian SA,EMEA,IQ5480801
Compañía Norteña De Bebidas Gaseosas Norbega Sociedad Limitada,EMEA,IQ5632365
Coca-Cola European Partners France SAS,EMEA,IQ687476506
"Coca-Cola East Japan Products Co., Ltd.",APAC,IQ22512133
Lucozade Ribena Suntory Limited,EMEA,IQ264407145
Equatorial Coca-Cola Bottling Company SL,EMEA,IQ23895966
"COBEGA, S.A.",EMEA,IQ5491210
Vitamin Well AB,EMEA,IQ145726969
Bloomage BioTechnology Corporation Limited,APAC,IQ49039924
"Yihai Kerry Arawana Holdings Co., Ltd",APAC,IQ54836944
ANZCO Foods Limited,APAC,IQ5505855
"Beijing Yanjing Brewery Co.,Ltd.",APAC,IQ5532610
Oy Karl Fazer Ab,EMEA,IQ3576419
"Lotus Holdings Co.,Ltd.",APAC,IQ2747731
"Beijing Roborock Technology Co., Ltd.",APAC,IQ567917268
Guan Chong Berhad,APAC,IQ21854633
Brau Union Österreich Aktiengesellschaft,EMEA,IQ22548621
Coca-Cola HBC Italia S.r.l,EMEA,IQ20684868
Birra Peroni S.R.L.,EMEA,IQ4538878
Disa Holding Energetico Sl.,EMEA,IQ687645234
Danish Crown A/S,EMEA,IQ12785593
"MAHOU, S.A.",EMEA,IQ5523328
Castel Frères SA,EMEA,IQ5939516
Nutricia Limited,EMEA,IQ5545845
Mast-Jägermeister SE,EMEA,IQ5553988
Canyon Bicycles GmbH,EMEA,IQ84127567
Hijos de Rivera S.A.U.,EMEA,IQ649993976
"GRUPO LECHE PASCUAL, S.A.",EMEA,IQ5490721
Agrolimen SA,EMEA,IQ865673
KIKO S.p.A.,EMEA,IQ110005769
Gesco Societa' Cooperativa Agricola in Breve Gesco S.C.A.,EMEA,IQ22534117
Nscc Air Water Inc.,APAC,IQ30178608
"Maruzen Chemicals Co., Ltd.",APAC,IQ6464628
BASF Antwerpen N.V.,EMEA,IQ5476597
Celanese Production Germany GmbH & Co. Kg,EMEA,IQ320036340
Ineos NV,EMEA,IQ5538270
"Japan Alcohol Trading Co., Ltd.",APAC,IQ5496008
"Lyondell Chimie France,SAS",EMEA,IQ5504706
Plastic Omnium Equipamientos Exteriores SA,EMEA,IQ5828411
"Bridgestone Diversified Products Japan Co., Ltd.",APAC,IQ228271294
DuPont de Nemours (Luxembourg) s.à r.l.,EMEA,IQ22784640
Nypro Ltd,EMEA,IQ50198592
Evonik Antwerpen NV,EMEA,IQ22727782
"Mitsubishi Chemical Infratec Co.,Ltd.",APAC,IQ1870261060
Ecofuel S.p.A.,EMEA,IQ6443585
Orion Engineered Carbons GmbH,EMEA,IQ224017929
Deutsche Infineum GmbH & Co. Kg,EMEA,IQ5302042
"Fuji Seal, Inc.",APAC,IQ224024169
Evonik Degussa Antwerpen N.V.,EMEA,IQ5523902
Solvay France,EMEA,IQ7911124
Nippon A&L Inc.,APAC,IQ6464234
Speciality Chemicals International Limited,EMEA,IQ426685742
Solvay Chimica Italia S.p.A.,EMEA,IQ5529218
Tennants Consolidated Limited,EMEA,IQ4692085
Dow Italia s.r.l.,EMEA,IQ5487333
Chevron Phillips Chemicals International N.V.,EMEA,IQ5885680
BASF Schwarzheide GmbH,EMEA,IQ5882407
Tereos Starch & Sweeteners s.a.s.,EMEA,IQ5385816
Bayer MaterialScience S.r.l.,EMEA,IQ22830547
Treibacher Industrie AG,EMEA,IQ5569645
"SANKO Co.,Ltd.",APAC,IQ382071352
Dow Italia Divisione Commerciale s.r.l.,EMEA,IQ5554746
HÜTtenes-Albertus Chemische Werke Gesellschaft Mit BeschrÄNkter Haftung,EMEA,IQ12933760
Walki Holding Oy,EMEA,IQ549129043
"Wako Pure Chemical Industries, Ltd.",APAC,IQ5497418
Motul S.A.,EMEA,IQ5827888
Uop Ltd. (UK),EMEA,IQ5536855
Innospec Limited,EMEA,IQ769420
"Kao Chemicals Europe, S.L.",EMEA,IQ7915981
Solvay Specialty Polymers Italy S.p.A.,EMEA,IQ5503919
ZSCHIMMER & SCHWARZ Holding GmbH & Co KG,EMEA,IQ6463758
"Techno-UMG Co., Ltd.",APAC,IQ5504850
"Polyplastics Co., Ltd.",APAC,IQ5515927
ExxonMobil Chemical Limited,EMEA,IQ5487861
Basell Poliolefine Italia Srl,EMEA,IQ5479401
Esseco Group Srl,EMEA,IQ25094000
C.O.I.M. S.p.A.,EMEA,IQ6463174
BASF Italia S.p.A.,EMEA,IQ5598849
Röchling SE & Co. KG,EMEA,IQ8172655
Dow France,EMEA,IQ5499481
"Fukusuke Kogyo Co.,Ltd.",APAC,IQ5521589
Faggi Enrico S.p.A.,EMEA,IQ30468671
"Risupack Co.,Ltd.",APAC,IQ5885841
The Coral Oil Co. Ltd.,EMEA,IQ47127983
"Covestro, S.L.",EMEA,IQ22637558
W. Classen GmbH & Co. Kg,EMEA,IQ8222982
Solvay GmbH,EMEA,IQ857698
Methanex Europe S.A.,EMEA,IQ5537144
Covestro NV,EMEA,IQ307579405
Yamaso KK,APAC,IQ5533943
Total Italia S.r.l.,EMEA,IQ555700427
INEOS Sales Belgium N.V.,EMEA,IQ30339602
"Kojima Chemicals Co.,LTD.",APAC,IQ5824715
BASF plc,EMEA,IQ5492549
"Prime Polymer Co., Ltd.",APAC,IQ41357367
"Kyoraku Co., Ltd.",APAC,IQ6463749
Oleon NV,EMEA,IQ3433802
Braskem Europe GmbH,EMEA,IQ208441243
SunAllomer Ltd.,APAC,IQ5533061
Basell Poliolefinas Iberica Sl,EMEA,IQ5885576
"JSR Trading Co., Ltd.",APAC,IQ30134700
Matsutani Chemical Industry Co. Ltd,APAC,IQ5538660
Sasol Chemical Holdings GmbH & Co. KG,EMEA,IQ12828302
Sumitomo Chemical Europe N.V./S.A.,EMEA,IQ6043270
"Shiraishi Calcium Kaisha, Ltd.",APAC,IQ5507402
Prayon S.A.,EMEA,IQ5533028
H&R Ölwerke Schindler GmbH,EMEA,IQ5396172
Belorta,EMEA,IQ275278148
"NS Styrene Monomer Co., Ltd.",APAC,IQ146184029
CIECH Soda Deutschland GmbH & Co. KG,EMEA,IQ5436850
Safimet S.P.A.,EMEA,IQ46540402
Celanese Sales Germany GmbH,EMEA,IQ5639103
Vinnolit GmbH & Co. KG,EMEA,IQ1205783
SYRAL Belgium N.V.,EMEA,IQ5490427
Indorama Ventures Quimica SL,EMEA,IQ556810317
Mitsubishi Engineering-Plastics Corporation,APAC,IQ5490006
DOMO Caproleuna GmbH,EMEA,IQ8203048
Asahi Kasei Mitsubishi Chemical Ethylene Corporation,APAC,IQ657153134
Dow Deutschland Anlagengesellschaft mbH,EMEA,IQ36827143
Inovyn Europe Limited,EMEA,IQ589072210
INEOS Aromatics Limited,EMEA,IQ114929425
"Maruzen Petrochemical Co., Ltd.",APAC,IQ5475524
"Repsol Polimeros, S.A.",EMEA,IQ5527790
Sasol Italy Spa,EMEA,IQ6453956
Total Petrochemicals France SA,EMEA,IQ26020033
INEOS Enterprises Holdings Limited,EMEA,IQ412475405
North Atlantic Chemical,EMEA,IQ282755223
Basell Polyolefines France S.A.S.,EMEA,IQ5885566
Ineos Grangemouth plc,EMEA,IQ268665851
Mitsubishi Chemical Corporation,APAC,IQ557292104
INEOS Industries Limited,EMEA,IQ265010874
Solvay Chemicals International SA,EMEA,IQ8105352
Kem One SAS,EMEA,IQ246187168
REHAU Industries SE & Co. KG,EMEA,IQ5480256
Syngenta Limited,EMEA,IQ7487884
Evergreen Garden Care Limited,EMEA,IQ628578517
Bayer SAS,EMEA,IQ5515917
BASF Agri-Production S.A.S.,EMEA,IQ22654967
"Mitsui Chemicals Crop & Life Solutions, Inc.",APAC,IQ22729158
SIPCAM OXON S.p.A.,EMEA,IQ23400984
Certis Belchim B.V.,EMEA,IQ596298540
EuroChem Antwerpen NV,EMEA,IQ217812688
Yara Norge AS,EMEA,IQ22563258
"Fertiberia, S.A.",EMEA,IQ915445
SKW Stickstoffwerke Piesteritz GmbH,EMEA,IQ5542069
Syngenta Seeds SAS,EMEA,IQ5569590
"Bunge Ibérica, S.A.U.",EMEA,IQ5490958
Yara France SAS,EMEA,IQ5498783
Yara UK Limited,EMEA,IQ27957391
Infineum Italia srl,EMEA,IQ5898902
Taminco BVBA,EMEA,IQ603852899
Chevron Oronite SAS (Operating Subsidiary),EMEA,IQ5522345
Afton Chemical Limited,EMEA,IQ5544890
Tato Holdings Ltd.,EMEA,IQ5663160
Kuraray Europe GmbH,EMEA,IQ46298920
ORAFOL Europe GmbH,EMEA,IQ22817333
V. MANE FILS SA,EMEA,IQ5636300
Tesya S.p.A.,EMEA,IQ224066832
Coroplast Fritz MÜLler GmbH & Co. K. G.,EMEA,IQ5633263
"Nippon Bee Chemical Co.,Ltd.",APAC,IQ5644405
AlzChem Trostberg GmbH,EMEA,IQ46890896
Sun Chemical Group S.p.A.,EMEA,IQ5603344
DIC Graphics Corporation,APAC,IQ5522177
Henkel France S.A.S.,EMEA,IQ5875005
Sika France,EMEA,IQ5671664
"TOYOCHEM CO., LTD.",APAC,IQ224040146
"Tsuchiya Co., Ltd.",APAC,IQ5522209
Lubrizol France SAS,EMEA,IQ5498909
"Aisin Chemical Co., Ltd.",APAC,IQ5545052
Baerlocher GmbH,EMEA,IQ5569116
MRF Michael Rosenthal GmbH,EMEA,IQ22637532
3M United Kingdom PLC,EMEA,IQ5490618
Dow Chemical Iberica S.L.,EMEA,IQ5874617
tesa SE,EMEA,IQ5523469
Envalior N.V.,EMEA,IQ26447251
Croda Europe Limited,EMEA,IQ216809843
BASF France SAS,EMEA,IQ5927379
DAW SE,EMEA,IQ253461754
Arkema France SA,EMEA,IQ44139823
Sdc Technologies Inc.,EMEA,IQ585107539
Chr. Hansen A/S,EMEA,IQ701024214
Soudal N.V.,EMEA,IQ5631483
Societe d'Enrichissement du Tricastin,EMEA,IQ45513426
URENCO Deutschland GmbH,EMEA,IQ5605033
URENCO UK Limited,EMEA,IQ137341196
"Kimitsu Cooperative Thermal Power Company, Inc.",APAC,IQ5532407
Japan Nuclear Fuel Limited,APAC,IQ5504100
LCC Group Limited,EMEA,IQ45732224
Orano Mining SA,EMEA,IQ242391508
Diester Industrie S.A.S,EMEA,IQ5523729
Air Products PLC,EMEA,IQ5522867
BOC Limited (Operating Subsidiary 2),EMEA,IQ5478598
Gruppo SIAD S.p.A.,EMEA,IQ11609195
Air Liquide Industries Belgium Sa-nv,EMEA,IQ5565581
Air Liquide Industriegase GmbH & Co. KG,EMEA,IQ12828884
Air Liquide France Industrie S.A.,EMEA,IQ5547107
Sanders Bretagne,EMEA,IQ5515949
Kamiyama Bussan K.K.,APAC,IQ5649162
2 Agriculture Ltd,EMEA,IQ22685815
Borsari E. & C. Srl,EMEA,IQ46424251
Cargill GmbH,EMEA,IQ5493231
"Ultracongelados Virto, S.A.",EMEA,IQ5719467
Viterra Agricola España SA,EMEA,IQ22614715
Dansk Landbrugs Frøselskab AmbA,EMEA,IQ29158626
Cefetra Iberica SL,EMEA,IQ309497748
"G's Marketing, Ltd.",EMEA,IQ2444320
Biantrade Llp,EMEA,IQ283367635
"AN, S.COOP.",EMEA,IQ132958954
ForFarmers UK Limited,EMEA,IQ5497011
"Kohnan Shokuryo Co., Ltd.",APAC,IQ5686058
CompaIia General De Compras Agropecuarias Slu,EMEA,IQ22711602
"Murase, Co. Ltd",APAC,IQ5533173
Glencore Grain Italia Srl,EMEA,IQ137695428
"Takii & Co., Ltd.",APAC,IQ5521297
SanLucar Fruit S.L.,EMEA,IQ5398143
"Nagoya Shokuryo, K.K.",APAC,IQ6084949
Nom UK Ltd.,EMEA,IQ45762819
Cavac,EMEA,IQ265378131
"Mitsuhashi Inc., The",APAC,IQ5493500
"Delica Foods Co., Ltd.",APAC,IQ5750725
"Shimmei Agri, K.K.",APAC,IQ408280790
"Sankyomeat Co.,Ltd.",APAC,IQ5554659
Aveve N.V.,EMEA,IQ5528248
Anecoop S. Coop,EMEA,IQ5885658
Landgard eG,EMEA,IQ45729184
"EUROMADI IBÉRICA, S.A.",EMEA,IQ5540677
"Zen-Noh Pearl Rice Co., Ltd.",APAC,IQ5491332
"Marubeni Nisshin Feed Co.,Ltd.",APAC,IQ5504424
Agrial S.A.,EMEA,IQ5490097
Union InVivo - Union de Coopératives Agricoles,EMEA,IQ5490518
Limagrain Europe SA,EMEA,IQ5383481
Invivo Trading,EMEA,IQ281854889
Aurubis Finland Oy,EMEA,IQ241633551
Carlo Colombo SpA,EMEA,IQ5522763
"Jx Metals Smelting Co., Ltd.",APAC,IQ1847596135
"Mitsui Sumitomo Metal Mining Brass & Copper CO., Ltd.",APAC,IQ5714122
Quattroduedue Holding B.V.,EMEA,IQ23266013
Schwermetall Halbzeugwerk Gesellschaft Mit BeschrÄNkter Haftung Und Co. Kommanditgesellschaft,EMEA,IQ5302625
Trafilerie Carlo Gnutti S.p.A.,EMEA,IQ8141759
Montanwerke Brixlegg AG,EMEA,IQ5547512
"La Farga Yourcoppersolutions, S.A.",EMEA,IQ22771820
"Cunext Copper Industries, SL",EMEA,IQ13362823
NJT Copper Tube Corporation,APAC,IQ224040402
"Atlantic Copper, S.L.U.",EMEA,IQ1454567
Argentor Essayeurs,EMEA,IQ228911381
KME Germany GmbH,EMEA,IQ46545232
"Dowa Metals & Mining Co., Ltd.",APAC,IQ36244211
"Pan Pacific Copper Co., Ltd.",APAC,IQ6439822
KAZ Minerals Investments Limited,EMEA,IQ583336161
Wieland-Werke Aktiengesellschaft,EMEA,IQ7916546
Acea Ato 2 SpA,EMEA,IQ30800839
Kelda Eurobound Co Limited,EMEA,IQ111597241
Osprey Acquisitions Limited,EMEA,IQ32451784
Osprey Holdco Limited,EMEA,IQ47126420
Uisce Éireann,EMEA,IQ263877223
Berliner Wasserbetriebe AG,EMEA,IQ5480604
"Aigues De Barcelona, Empresa Metropolitana De Gestio Del Cicle Integral De L'aigua Sa",EMEA,IQ301057211
Kemptener Kommunalunternehmen Anstalt Des ÖFfentlichen Rechts Der Stadt Kempten (AllgÄU),EMEA,IQ51515815
Castle Water Ltd,EMEA,IQ426548061
Anglian Water Business (National) Limited,EMEA,IQ254630048
Scottish Water Business Stream Limited,EMEA,IQ39017953
Vlaamse Maatschappij voor Watervoorziening CV,EMEA,IQ5579958
Water Plus Limited,EMEA,IQ283471678
"FCC Aqualia, S.A.",EMEA,IQ5663911
Lyonnaise des Eaux France S.A.,EMEA,IQ5478542
South West Water Limited,EMEA,IQ957516
Wessex Water Limited,EMEA,IQ38974939
Glas Cymru Holdings Cyfyngedig,EMEA,IQ580700296
Kemble Water Holdings Limited,EMEA,IQ47126528
"Main Street Natural Gas, Inc.",N. America,IQ30661886
"Sabal Trail Transmission, Llc",N. America,IQ1673918085
"BP Gas & Power Iberia, S.A",EMEA,IQ6467055
"Cepsa Gas Comercializadora, S.A.",EMEA,IQ22709809
Cheniere Marketing International LLP,EMEA,IQ260853412
EstEnergy SpA,EMEA,IQ27307911
"Galp Gás Natural, S.A.",EMEA,IQ45251088
Gas Natural Comercializadora S.A.,EMEA,IQ6441800
"Gas Natural Servicios SDG, S.A.",EMEA,IQ5423492
Gaz de Paris SAS,EMEA,IQ252858625
Italgas Reti S.p.A.,EMEA,IQ369963477
Quadgas HoldCo Limited,EMEA,IQ433313212
"Repsol Butano, S.A.",EMEA,IQ5872591
"TOSAI GAS, Inc.",APAC,IQ5645063
TotalEnergies Gas & Power Limited,EMEA,IQ25216508
Unareti S.p.A,EMEA,IQ47308397
Wales & West Gas Networks (Holdings) Limited,EMEA,IQ47133863
ENGIE Gas Limited,EMEA,IQ5554565
Societe D'approvisionnement Et De Vente D'energies SA,EMEA,IQ315286294
ENERGAS S.p.A,EMEA,IQ23183983
Northern Gas Networks Operations Limited,EMEA,IQ46833159
Bayerngas Energy GmbH,EMEA,IQ37903562
Centrex Italia S.p.A.,EMEA,IQ109131167
Erdgas Südwest GmbH,EMEA,IQ5843860
HB TRADING SPA,EMEA,IQ256712075
"MET Energía España, S.A.U.",EMEA,IQ432759254
"Mitsuuroko Vessel Co., Ltd",APAC,IQ566037832
Gaz de Bordeaux SAS,EMEA,IQ6476021
Eni gas & power France S.A.,EMEA,IQ20440324
Npower Commercial Gas Limited,EMEA,IQ28396457
"EDP Gás.com – Comércio de Gás Natural, SA",EMEA,IQ61770983
The Shell Company of Thailand Limited,EMEA,IQ330418859
Shell Energy Deutschland GmbH,EMEA,IQ23897800
ScottishPower Energy Management Limited,EMEA,IQ26972582
Naturgy Aprovisionamientos S.A.,EMEA,IQ5475275
Kuwait Petroleum Italia S.p.A.,EMEA,IQ6395911
SEFE Energy GmbH,EMEA,IQ262700169
Aalco Metals Limited,EMEA,IQ5538247
Albemarle Germany GmbH,EMEA,IQ257031532
Boliden Mineral AB,EMEA,IQ5491218
ERAMET Norway A/S,EMEA,IQ22676235
Fukuda Metal Foil & Powder Co. Ltd,APAC,IQ5528775
Heitkamp & Thumann KG,EMEA,IQ9756189
Imphy S.A.,EMEA,IQ47167872
JFE Metal Products & Engineering Inc.,APAC,IQ5528346
Metalmeccanica Tiberina Srl,EMEA,IQ5457367
PLANSEE SE,EMEA,IQ22548182
Rio Tinto International Holdings Limited,EMEA,IQ8080090
voestalpine Grobblech GmbH,EMEA,IQ6465656
Witzenmann GmbH,EMEA,IQ941633
"Ferroglobe Spain Metals, S.A.U.",EMEA,IQ309487129
"Gonvarri I.Centro de Servicios, S.L.",EMEA,IQ54878264
"Surteckariya Co.,Ltd.",APAC,IQ5774328
GS Global Japan Corporation,APAC,IQ5875446
"Kyoho Machine Works, Ltd.",APAC,IQ5546536
"Atc, K.K.",APAC,IQ248897555
Norilsk Nickel Harjavalta Oy,EMEA,IQ5521540
Nippon Steel Coated Sheet Corporation,APAC,IQ6463085
"Hiroshima Aluminum Industry Co.,Ltd.",APAC,IQ5886271
S. Norton & Co Ltd,EMEA,IQ5827377
"Mitsuwa Electric Co., Ltd.",APAC,IQ5490351
Gebauer & Griller Kabelwerke Gesellschaft m.b.H.,EMEA,IQ5648288
Usui Metals Corporation,APAC,IQ6499880
Minmetals (UK) Ltd,EMEA,IQ5853557
Muenze Oesterreich AG,EMEA,IQ5554575
"Mitsui Bussan Metals Co.,Ltd.",APAC,IQ5503234
Aubert & Duval S.A.,EMEA,IQ22581308
"Aida Chemical Industries Co., Ltd.",APAC,IQ5708079
Aperam Stainless France SAS,EMEA,IQ270123424
Aurubis Beerse nv,EMEA,IQ26084422
SSAB Europe Oy,EMEA,IQ133688506
MM&Kenzai Sales Corporation,APAC,IQ5506302
Ausurus Group Ltd,EMEA,IQ407023820
Boliden Commercial AB,EMEA,IQ27276312
Terrafame Oy,EMEA,IQ323750406
Grillo-Werke AG,EMEA,IQ5503938
Alperia Trading SRL,EMEA,IQ591903543
Alpiq Energie France SAS,EMEA,IQ22830521
ENGIE Power Limited,EMEA,IQ22783874
Gruppo Società Gas Rimini S.p.A.,EMEA,IQ22340315
"Kobelco Power Kobe, Inc.",APAC,IQ26084303
MET Energia Italia SpA,EMEA,IQ614185308
Societe Valmy Defense 17 Sdv 17,EMEA,IQ171315608
VW Kraftwerk GmbH,EMEA,IQ5885912
Yü Energy Retail Limited,EMEA,IQ330439449
Brook Green Trading Limited,EMEA,IQ609962451
Gewi AG,EMEA,IQ260823074
Andel Energi A/S,EMEA,IQ23108763
Bryt Energy Limited,EMEA,IQ647904148
Energy2market GmbH,EMEA,IQ257392120
Alperia Energy Srl,EMEA,IQ22932166
MVV Trading GmbH,EMEA,IQ248586060
ENERGIEUNION GmbH,EMEA,IQ5290246
Energie Steiermark Business GmbH,EMEA,IQ259896877
Kashima Power Co. Ltd.,APAC,IQ1674025302
Utilita Energy Limited,EMEA,IQ215154641
OeMAG Abwicklungsstelle für Ökostrom AG,EMEA,IQ46959049
E.ON UK Energy Markets Limited,EMEA,IQ365900274
Prax Petroleum Ltd.,EMEA,IQ46409896
Eneos Power Corporation,APAC,IQ1929887703
Syneco Trading GmbH,EMEA,IQ46888263
Joint Allocation Office S.A.,EMEA,IQ100707948
Equinor Energy AS,EMEA,IQ52002888
Repsol Lubricantes Y Especialidades SA,EMEA,IQ5636596
TotalEnergies E&P UK Limited,EMEA,IQ5490164
Shell International Limited,EMEA,IQ5502894
Siemens Energy Austria GmbH,EMEA,IQ693288784
IES – ITALIANA ENERGIA E SERVIZI S.p.A.,EMEA,IQ5477485
Shell U.K. Limited,EMEA,IQ5466782
"Upper Missouri G & T Electric Cooperative, Inc.",N. America,IQ711411727
Axpo Italia S.p.A.,EMEA,IQ22534037
Bluenergy Group S.p.A.,EMEA,IQ46051741
Dolomiti Energia Trading S.p.A.,EMEA,IQ9682233
e-Distribuzione SpA,EMEA,IQ5463693
"E-REDES - Distribuição de Eletricidade, S.A.",EMEA,IQ27127184
E.On Energilösningar Aktiebolag,EMEA,IQ46843972
EDF Energy Customers Limited,EMEA,IQ22511340
EDF Energy Nuclear Generation Ltd.,EMEA,IQ5476219
EDF Production Electrique Insulaire SAS,EMEA,IQ275301846
"EDISTRIBUCIÓN Redes Digitales, S.L.U",EMEA,IQ22500746
Elia Asset SA/NV,EMEA,IQ5899056
Enel Iberia Srl,EMEA,IQ33734480
Energia Molise S.P.A.,EMEA,IQ32831184
Energie- und Wasserversorgung Bonn/Rhein-Sieg GmbH,EMEA,IQ12024965
EnergieNetz Mitte GmbH,EMEA,IQ280957290
Energinet Eltransmission A/S,EMEA,IQ631036559
ENGIE Servizi S.p.A.,EMEA,IQ22614056
Equans Services Limited,EMEA,IQ5542511
Fjordkraft AS,EMEA,IQ5717653
Fortum Power and Heat Oy,EMEA,IQ6427741
Hafslund Nett AS,EMEA,IQ22614406
Hudson Energy Supply UK Limited,EMEA,IQ214695798
Hydro Energi AS,EMEA,IQ22500673
"Iberdrola Clientes Portugal, Unipessoal, Lda",EMEA,IQ269009734
Iberdrola Clientes Sociedad Anonima.,EMEA,IQ311364733
"IBERDROLA ENERGÍA ESPAÑA, S.A.U.",EMEA,IQ286182874
Iberdrola Generación Nuclear S.A.U.,EMEA,IQ275289902
Iberdrola Redes EspaIa Sociedad Anonima Unipersonal,EMEA,IQ383653657
"Iberdrola Renovables Energia, Sau",EMEA,IQ247620267
Jämtkraft AB,EMEA,IQ5852237
Lausitz Energie Kraftwerke AG,EMEA,IQ8202528
LSW Energie GmbH & Co. KG,EMEA,IQ311391267
LSW Holding GmbH & Co. KG,EMEA,IQ270426514
Red Electrica de Espana S.A.U.,EMEA,IQ46644874
Regionetz GmbH,EMEA,IQ46330292
Ringhals AB,EMEA,IQ6461460
RWE Generation UK PLC,EMEA,IQ5874550
Saale Energie GmbH,EMEA,IQ9328508
SmartestEnergy Limited,EMEA,IQ22709520
SP Distribution plc,EMEA,IQ26972242
SSE EPM Limited,EMEA,IQ422936308
Städtische Werke Magdeburg GmbH & Co. KG,EMEA,IQ99678068
Stromnetz Berlin GmbH,EMEA,IQ45734666
Swb Erzeugung Ag & Co. Kg,EMEA,IQ5908817
TEN Thüringer Energienetze GmbH & Co. KG,EMEA,IQ47275076
TransnetBW GmbH,EMEA,IQ30906141
"Unión Fenosa Distribución, S.A.",EMEA,IQ5476118
Uniper Kraftwerke GmbH,EMEA,IQ339154392
Vattenfall Eldistribution AB,EMEA,IQ5532166
Wien Energie Vertrieb GmbH & Co KG,EMEA,IQ22548577
Dolomiti Energia S.p.A.,EMEA,IQ22746226
Stadtwerke Würzburg Aktiengesellschaft,EMEA,IQ5567598
Hera Comm S.p.A.,EMEA,IQ22136474
Alterna,EMEA,IQ46433375
Zero Watt Power.Inc,APAC,IQ1839191646
badenova AG & Co. KG,EMEA,IQ5491414
Stadtwerke Köln Gesellschaft Mit Beschränkter Haftung,EMEA,IQ876566
e.optimum AG,EMEA,IQ274916682
Stadtwerke Augsburg Energie GmbH,EMEA,IQ5546981
Total Gas Y Electricidad España SA,EMEA,IQ547317778
Power Online,EMEA,IQ407055285
Electricity Plus Supply Limited,EMEA,IQ25998991
Energieversorgungs- Und Verkehrsgesellschaft Mit Beschränkter Haftung Aachen,EMEA,IQ5531230
Netzgesellschaft OstwÜRttemberg Donauries GmbH,EMEA,IQ46951671
Trianel Kohlekraftwerk Lünen GmbH & Co. KG,EMEA,IQ257502030
Energie Steiermark Kunden GmbH,EMEA,IQ30294811
Agsm Energia Spa,EMEA,IQ23315489
Iberdrola Comercializacion De Ultimo Recurso Sociedad Anonima,EMEA,IQ119084514
Fortum Markets AB,EMEA,IQ5875028
Sunnic Lighthouse GmbH,EMEA,IQ261305548
Vestas Eolica Sa,EMEA,IQ6562928
Yello Strom GmbH,EMEA,IQ11899689
"E.ON Energía, S.L.",EMEA,IQ30489651
Electrade S.p.A.,EMEA,IQ47203163
Scottish Power Energy Retail Ltd.,EMEA,IQ26971922
Enbw Energy Factory GmbH,EMEA,IQ652857898
Eco Trade S.r.l.,EMEA,IQ536046153
FORTIA ENERGÍA S.L.,EMEA,IQ113637202
"Eni Plenitude Iberia, S.L.U.",EMEA,IQ286384917
Eneco Belgium,EMEA,IQ593214710
Alpiq Energía España S.A.U.,EMEA,IQ30659980
Enbw Ostwürttemberg Donauries AG,EMEA,IQ5545271
Alpiq Italia S.r.l.,EMEA,IQ129565447
Fortum Strøm As,EMEA,IQ22595679
"Kanden Energy Solution Co., Inc.",APAC,IQ47016602
WSW Wuppertaler Stadtwerke GmbH,EMEA,IQ118417472
Modity Energy Trading AB,EMEA,IQ46984093
SWK ENERGIE GmbH,EMEA,IQ26447538
Energiehandelsgesellschaft West mbH,EMEA,IQ5302656
Energie AG Oberösterreich Kraftwerke GmbH,EMEA,IQ39098202
Stadtwerke Aachen Aktiengesellschaft,EMEA,IQ5546189
SNCF Energie,EMEA,IQ278385836
Stadtwerke Lübeck Gruppe GmbH,EMEA,IQ259836380
Energie Burgenland Vertrieb GmbH & Co Kg,EMEA,IQ49547545
Acciona Green Energy Developments S.L.,EMEA,IQ118959269
Dual Energy Direct Ltd,EMEA,IQ105703098
"Naturgy Commodities Trading, S.A.",EMEA,IQ651633862
Brook Green Supply Limited,EMEA,IQ609954414
Valhall G.K.,APAC,IQ1856129961
EGO Energy Srl,EMEA,IQ249803065
Corona Energy Retail 4 Limited,EMEA,IQ26789441
Vattenfall Sahkonmyynti Oy,EMEA,IQ5637275
VPI POWER LIMITED,EMEA,IQ5491374
Syd Energi Salg A/S,EMEA,IQ30448841
Trianel Gaskraftwerk Hamm GmbH & Co. Kg,EMEA,IQ111597983
"Sakata Kyodo Power Company, Ltd.",APAC,IQ5571995
Ovo Electricity Ltd,EMEA,IQ206837723
Süwag Vertrieb AG & Co. KG,EMEA,IQ46012022
Energinet Systemansvar A/S,EMEA,IQ631036424
Fortum Markets Oy,EMEA,IQ5477834
Axpo Deutschland GmbH,EMEA,IQ257243996
Nova Aeg S.p.A,EMEA,IQ401818117
Energie AG Oberösterreich Vertrieb GmbH & Co KG,EMEA,IQ30339486
Repower Vendita Italia S.p.A.,EMEA,IQ1010286
"Sumitomo Joint Electric Power Co., Ltd.",APAC,IQ5648380
Nrm Netzdienste Rhein-Main GmbH,EMEA,IQ46055014
"AXPO Iberia, S.L. (Sociedad Unipersonal)",EMEA,IQ39821042
TenneT TSO GmbH,EMEA,IQ79257748
ESB Independent Energy Ltd.,EMEA,IQ20904354
Alpiq Energia Italia S.p.a,EMEA,IQ22728420
Lampiris S.A.,EMEA,IQ83841954
"Setouchi Joint Thermal Power Co., Ltd.",APAC,IQ5533921
"Nexus Energía, S.A.",EMEA,IQ51117532
British Gas Services Limited,EMEA,IQ5478857
VPI Holding Ltd,EMEA,IQ254046246
"JOBAN JOINT POWER CO.,LTD.",APAC,IQ5509445
"Kyushu Co-Operative Power Company Co., Ltd.",APAC,IQ5559220
ENTEGA Energie GmbH,EMEA,IQ22533980
Enecord,APAC,IQ1821446673
GETEC ENERGIE GmbH,EMEA,IQ22933098
Quantum GmbH,EMEA,IQ111583435
Next Kraftwerke GmbH,EMEA,IQ106309429
enercity Netz GmbH,EMEA,IQ111401008
Power NI Energy Ltd,EMEA,IQ58809973
Marubeni Power Retail Corporation,APAC,IQ1676923168
"CD Energy Direct Co.,Ltd.",APAC,IQ652985266
Soma Kyodo Power Co. Ltd.,APAC,IQ5491203
KVVH GmbH,EMEA,IQ5505494
"EDP Serviço Universal, S.A.",EMEA,IQ111621073
"ENERGIEALLIANZ Austria GmbH, Zweigniederlassung Essen",EMEA,IQ226033855
Südwestdeutsche Stromhandels GmbH,EMEA,IQ45984579
enercity AG,EMEA,IQ883161
SEFE Energy Limited,EMEA,IQ27918978
Sorgenia Trading SpA,EMEA,IQ216959328
Duferco Energia SpA,EMEA,IQ206341631
Enovos Energie Deutschland GmbH,EMEA,IQ30375510
Drax Energy Solutions Limited,EMEA,IQ51811410
Ewe Trading GmbH,EMEA,IQ246304095
ENERGIEALLIANZ Austria GmbH,EMEA,IQ30276099
Servizio Elettrico Nazionale,EMEA,IQ43503983
Sydkraft Nuclear Power AB,EMEA,IQ5921331
"Chugoku Electric Power Transmission & Distribution Company, Incorporated",APAC,IQ1817495556
"Hokkaido Electric Power Network, Inc.",APAC,IQ1818353791
EVN Energievertrieb GmbH & Co KG,EMEA,IQ22596519
Städtische Werke Nürnberg Gesellschaft Mit Beschränkter Haftung,EMEA,IQ5479310
Energie AG Oberösterreich Trading GmbH,EMEA,IQ39098196
SWM Versorgungs GmbH,EMEA,IQ6436206
"KYUSHU Electric Power Transmission And Distribution CO.,INC.",APAC,IQ662740341
Tirreno Power S.p.A.,EMEA,IQ1932129
RheinEnergie Trading GmbH,EMEA,IQ118654962
British Gas Limited,EMEA,IQ316657123
Uniper UK Limited,EMEA,IQ5740471
EWE VERTRIEB GmbH,EMEA,IQ134033543
Trianel GmbH,EMEA,IQ5645659
"Kansai Transmission and Distribution, Inc",APAC,IQ660796441
"Tohoku Electric Power Network Co., Inc.",APAC,IQ1816616997
E.ON NEXT ENERGY LIMITED,EMEA,IQ22637169
Centrica Energy Marketing Limited,EMEA,IQ316657359
Uniper Energy Sales GmbH,EMEA,IQ99084605
Engie Italia SpA,EMEA,IQ232410005
"Chubu Electric Power Miraiz Co., Inc.",APAC,IQ689179790
"TEPCO Energy Partner, Incorporated",APAC,IQ412026051
Gestore dei Mercati Energetici S.p.A.,EMEA,IQ23927547
OVO Energy Ltd,EMEA,IQ130334301
Endesa Energia S.A.,EMEA,IQ5480375
Energieversorgung Mittelrhein AG,EMEA,IQ5554882
Forsmarks Kraftgrupp AB,EMEA,IQ5510618
RWE Power AG,EMEA,IQ13236992
Network Plus Services Ltd,EMEA,IQ47194069
Gas Y Electricidad Generacion SA,EMEA,IQ5552944
A2A Energia SPA,EMEA,IQ552239205
Vlaams Energiebedrijf nv,EMEA,IQ324781229
Austrian Power Grid AG,EMEA,IQ5531746
Nuclear Restoration Services Limited,EMEA,IQ5502569
EirGrid plc,EMEA,IQ20902533
Union Electrica De Canarias Generacion SA,EMEA,IQ5516209
Octopus Energy Operations 2 Limited,EMEA,IQ631262879
British Gas Trading Limited,EMEA,IQ1605811
Uniper Global Commodities SE,EMEA,IQ58145312
Edison Energia S.p.A.,EMEA,IQ5481563
Bord Gáis Energy Limited,EMEA,IQ266171555
Iren Energia S.P.A.,EMEA,IQ133191598
Terna Rete Italia SpA,EMEA,IQ206696618
Iren Mercato S.p.A.,EMEA,IQ22675673
Engie España S.L.U.,EMEA,IQ102286930
Ep Produzione S.P.A.,EMEA,IQ311794672
Acea Energia S.p.A.,EMEA,IQ22533416
Ovo Group Ltd,EMEA,IQ320607626
E.ON Energy Solutions Limited,EMEA,IQ42467157
eins energie in sachsen GmbH & Co. KG,EMEA,IQ5547159
Essener Versorgungs- und Verkehrsgesellschaft mbH (EVV),EMEA,IQ5507430
Göteborg Energi Aktiebolag,EMEA,IQ5900515
ORES Assets scrl,EMEA,IQ260126234
Ørsted Salg & Service A/S,EMEA,IQ5477771
Pozitive Energy Ltd,EMEA,IQ609882967
Stadtwerke Kiel AG,EMEA,IQ681538
Vattenfall Europe Sales GmbH,EMEA,IQ22515893
wesernetz Bremen GmbH,EMEA,IQ6462857
Estra Energie S.R.L.,EMEA,IQ268262734
e-regio GmbH & Co. KG,EMEA,IQ529275545
WEMAG AG,EMEA,IQ5555638
Stadtwerke Rostock AG,EMEA,IQ5919715
EVH GmbH,EMEA,IQ5550634
Südwestfalen Energie und Wasser AG,EMEA,IQ47126441
Plures S.p.A.,EMEA,IQ5827275
RhönEnergie Fulda GmbH,EMEA,IQ5342988
Stadtwerke Halle GmbH,EMEA,IQ8202429
Azienda Generale Servizi Municipali di Verona S.p.A.,EMEA,IQ5553895
Stadtwerke MÜNster GmbH,EMEA,IQ143415339
Tremagi S.R.L.,EMEA,IQ325937264
Dortmunder Energie- Und Wasserversorgung Gesellschaft Mit Beschränkter Haftung,EMEA,IQ5496082
Mark-E Aktiengesellschaft,EMEA,IQ5533612
LVV Leipziger Versorgungs- und Verkehrsgesellschaft mbH,EMEA,IQ59047009
MAINGAU Energie GmbH,EMEA,IQ27567465
GasVersorgung Süddeutschland GmbH,EMEA,IQ879517
Technische Werke Dresden GmbH,EMEA,IQ5503003
Stadtwerke Duisburg AG,EMEA,IQ5519078
SachsenEnergie AG,EMEA,IQ5503831
Hera Trading S.r.l.,EMEA,IQ30339609
EDF Energy Holdings Limited,EMEA,IQ223881979
Act Commodities B.V.,EMEA,IQ592289188
Api Holding S.p.A.,EMEA,IQ9804856
B2mobility GmbH,EMEA,IQ625726403
Black Oils S.p.A.,EMEA,IQ26813739
BP Gas Marketing Limited,EMEA,IQ5479321
Chevron Belgium N.V.,EMEA,IQ59251846
Compagnie Petroliere De L'ouest,EMEA,IQ5502654
Dats 24 NV,EMEA,IQ52006425
DMS S.N.C.,EMEA,IQ5498612
Eni Deutschland GmbH,EMEA,IQ5468065
Etablissementen J. Maes Zonen Nv,EMEA,IQ23093082
Ethanol Europe Renewables Ltd.,EMEA,IQ321280851
ExxonMobil Petroleum & Chemical BV,EMEA,IQ5466416
"Iberian Lube Base Oils Company, S.A.",EMEA,IQ241754796
Infineum France SNC,EMEA,IQ5523420
"J-Quest Co., Ltd.",APAC,IQ22783521
"Kuwait Petroleum España, S.A.",EMEA,IQ5525675
Malik Supply A/S,EMEA,IQ134348159
MET Austria Energy Trade GmbH,EMEA,IQ291937896
MOL Austria Handels GmbH,EMEA,IQ5545209
"MOL Techno-Trade, Ltd.",APAC,IQ5545219
MONTANA Group GmbH,EMEA,IQ182953441
Natural Energy West GmbH,EMEA,IQ47130910
"Naturgas Energia Comercializadora, S.A.U.",EMEA,IQ5705731
Neste Markkinointi Oy,EMEA,IQ5482756
PetroIneos Fuels Limited,EMEA,IQ114227009
Petroineos Manufacturing France Sas,EMEA,IQ46894272
Phillips 66 UK Holdings Limited,EMEA,IQ214162427
"Prio Supply, S.A.",EMEA,IQ207072432
Raffineria di Milazzo S.C.p.A.,EMEA,IQ5528205
Raffinerie Heide GmbH,EMEA,IQ118904653
"Repsol Petróleo, S.A.",EMEA,IQ5463783
"Repsol Trading, S.A.",EMEA,IQ5464159
Ruhr Oel GmbH,EMEA,IQ26020095
Shell Energy Italia S.r.l.,EMEA,IQ106461503
"Shell Espana, S.A.",EMEA,IQ5476857
Shell International Petroleum Company Limited,EMEA,IQ5503830
Société Anonyme de la Raffinerie des Antilles,EMEA,IQ272635914
Sonatrach Petroleum Corporation (BVI),EMEA,IQ59388407
"Taiyo Koyu Co., Ltd.",APAC,IQ5491232
Total Raffinaderij Antwerpen N.V.,EMEA,IQ5522152
Valero Energy Ltd,EMEA,IQ254626151
"Wakayama Petroleum Refining Co., Ltd.",APAC,IQ30025230
WOREX SNC,EMEA,IQ5486161
Xl Servicestations Bvba,EMEA,IQ247594670
"Petroleos del Norte, S.A.",EMEA,IQ4509086
"Asamarbunkers - Consultadoria E ParticipaÇÕes, Lda",EMEA,IQ83019937
Harvest Energy Ltd.,EMEA,IQ5468092
"Hayashikane Oil Co., Ltd.",APAC,IQ5507408
"Kokusai Oil & Chemical Co., Ltd.",APAC,IQ5477784
G&V Servicestations NV,EMEA,IQ111319124
INEOS Sales (UK) Limited,EMEA,IQ253181623
Eneos Sun-Energy Corporation,APAC,IQ5600035
Soven S.A.S.,EMEA,IQ5648766
Eni France SA,EMEA,IQ164892626
Adamant BioNRG S.r.l.,EMEA,IQ537131594
Repsol Italia SpA,EMEA,IQ5718805
Ineos Köln GmbH,EMEA,IQ22709977
"Fuji Kosan Company, Ltd.",APAC,IQ604134585
BAYERNOIL Raffineriegesellschaft mbH,EMEA,IQ5467763
Glander International Bunkering (Norway) AS.,EMEA,IQ22746287
Kuwait Petroleum Aviation France Sas,EMEA,IQ111537716
Van Kessel Olie B.V.,EMEA,IQ144108983
North European Oil Trade AS,EMEA,IQ337582896
Societe Valmy Defense 38 En Abrege Svd 38,EMEA,IQ325717572
Urbaine des Petroles S.A.S.,EMEA,IQ5478377
Essar Midlands Limited,EMEA,IQ601266322
ExxonMobil Marine Limited,EMEA,IQ5491202
Westgass AS,EMEA,IQ586151257
Franc Comtoise Carburants Combustibles SAS,EMEA,IQ5704205
Mobene GmbH & Co. Kg,EMEA,IQ127694451
"Unión Fenosa Gas Comercializadora, S.A.",EMEA,IQ108108824
Iplom SpA,EMEA,IQ5503383
China Aviation Fuel (Europe) Limited,EMEA,IQ572443763
PCK Raffinerie GmbH,EMEA,IQ5471605
Petco Trading (UK) Limited,EMEA,IQ111703241
"PetroChina International (London) Co., Limited",EMEA,IQ224714425
Shell Energy Europe B.V.,EMEA,IQ23482254
Deutsche AVIA Mineralöl-GmbH,EMEA,IQ5479715
Phillips 66 Ireland Limited,EMEA,IQ22533937
North European Oil Trade Ab,EMEA,IQ381341826
Crossbridge Energy A/S,EMEA,IQ5874506
Exxonmobil Gas Marketing Europe Limited,EMEA,IQ4373749
"Seibu Oil Co., Ltd.",APAC,IQ6435321
Commercial Energy Solutions GmbH,EMEA,IQ30274517
MiRO Mineraloelraffinerie Oberrhein GmbH & Co. KG,EMEA,IQ42227315
Sonatrach Raffineria Italiana S.R.L.,EMEA,IQ589618685
"Taiyo Oil Company, Limited",APAC,IQ5467414
"PetroChina International(Japan)Co., Ltd.",APAC,IQ144994458
Omv Supply & Trading Italia S.R.L.,EMEA,IQ639339972
"BP España, S.A.U.",EMEA,IQ8201308
"Usami, K.K.",APAC,IQ5468362
Usami Koyu Corp.,APAC,IQ216276155
Gs Caltex Singapore Pte Ltd,EMEA,IQ411954455
Sol Puerto Rico Ltd,N. America,IQ224756287
"Esso Petroleum Company, Limited",EMEA,IQ5466418
"BP Energía España, S.A.U",EMEA,IQ5871087
ISAB S.r.l.,EMEA,IQ13622328
Total Raffinage France,EMEA,IQ257508224
Kalundborg Refinery A/S,EMEA,IQ143979254
Essar Oil (UK) Limited,EMEA,IQ208574994
North Atlantic Raffinage,EMEA,IQ6461890
Shell Deutschland GmbH,EMEA,IQ5466733
PTT International Trading London Ltd,EMEA,IQ413056143
Greenergy Fuels Holdings Limited,EMEA,IQ224652986
Sarlux S.r.l.,EMEA,IQ5522160
BP Europa SE,EMEA,IQ5468293
Rosneft Deutschland GmbH,EMEA,IQ433885419
"BridgeTex Pipeline Company, LLC",N. America,IQ236917871
Equinor Marketing & Trading (US) Inc.,N. America,IQ6561804
AGN ENERGIA SPA,EMEA,IQ6883957
Air Water Lifesolution K.K.,APAC,IQ52718721
Alpha Trading S.p.a.,EMEA,IQ5644838
Alvéa S.N.C.,EMEA,IQ5492113
Ambrian Energy GmbH,EMEA,IQ111624966
Autosped G S.p.A.,EMEA,IQ30464271
BP Oil UK Ltd.,EMEA,IQ5463598
BP Shipping Limited,EMEA,IQ5497473
Butagaz SAS,EMEA,IQ5522301
"C Energy Co., Inc.",APAC,IQ38595349
Calor Gas Limited,EMEA,IQ3796526
"Campsa Estaciones de Servicio, S.A. - CAMPSARED",EMEA,IQ5542472
Carfuel SAS,EMEA,IQ5467184
Circle K Sverige AB,EMEA,IQ217860515
Comfort Energy NV,EMEA,IQ45767119
Crown Oil Ltd,EMEA,IQ5452829
Disa Suministros Y Trading SL,EMEA,IQ145683782
"Enagás Transporte, S.A.U.",EMEA,IQ214525336
"Endesa Energia, S.A. - Sucursal Em Portugal",EMEA,IQ146084981
"ENEOS Globe Energy Co., Ltd.",APAC,IQ50275788
ENEOS Ocean Corporation,APAC,IQ141445748
ENI Rete Oil & Non Oil SpA,EMEA,IQ82660321
Fukuoka Standard Re K.K.,APAC,IQ6478461
Gabriels &C NV,EMEA,IQ5778560
GASCADE Gastransport GmbH,EMEA,IQ42893588
Goldengas s.p.a.,EMEA,IQ46496391
GrDF SA,EMEA,IQ106348205
HOYER GmbH Internationale Fachspedition,EMEA,IQ35993128
Kreuzmayr GmbH,EMEA,IQ61402831
Liquigas S.p.A.,EMEA,IQ22563194
"Mcmullan Bros., Limited",EMEA,IQ5504356
Methane Services Limited,EMEA,IQ36872492
"Osaka Gas Marketing Co., Ltd.",APAC,IQ1848235220
Peninsula Petroleum Sl,EMEA,IQ301057089
Q8 Danmark A/S,EMEA,IQ5502982
Radius Business Solutions (Belgium),EMEA,IQ216824936
"Repsol Comercial de Productos Petrolíferos, S.A.",EMEA,IQ5463979
"Sanwa Energy Co., Ltd.",APAC,IQ47793981
SEFE Marketing & Trading Limited,EMEA,IQ5826800
SHV Gas Supply & Risk Management SAS,EMEA,IQ30835007
Solveig Gas Norway AS,EMEA,IQ158690779
Stoccaggi Gas Italia S.p.A.,EMEA,IQ22515050
Tamoil Italia S.p.A.,EMEA,IQ10081255
TOPAZ BULL MANUFACTURING LIMITED,EMEA,IQ5510326
Total Caraibes,EMEA,IQ45794008
Uno-X Gruppen AS,EMEA,IQ145723380
Valero Energy (Ireland) Limited,EMEA,IQ5875179
Varo Energy Supply Trading B.V.,EMEA,IQ403722722
"World Fuel Services Europe, Ltd.",EMEA,IQ23928033
AS24 SAS,EMEA,IQ5875524
Ludoil Energia Srl,EMEA,IQ225910206
Opet International Limited,EMEA,IQ46753620
Bolloré Energy S.A.,EMEA,IQ5491180
Internacional De Alcoholes SA,EMEA,IQ253302098
Charvet S.A.S.,EMEA,IQ5503961
Zg Raiffeisen Biofuels GmbH,EMEA,IQ585030708
SOCOGAS S.p.A.,EMEA,IQ5646916
Van Raak Trading NV,EMEA,IQ45798890
NWF Fuels Ltd,EMEA,IQ22709573
Bunker Oil AS,EMEA,IQ5419120
Petrolifera Adriatica S.p.A.,EMEA,IQ47342834
UGI France SAS,EMEA,IQ25050391
"PETRONIEVES, S.L.",EMEA,IQ47099413
RYUSEKI CORPORATION,APAC,IQ5524410
Energie Direct Mineralölhandelsges.m.b.H.,EMEA,IQ46894847
Preem Norge As,EMEA,IQ626595759
Stena Oil AB,EMEA,IQ5547440
Heinrich Fip GmbH & Co. KG,EMEA,IQ5579263
Petrogas Group UK Ltd,EMEA,IQ111627125
B.W.O.C. Limited,EMEA,IQ22745583
DLH Fuel Company MbH,EMEA,IQ111521292
San Marco Petroli S.p.A.,EMEA,IQ5598832
SIRTAM SpA,EMEA,IQ30442201
A/S Dan-Bunkering Ltd.,EMEA,IQ5538655
Oil NRG Ltd.,EMEA,IQ242411821
Societe Européenne de Gestion de l'Energie SA,EMEA,IQ247594641
Stena Line Scandinavia Ab,EMEA,IQ144047967
Axoil Energy SL,EMEA,IQ54083370
Northstar NV,EMEA,IQ5488906
Gkg Mineraloel Handel GmbH & Co Kg,EMEA,IQ5534286
Proxifuel,EMEA,IQ46400931
Bomin Belgium BVBA,EMEA,IQ310618342
Argos Oil France S.A.S.,EMEA,IQ52032477
Engycalor Energia Calore Srl,EMEA,IQ5542518
"Seino Tradings Co.,Ltd.",APAC,IQ5528953
Karl Roßnagel GmbH & Co KG,EMEA,IQ5722265
Promgas S.p.A.,EMEA,IQ5531874
Egedis SAS,EMEA,IQ5668928
SK Energy Europe Limited,EMEA,IQ26019780
"Alcapetro - PetrÓleos E Derivados, S.A.",EMEA,IQ171668457
J.R.Rix & Sons Limited,EMEA,IQ22615642
Toyotsu Energy Corporation,APAC,IQ5703479
Fritz Wahr Energie GmbH & Co. Kg,EMEA,IQ257032687
Japex Energy Corporation,APAC,IQ62313553
"Mita Shoten, K.K.",APAC,IQ5532727
Oilchart International NV,EMEA,IQ5827154
P.M.I. Trading Designated Activity Company,EMEA,IQ22509907
OKTAN Mineraloel-Vertrieb GmbH,EMEA,IQ5491015
Mabanaft Limited,EMEA,IQ5473550
Distridyn SA,EMEA,IQ5477840
Total UK Limited,EMEA,IQ5466904
WFL (UK) Limited,EMEA,IQ22637070
"Santoku Energy Co., Ltd.",APAC,IQ5531607
"Sagane, S.A.",EMEA,IQ5480323
"Yoshida Oil Co., Ltd.",APAC,IQ5521262
Dyneff SAS,EMEA,IQ5479508
Certas Energy UK Ltd.,EMEA,IQ26581415
BB Energy Trading Ltd.,EMEA,IQ47162149
"Nakagawa Bussan Co.,Ltd.",APAC,IQ5477795
"Toyo Energy Co., Ltd.",APAC,IQ5522090
SCA Pétrole et Dérivés SAS,EMEA,IQ109127789
"Kokura Kosan Energy Co., Ltd.",APAC,IQ46895376
"Idemitsu Energy Solutions Co., Ltd.",APAC,IQ5663628
Sogo Energy Corporation,APAC,IQ223988109
North European Oil Trade Oy,EMEA,IQ26084255
"Shin-Idemitsu Co.,Ltd.",APAC,IQ5475925
"ENEOS WING Co., Ltd.",APAC,IQ144178107
Kygnus Sekiyu K.K.,APAC,IQ6415567
Oy Teboil Ab,EMEA,IQ876173
Sse Hornsea Ltd,EMEA,IQ30469883
Cosmo Oil Sales Corporation,APAC,IQ5479691
Centrica LNG Company Limited,EMEA,IQ114774639
Peninsula Petroleum Ltd,EMEA,IQ52001840
Unipec UK Co. Limited,EMEA,IQ5606910
Sinergy,EMEA,IQ5467519
"Galp Energia Espana, S.A.U.",EMEA,IQ5490278
"Mitsubishi Shoji Sekiyu Co., Ltd.",APAC,IQ5467873
"Sinochem International Oil (London) Co., Ltd.",EMEA,IQ5467278
Eneos Globe Corporation,APAC,IQ27408365
ORLEN Energy Trading GmbH,EMEA,IQ208633316
"Disa Corporación Petrolífera, S.A.",EMEA,IQ2042465
Greenergy Fuels Limited,EMEA,IQ11901379
Maersk Product Tankers A/S,EMEA,IQ560249005
Snam Rete Gas S.p.A.,EMEA,IQ234514333
Å Energi Vannkraft AS,EMEA,IQ22686928
ArcelorMittal Energy S.C.A.,EMEA,IQ253019298
China Resources New Energy Holdings Company Limited,APAC,IQ1935210277
Compagnia Valdostana delle Acque - Compagnie Valdôtaine des Eaux S.p.A.,EMEA,IQ22831239
"EDP - Gestão da Produção de Energia, S.A.",EMEA,IQ12828932
Hafslund Eco Vannkraft AS,EMEA,IQ22685999
Hydro Dolomiti Energia S.r.l.,EMEA,IQ38968368
Kraftwerke Mainz-Wiesbaden AG,EMEA,IQ5503780
RWE Renewables UK Swindon Limited,EMEA,IQ4941582
ScottishPower Renewables (UK) Limited,EMEA,IQ60884229
SSE Generation Limited,EMEA,IQ22636981
Statkraft Energi AS,EMEA,IQ26442978
Statkraft Markets GmbH,EMEA,IQ22516073
Vattenfall Wasserkraft GmbH,EMEA,IQ593210976
VERBUND Hydro Power GmbH,EMEA,IQ5504376
ENERPARC AG,EMEA,IQ59048242
Energia Customer Solutions Limited,EMEA,IQ22745385
"FACTOR ENERGIA, S.A.",EMEA,IQ36735449
RWE Renewables UK Limited,EMEA,IQ100850112
LINZ STROM GAS WÄRME GmbH für Energiedienstleistungen und Telekommunikation,EMEA,IQ5556187
TIWAG-Tiroler Wasserkraft AG,EMEA,IQ5503648
Städtische Werke Aktiengesellschaft,EMEA,IQ5533863
Stadtwerke Heidelberg Energie GmbH,EMEA,IQ54264742
SSE Airtricity Limited,EMEA,IQ254474331
Uniper France Energy Solutions S.A.S,EMEA,IQ99261513
IWATE COOP,APAC,IQ528882710
Stadtwerke Tübingen GmbH,EMEA,IQ5722984
Ecotricity Group Limited,EMEA,IQ45764412
Ecotricity Limited,EMEA,IQ111665084
LichtBlick SE,EMEA,IQ27219971
"Oita Cooperative Thermal Power Co.,Inc.",APAC,IQ5606832
Tokyo Power Technology Ltd.,APAC,IQ5534663
VSE Aktiengesellschaft,EMEA,IQ1436946
"Kyuden Mirai Energy Company, Incorporated",APAC,IQ311216834
"Energy Advance CO.,LTD.",APAC,IQ22686393
Kashima Kyodo Electric Power Co.,APAC,IQ5533634
Renewable Energy Systems Holdings Ltd.,EMEA,IQ5479302
"Mitsuuroko Green Energy Co., Ltd",APAC,IQ47274981
EDP Energia S.A.,EMEA,IQ22830983
Ørsted Wind Power A/S,EMEA,IQ592238390
A2A Ambiente Spa,EMEA,IQ5461927
Enel Produzione S.p.A.,EMEA,IQ5465073
ENGIE Deutschland AG,EMEA,IQ5557681
Octopus Energy Limited,EMEA,IQ541457720
UPM Energy Oy,EMEA,IQ424880024
Stockholm Exergi AB,EMEA,IQ5521178
EDF Luminus n.v.,EMEA,IQ1216251
Private Oil Holdings Oman Limited,EMEA,IQ5874503
A/S Norske Shell,EMEA,IQ4469004
"Abu Dhabi Oil Co., Ltd.",APAC,IQ5886394
Bg Karachaganak Limited,EMEA,IQ22783718
BP (Abu Dhabi) Limited,EMEA,IQ5872288
BP Exploration (Azerbaijan) Limited,EMEA,IQ47552393
BP Global Investments Limited,EMEA,IQ5480083
ConocoPhillips Skandinavia AS,EMEA,IQ22515711
Eneos Xplora Berau Limited,APAC,IQ109468535
Eni Angola S.p.A.,EMEA,IQ45826402
Eni ULX Limited,EMEA,IQ5881730
Equinor Angola Block 17 As,EMEA,IQ22638939
Esso Exploration and Production UK Limited,EMEA,IQ5476563
Inpex Idemitsu Norge AS,EMEA,IQ22596165
Ithaca (NE) E&P Limited,EMEA,IQ331725110
Lundin Energy Norway AS,EMEA,IQ45820278
Mozambique Rovuma Venture S.p.A.,EMEA,IQ112706295
NEO Energy Petroleum Limited,EMEA,IQ182168554
Neptune Energy Norge AS,EMEA,IQ23036482
Noreco Oil Denmark A/S,EMEA,IQ991894
OMV (Norge) AS,EMEA,IQ53002065
ORLEN Upstream Norway AS,EMEA,IQ46674802
Perenco Overseas Holdings Limited,EMEA,IQ263485366
Perenco UK Ltd.,EMEA,IQ22933010
Premier Oil UK Limited,EMEA,IQ23019821
Repsol Exploracion Peru Sa,EMEA,IQ641543850
Total Austral S.A.,EMEA,IQ5554752
TotalEnergies E&P North Sea UK Limited,EMEA,IQ5525051
Totalenergies Ep Danmark A/S,EMEA,IQ10917284
Totalenergies Ep Kazakhstan,EMEA,IQ227936279
TAQA Bratani Limited,EMEA,IQ41390183
Dana Petroleum (E&P) Limited,EMEA,IQ20343001
Repsol Norge AS,EMEA,IQ105666423
Cairn Energy Hydrocarbons Limited,EMEA,IQ62386280
RWE Dea UK Holdings Limited,EMEA,IQ434779
Chrysaor Limited,EMEA,IQ532743661
"Saisan Co.,Ltd.",APAC,IQ5528935
BP Exploration (Alpha) Limited,EMEA,IQ22798813
"TOMOE SHOKAI Co., Ltd.",APAC,IQ6457406
Beb Erdgas Und ErdÖL GmbH & Co. Kg,EMEA,IQ5470830
"Toho Liquefied Gas Co., Ltd.",APAC,IQ5908787
Shell Erdgas Marketing GmbH & Co. Kg.,EMEA,IQ30995877
Maurel & Prom Trading,EMEA,IQ691580666
NEO Energy Resources UK Limited,EMEA,IQ5476104
Britoil Limited,EMEA,IQ5476295
BP Exploration (Delta) Limited,EMEA,IQ46237233
Mobil Erdgas-Erdöl GmbH,EMEA,IQ5479786
Lubricants UK Ltd.,EMEA,IQ5885217
"Repsol LNG Holding, S.A.",EMEA,IQ37255114
Pluspetrol Resources Corporation B.V.,EMEA,IQ8174863
Corona Gas Management Ltd,EMEA,IQ22848441
BG International Limited,EMEA,IQ766339
JET Energy Trading GmbH,EMEA,IQ49416716
EnQuest Heather Limited,EMEA,IQ27164532
PRIO Luxembourg Holding S.à r.l.,EMEA,IQ636207158
The Attock Oil Company Limited,EMEA,IQ5505503
Ithaca SP E&P Limited,EMEA,IQ26051686
Esso Norge AS,EMEA,IQ22510882
"Moeve Trading, S.A.U.",EMEA,IQ278505063
Auchan Energies SNC,EMEA,IQ5472861
TOTAL Outre-Mer S.A.,EMEA,IQ5875510
SEFE LNG LIMITED,EMEA,IQ100144226
Shell Global LNG Limited,EMEA,IQ47133901
BP Exploration Operating Company Limited,EMEA,IQ5466914
Vitol Services Limited,EMEA,IQ46422226
Société des Pétroles Shell SAS,EMEA,IQ5465317
NEO NEXT+ Energy Limited,EMEA,IQ320697606
Equinor UK Limited,EMEA,IQ5467417
Spirit Energy Limited,EMEA,IQ550034524
Halliburton AS,EMEA,IQ24548749
Occidental Of Algeria Llc,EMEA,IQ374674013
Saipem Limited,EMEA,IQ224596212
Total Glng Australia,EMEA,IQ333234944
Vitol Broking Limited,EMEA,IQ47233423
Technip UK Ltd.,EMEA,IQ5498518
Subsea 7 International Contracting Limited,EMEA,IQ47198713
Halliburton Manufacturing and Services Limited,EMEA,IQ5542668
TechnipFMC,EMEA,IQ51881850
GE OIL & GAS UK LIMITED,EMEA,IQ22653673
Saipem (Portugal) Comércio Marítimo Sociedade Unipessoal Lda.,EMEA,IQ27146193
FMC Kongsberg Subsea AS,EMEA,IQ2254303
Aker Kvaerner Subsea AS,EMEA,IQ25317661
Nuovo Pignone S.r.l.,EMEA,IQ223860678
Baker Hughes INTEQ GmbH,EMEA,IQ5928140
Schlumberger Norge AS,EMEA,IQ22685994
Gold-Commodities -Forex Nv,EMEA,IQ217583605
Sempsa Joyeria Plateria Sa,EMEA,IQ5533102
Tokuriki Honten Co. Ltd.,APAC,IQ5508493
Italpreziosi S.p.A.,EMEA,IQ5567124
Andel A.m.b.a.,EMEA,IQ22828124
Diehl Stiftung & Co. KG,EMEA,IQ28325398
Lamberti S.p.A.,EMEA,IQ5579577
Nadara Limited,EMEA,IQ543761740
"MaxamCorp Holding, S.L.",EMEA,IQ678835
Illumia S.p.A.,EMEA,IQ47195908
KERAKOLL S.p.a.,EMEA,IQ5690006
Viiv Healthcare Uk (No.3) Limited,EMEA,IQ320614471
Boehringer Ingelheim International GmbH,EMEA,IQ6428883
Bristol-Myers Squibb S.r.l.,EMEA,IQ5875646
Ferrer Internacional S.A.,EMEA,IQ274732417
GlaxoSmithKline S.p.A.,EMEA,IQ22515355
Sanofi Pasteur MSD SNC,EMEA,IQ22367948
Takeda Manufacturing Austria AG,EMEA,IQ5126408
"Teva Pharma, S.L.U.",EMEA,IQ58965131
GW Pharma Limited,EMEA,IQ226977256
Indivior UK Limited,EMEA,IQ225588095
ratiopharm GmbH,EMEA,IQ5497974
Merck Santé S.A.S.,EMEA,IQ5495673
Allergan Industrie S.A.S.,EMEA,IQ46538635
MSD Pharma GmbH,EMEA,IQ321389479
Bayer Oy,EMEA,IQ34862716
Frosst Iberica S.A.,EMEA,IQ30488989
AbbVie Srl,EMEA,IQ225000371
Infarco S.A.,EMEA,IQ828065
"Laboratorios Cinfa, S.A.",EMEA,IQ828060
Nycomed Austria GmbH,EMEA,IQ5547343
Fresenius Kabi Austria GmbH,EMEA,IQ5687192
Bionorica SE,EMEA,IQ23035873
Laboratoires Théa S.A.S.,EMEA,IQ1676948
"Shionogi Pharma Co., Ltd.",APAC,IQ686432990
Astellas Pharma GmbH,EMEA,IQ25254211
BSP Pharmaceuticals S.r.l.,EMEA,IQ47070820
GlaxoSmithKline Intellectual Property (No.2) Limited,EMEA,IQ257087005
Alkermes Pharma Ireland Limited,EMEA,IQ204874086
Patheon Italia S.p.A.,EMEA,IQ1241046
Themis Beteiligungs-AG,EMEA,IQ260826478
Biocodex S.A.,EMEA,IQ5390118
Ceva Sante Animale,EMEA,IQ135579
"KM Biologics Co., Ltd.",APAC,IQ556024670
Olon S.p.A.,EMEA,IQ5566951
"Otsuka Pharmaceutical Factory, Inc.",APAC,IQ5489573
Asahi Kasei Pharma Corporation,APAC,IQ22339415
Patheon UK Limited,EMEA,IQ38990251
Zoetis Belgium S.A.,EMEA,IQ38682175
Merial S.A.S.,EMEA,IQ5498761
Bausch Health Ireland Limited,EMEA,IQ595063151
ACS Dobfar S.p.A.,EMEA,IQ5075474
"Taiho Pharmaceutical Co., Ltd.",APAC,IQ3368209
Glaxosmithkline Biologicals S.A.,EMEA,IQ5491788
Pfizer Manufacturing Belgium NV,EMEA,IQ6463058
Alexion Pharma International Operations Unlimited Company,EMEA,IQ253007588
UCB Pharma S.A.,EMEA,IQ5630421
BioMarin International Limited,EMEA,IQ283760048
"Otsuka Pharmaceutical Co., Ltd.",APAC,IQ1441090
Swords Laboratories Unlimited Company,EMEA,IQ5478854
Sanofi Pasteur SA,EMEA,IQ1063732
Jazz Pharmaceuticals Ireland Limited,EMEA,IQ257147994
Kyoritsu Seiyaku Corporation,APAC,IQ5705851
AbbVie SAS,EMEA,IQ248095868
Sanofi Pasteur Europe,EMEA,IQ593221263
"AbbVie Farmacéutica, S.L.U.",EMEA,IQ233992639
"Maruishi Pharmaceutical Co.,Ltd.",APAC,IQ6462365
Novartis Pharmaceuticals UK Limited,EMEA,IQ5885417
Bayer S.p.A.,EMEA,IQ890329
Teva UK Ltd,EMEA,IQ20685919
"Sato Pharmaceutical Co., Ltd.",APAC,IQ5524156
medac Gesellschaft für klinische Spezialpräparate mbH,EMEA,IQ13576012
A. Menarini Farmaceutica Internazionale Srl (Operating Subsidiary),EMEA,IQ47275467
"Elanco Valquimica, S.A.",EMEA,IQ23221262
Bayer Pharma SAS,EMEA,IQ1916951
"Pfizer, S.L.U.",EMEA,IQ5515850
"Grupo Ferrer Internacional, S.A.",EMEA,IQ7902175
"Nihon Generic Co., Ltd.",APAC,IQ34231958
Roche S.p.A.,EMEA,IQ5490289
Takeda Italia S.p.A.,EMEA,IQ5755013
Takeda UK Limited,EMEA,IQ24179038
Glaxo Operations UK Limited,EMEA,IQ5874593
"Nippon Zenyaku Kogyo Co.,Ltd.",APAC,IQ5631782
Bracco Imaging S.p.A.,EMEA,IQ22637736
Sandoz S.A.S.,EMEA,IQ7778910
"Biogaran, S.A.S",EMEA,IQ22727951
Merck Sharp & Dohme (Italia) S.p.A.,EMEA,IQ22562363
Aisei Pharmacy Co. Ltd.,APAC,IQ622950600
"Sanwa Kagaku Kenkyusho Co., Ltd.",APAC,IQ5532758
Merck Sharp & Dohme (UK) Limited,EMEA,IQ22547731
"Lilly, S.A.U.",EMEA,IQ869873
Janssen-Cilag NV,EMEA,IQ5580600
GlaxoSmithKline UK Limited,EMEA,IQ22512384
Laboratoire GlaxoSmithKline SAS,EMEA,IQ5468284
"Boehringer Ingelheim España, SA",EMEA,IQ5538738
Novo Nordisk Pharma GmbH,EMEA,IQ5886202
"Gilead Sciences, S.L.",EMEA,IQ28506208
Pfizer S.R.L.,EMEA,IQ315255803
"Roche Farma, S.A.",EMEA,IQ5531845
Vertex Pharmaceuticals (Germany) GmbH,EMEA,IQ216368459
Janssen-Cilag S.p.A.,EMEA,IQ5516246
LILLY France SAS,EMEA,IQ5478820
Sanofi-aventis SA,EMEA,IQ5533443
"Janssen-Cilag, S.A.",EMEA,IQ6464321
A. Nattermann & Cie. Gesellschaft Mit Beschränkter Haftung,EMEA,IQ22816617
Adisseo France SAS,EMEA,IQ863968
Pfizer Pharma GmbH,EMEA,IQ38699401
Merckle GmbH,EMEA,IQ687124
Janssen-Cilag S.A.S.,EMEA,IQ35511132
"Boehringer Ingelheim Seiyaku Co., Ltd.",APAC,IQ29602166
"Novartis Farmacéutica, SA",EMEA,IQ5522456
Merck Serono S.p.A.,EMEA,IQ5908694
Novartis Farma S.p.A.,EMEA,IQ5492907
Sanofi S.p.A.,EMEA,IQ22533880
Haleon UK Trading Limited,EMEA,IQ585031260
Hoffmann-La Roche France SAS,EMEA,IQ22452883
Mylan S.A.S.,EMEA,IQ5686083
"Kowa Company, Ltd.",APAC,IQ5475273
Roche Products Limited,EMEA,IQ5502609
Bristol-Myers Squibb Sarl,EMEA,IQ5489027
Pharma Belgium - Belmedis,EMEA,IQ5534179
AstraZeneca GmbH,EMEA,IQ5481704
Astellas Pharma Europe Ltd.,EMEA,IQ5496037
AstraZeneca Dunkerque Production SCS,EMEA,IQ6562082
Bristol-Myers Squibb GmbH & Co. KGaA,EMEA,IQ5492046
Janssen-Cilag GmbH,EMEA,IQ5503872
AstraZeneca UK Limited,EMEA,IQ5467306
Mylan Ireland Limited,EMEA,IQ215579082
"FUJIYAKUHIN Co., Ltd.",APAC,IQ6454383
Gilead Sciences Ireland UC,EMEA,IQ22613423
MSD France SAS,EMEA,IQ163176399
Msd Sharp & Dohme Gesellschaft Mit Beschränkter Haftung,EMEA,IQ5496838
"Nakakita Yakuhin Co., ltd.",APAC,IQ5491620
RB UK Commercial Limited,EMEA,IQ316749204
UCB Biopharma SRL,EMEA,IQ268860629
"Bayer Hispania,S.L.",EMEA,IQ5514551
Vidara Therapeutics Research Limited,EMEA,IQ208548229
GlaxoSmithKline Intellectual Property Development Limited,EMEA,IQ269686058
Merck Sharp & Dohme de España S.A.,EMEA,IQ5522913
Seqirus UK Limited,EMEA,IQ311024647
Berlin-Chemie AG,EMEA,IQ5531976
Janssen Pharmaceutica NV,EMEA,IQ5476860
Janssen-Cilag Limited,EMEA,IQ5532799
AstraZeneca France SAS,EMEA,IQ6561996
GlaxoSmithKline S.A.,EMEA,IQ22546705
LEO Pharma A/S,EMEA,IQ5497975
West Pharmaceutical Services Deutschland GmbH & Co. KG,EMEA,IQ5774637
Transitions Optical Limited,EMEA,IQ26442829
Essilor International SAS,EMEA,IQ112217021
"Nippon Becton Dickinson Company, Ltd.",APAC,IQ5545901
Johnson & Johnson Medical Limited,EMEA,IQ6464540
Carl Zeiss Vision International GmbH,EMEA,IQ46329086
Luxottica S.r.l.,EMEA,IQ22534279
Abena A/S,EMEA,IQ5553456
Johnson & Johnson Vision Care (Ireland),EMEA,IQ5579680
"kyushu-toho Co.,Ltd.",APAC,IQ5510539
"MP AGRO CO.,LTD.",APAC,IQ5457865
"Novo Nordisk Pharma, S.a.",EMEA,IQ6478284
Pfizer Export B.V.,EMEA,IQ410470664
"Nabelin Co., Ltd.",APAC,IQ5492349
"Olympus Medical Science Sales CO., LTD.",APAC,IQ5546096
SAYWELL Inc.,APAC,IQ156506775
Boots Retail (Ireland) Limited,EMEA,IQ39147279
Centravet,EMEA,IQ5582695
OTC Direct Limited,EMEA,IQ5723218
"Hitachi Medical Computer Systems,Inc.",APAC,IQ30563359
Nupharm Limited,EMEA,IQ111400629
Mawdsleys Group Investments Limited,EMEA,IQ141388967
"Ohyama Company ,Ltd.",APAC,IQ432091935
"Sasaki Co.,Ltd.",APAC,IQ5534196
St. Jude Medical Coordination Center,EMEA,IQ59057782
LVMH Iberia S.L.,EMEA,IQ26605178
"Konica Minolta Health Care Co., Ltd.",APAC,IQ5522058
"GREEN HOSPITAL SUPPLY, INC.",APAC,IQ144485114
Takeda France Sas,EMEA,IQ280084748
"AstraZeneca Farmacéutica Spain, S.A.",EMEA,IQ5603336
Novo Nordisk Spa,EMEA,IQ6477108
Roche Diagnostics Deutschland GmbH,EMEA,IQ224642899
Norsk Medisinaldepot AS,EMEA,IQ22548195
Eisai Europe Limited,EMEA,IQ35041410
Mm Corporation,APAC,IQ5529132
Gilead Sciences GmbH,EMEA,IQ34431391
Stryker UK Limited,EMEA,IQ5647590
Amgen GmbH,EMEA,IQ29324784
Siemens Japan K.K.,APAC,IQ5524160
AAH Pharmaceuticals Ltd.,EMEA,IQ7245939
GlaxoSmithKline Export Limited,EMEA,IQ5467355
Herba Chemosan Apotheker-AG,EMEA,IQ5875078
Novo Nordisk Ltd,EMEA,IQ23006630
Allergan Pharmaceuticals International Ltd.,EMEA,IQ249821406
Continental Pharmaceutique SCS,EMEA,IQ5585985
Novo Nordisk,EMEA,IQ5539229
Johnson & Johnson Medical S.p.A.,EMEA,IQ26809800
Endo Ventures Limited,EMEA,IQ262624012
Planetpharma,EMEA,IQ22759563
"FUJIFILM Medical Co., Ltd.",APAC,IQ5491044
AstraZeneca S.p.A.,EMEA,IQ61340855
Co.Fi.Mo SpA,EMEA,IQ9588514
"Philips Electronics Japan, Ltd.",APAC,IQ5570468
Orifarm Supply A/S,EMEA,IQ46987478
Nomeco A/S,EMEA,IQ5481749
Bgp Products Srl,EMEA,IQ412383339
Pfizer (S.A.S.),EMEA,IQ22515959
Abbott Laboratories S.A.,EMEA,IQ5554504
"Takeyama Co., Ltd.",APAC,IQ99319672
"YAMASHITA MEDICAL INSTRUMENTS Co., Ltd.",APAC,IQ534010229
National Veterinary Services Limited,EMEA,IQ11733920
"Nakazawa Ujike Pharmaceutical Co.,Ltd.",APAC,IQ22614404
Sanshodoh Corporation.,APAC,IQ5565533
VWR International BVBA,EMEA,IQ46298149
Noweda Pharma-Handels-Gesellschaft Mit Beschränkter Haftung,EMEA,IQ5538133
"Yonyaku Co., Ltd.",APAC,IQ5504096
Sanki Corporation,APAC,IQ5491339
"Meisho Co.,Ltd.",APAC,IQ6632198
Alliance Healthcare Norge AS,EMEA,IQ2240116
"Masuda Medical Instruments Co., Ltd.",APAC,IQ5630293
Shikoku Alfresa Corporation,APAC,IQ30833247
"Jovy, Co., Ltd.",APAC,IQ5720232
Bestway Pharmacy NDC Limited,EMEA,IQ5100942
"Kishiya,Inc",APAC,IQ5580010
"Konishi Medical Instruments Co.,Ltd.",APAC,IQ5547335
So.Farma.Morra S.p.a.,EMEA,IQ22580410
"Kawanishi Co., Ltd.",APAC,IQ22771871
Alcyon France SA,EMEA,IQ26443142
"Ishiguro Medical System Co., Ltd.",APAC,IQ5846614
"CS Yakuhin Co., Ltd.",APAC,IQ30998964
"INNOMEDICS Medical Instruments, Inc.",APAC,IQ22771800
"Sunmedix Co,. Ltd.",APAC,IQ5632842
"Finese Co., Ltd.",APAC,IQ5532001
Laxmi BNS Holdings Limited,EMEA,IQ145552287
Noweda Arzneimittel AG,EMEA,IQ5525590
Odashima Corporation,APAC,IQ30833151
"I.T.I Co.,Ltd.",APAC,IQ5908929
Unifarm S.p.A.,EMEA,IQ22676320
V.I.M. S.R.L. Vendita Ingrosso Medicinali,EMEA,IQ5567316
"OCP Portugal Produtos Farmacêuticos, S.A.",EMEA,IQ5538989
IWABUCHI YAKUHIN Inc.,APAC,IQ5514526
Laxmico Ltd,EMEA,IQ109532106
"TOMITA Pharmaceutical Co.,Ltd.",APAC,IQ5382578
"Kuribara Medical Instruments Co., Ltd.",APAC,IQ109468174
Federfarma.Co Distribuzione E Servizi In Farmacia S.P.A.,EMEA,IQ46399385
United Drug Wholesale Ltd,EMEA,IQ5886132
Guacci SpA,EMEA,IQ22784383
"Toryusha Co., Ltd.",APAC,IQ5521498
"Alliance Healthcare, S.A.",EMEA,IQ5515871
Cooperativa Esercenti Farmacia scrl,EMEA,IQ5556491
"YAGAMI Co., Ltd.",APAC,IQ5503838
Centre Europeen De Repartition Pharmaceutique Sa,EMEA,IQ5911517
"Kowa Yakuhin Co., Ltd.",APAC,IQ5498805
Northstar Healthcare Limited,EMEA,IQ126902024
"Miyano Medical Instruments Co., Ltd.",APAC,IQ5525266
"Shoyaku Co., Ltd.",APAC,IQ5498802
Farmalvarion S.R.L. Socio Unico,EMEA,IQ272222699
Tjellesen Max Jenne A/S,EMEA,IQ5539201
Richard Kehr GmbH & Co. Kg,EMEA,IQ5304248
Alliance Healthcare (Distribution) Limited,EMEA,IQ6418744
"EVERLTH Co.,Ltd",APAC,IQ5478977
Centre Specialites Pharmaceutiques,EMEA,IQ23006598
AEP GmbH,EMEA,IQ244590895
Hokuyaku Inc.,APAC,IQ314411790
Febelco Cvba,EMEA,IQ22517128
Centaur Services Limited,EMEA,IQ5602787
Unnefar Sociedad Cooperativa,EMEA,IQ118654786
Bida Farma S. Coop. And.,EMEA,IQ531446209
Farvima Medicinali S.P.A.,EMEA,IQ5547391
"Hermandad Farmacéutica del Mediterráneo, Soc. Coop. Resp. Ltda.",EMEA,IQ5502878
"KSK Co., Ltd.",APAC,IQ5473407
PHOENIX Healthcare Distribution Limited,EMEA,IQ5496203
"Panasonic Electric Works AGE-FREE Shops Co., Ltd",APAC,IQ23048339
Comifar Distribuzione S.p.A.,EMEA,IQ5478736
"Reguladora de Compra del Mediterráneo, SA",EMEA,IQ22516747
NOWEDA eG Apothekergenossenschaft,EMEA,IQ5478563
ASTEM inc.,APAC,IQ6436118
Medtronic Italia S.p.A.,EMEA,IQ22728498
Grupo Farmanova Sociedad Cooperativa Andaluza,EMEA,IQ54137183
Unico La Farmacia Dei Farmacisti S.P.A.,EMEA,IQ22517133
Sanacorp Pharmahandel GmbH,EMEA,IQ49589709
Cargill S.r.l.,EMEA,IQ22613819
Ko-Se-Keshohinhambai K.K.,APAC,IQ5875220
Alliance Healthcare Italia Distribuzione Spa,EMEA,IQ22563277
Glaxosmithkline Consumer Trading Services Ltd,EMEA,IQ280552987
Compagnie d'exploitation et de répartition pharmaceutiques de Rouen,EMEA,IQ274033183
Alliance Healthcare Répartition SAS,EMEA,IQ5466961
OCP REPARTITION S.A.S.,EMEA,IQ5466421
ViiV Healthcare Trading Services UK Limited,EMEA,IQ99222098
"Toho Pharmaceutical Co., Ltd.",APAC,IQ141451379
PHOENIX Pharma SE,EMEA,IQ639214281
Pfizer Service Company BVBA,EMEA,IQ38700703
Gilead Sciences S.r.l.,EMEA,IQ23378958
Orifarm Group A/S,EMEA,IQ22687717
Thermo Fisher Scientific (Bremen) GmbH,EMEA,IQ39197126
Summit Pharmaceuticals International Corporation,APAC,IQ13466579
Almac Group Limited,EMEA,IQ32282483
Millipore S.A.S.,EMEA,IQ26443064
Nipro Pharma Corporation,APAC,IQ5663538
PPD Global Ltd.,EMEA,IQ23065437
Creganna-Tactx Medical,EMEA,IQ11968863
LSI Medience Corporation,APAC,IQ5529128
IQVIA Ltd.,EMEA,IQ5567147
Vetter Pharma International GmbH,EMEA,IQ54129527
Fujifilm Diosynth Biotechnologies Denmark Aps,EMEA,IQ29210463
PAREXEL International (IRL) Limited,EMEA,IQ300534325
"Illumina Cambridge, Ltd.",EMEA,IQ268106748
Pierre Fabre Medicament SAS,EMEA,IQ5521624
Whitecross Dental Care Limited,EMEA,IQ128010
"Profesionales de la Medicina y de la Empresa, S.A.",EMEA,IQ61598902
Amgen Technology (Ireland) Unlimited Company,EMEA,IQ598270382
Liberty Medical Services Limited,EMEA,IQ100064122
Total Medication Management Services Ltd,EMEA,IQ209868368
NHS Professionals Ltd,EMEA,IQ83498302
"Fs Uni Management Co., Ltd.",APAC,IQ48896151
Lloyds Pharmacy Clinical Homecare Limited,EMEA,IQ165081
CSL Plasma GmbH,EMEA,IQ45757759
Helse Sør-Øst Rhf,EMEA,IQ49383688
Evangelischer Verbund Ruhr GemeinnÜTzige GmbH,EMEA,IQ245141375
SCIENSUS PHARMA SERVICES LIMITED,EMEA,IQ131457
Novartis Pharma S.A.S.,EMEA,IQ5489568
Praktikertjänst AB,EMEA,IQ4458122
NNE A/S,EMEA,IQ5630588
Halcyon Topco Limited,EMEA,IQ276621614
Siemens Healthcare Limited,EMEA,IQ309044842
Radiometer Medical ApS,EMEA,IQ5663557
Kci Manufacturing Unlimited Company,EMEA,IQ580858956
Baxter Healthcare Limited,EMEA,IQ3661024
Stryker Ireland Limited,EMEA,IQ22655082
GE Healthcare AS,EMEA,IQ22580644
"T.J. Smith and Nephew, Limited",EMEA,IQ5533974
Laerdal Medical AS,EMEA,IQ7008781
Valois SAS,EMEA,IQ8421020
Sarstedt AG & Co. KG,EMEA,IQ22710788
Sekisui Medical Co. Ltd,APAC,IQ1052147
Bard Shannon Limited,EMEA,IQ5532800
GN Hearing A/S,EMEA,IQ22727716
Siemens SAS,EMEA,IQ5554014
Siemens Healthcare SAS,EMEA,IQ303292168
Instrumentation Laboratory Spa,EMEA,IQ283286232
Lohmann & Rauscher International GmbH & Co. KG,EMEA,IQ12787715
Zimmer Biomet G.K.,APAC,IQ6465038
"Medtronic Ibérica, SAU",EMEA,IQ22988010
Abbott France S.A.S.,EMEA,IQ5885890
Planmeca Oy,EMEA,IQ5547181
Medtronic France S.A.S.,EMEA,IQ5921470
Medtronic Limited,EMEA,IQ5827390
Abbott Laboratories Limited,EMEA,IQ25835432
GC Corporation,APAC,IQ5525288
Terumo Europe NV,EMEA,IQ5569055
GE Yokogawa Medical Systems Ltd.,APAC,IQ5478837
Roche Diabetes Care GmbH,EMEA,IQ574741396
"Mutoh Co., Ltd.",APAC,IQ5493332
Boston Scientific Limited (Ireland),EMEA,IQ6465741
Teleflex Medical Europe Ltd,EMEA,IQ98132555
BIOTRONIK SE & Co. KG,EMEA,IQ22287617
GE Medical Systems Societe en Commandite Simple,EMEA,IQ32880398
DePuy (Ireland) Limited,EMEA,IQ26003593
Canon Medical Systems Corporation,APAC,IQ6440606
GMED Healthcare BVBA,EMEA,IQ146057884
Roche Diagnostics GmbH,EMEA,IQ2328539
"Werfen, S.A.",EMEA,IQ844579
Helse Stavanger Hf,EMEA,IQ22636557
SÖDersjukhuset Aktiebolag,EMEA,IQ22654058
Danderyds Sjukhus AB,EMEA,IQ5630439
Evangelische Heimstiftung GmbH,EMEA,IQ35296180
Sarl Quintal,EMEA,IQ275807108
Sykehuset Østfold Hf,EMEA,IQ22615781
Artemed SE,EMEA,IQ60023402
CVS (UK) Limited,EMEA,IQ112915338
Practice Plus Group Bidco Limited,EMEA,IQ714483407
Circle Health Group Limited,EMEA,IQ133277
VetPartners Group Limited,EMEA,IQ657884649
Care UK Community Partnerships Ltd,EMEA,IQ23143963
Universitätsklinikum Gießen und Marburg GmbH,EMEA,IQ25181995
Kioroshikai Medical Association,APAC,IQ5755148
Humanitas Mirasole S.p.A.,EMEA,IQ276787243
Barchester Healthcare Homes Limited,EMEA,IQ23035956
Groupe Santé Chc Asbl,EMEA,IQ46100041
"Okinawa Tokushukai, Medical Association",APAC,IQ5639221
Idcq Hospitales Y Sanidad S.L.U.,EMEA,IQ422904125
Sykehuset I Vestfold Hf,EMEA,IQ22687401
"Tokushukai, Ltd.",APAC,IQ5481918
Centre Hospitalier Universitaire Dinant Godinne Sainte-Elisabeth-Ucl-Namur Asbl,EMEA,IQ382836832
Centre Hospitalier Régional de la Citadelle SCRL,EMEA,IQ5554287
SLK-Kliniken Heilbronn GmbH,EMEA,IQ5579748
"Sekishinkai, Medical Association",APAC,IQ5663689
Hospitalvereinigung St. Marien GmbH,EMEA,IQ266608973
Aoikai Medical Corporation,APAC,IQ424170275
St. Vincent's Healthcare Group Ltd.,EMEA,IQ22746004
Klinikum Dortmund Ggmbh,EMEA,IQ26520019
Sykehuset Innlandet Hf,EMEA,IQ22580648
Sorlandet Sykehus Hf,EMEA,IQ22614259
Josefs-Gesellschaft gGmbH,EMEA,IQ111718282
Shizuoka Prefectural Hospital Organization,APAC,IQ144999743
Universitetssykehuset Nord-Norge Hf,EMEA,IQ22614579
Asklepios Kliniken Hamburg GmbH,EMEA,IQ23106574
Niels-Stensen-Kliniken GmbH,EMEA,IQ109862667
"Meihokai, Medical Association",APAC,IQ5523067
Akitaken Kosei Agricultural Cooperative Assoc.,APAC,IQ5492420
Aijinkai Healthcare Corporation,APAC,IQ5598932
Klinikum Region Hannover GmbH,EMEA,IQ5548012
Het Ziekenhuisnetwerk Antwerpen,EMEA,IQ46100272
Vorarlberger Krankenhaus-Betriebsgesellschaft Mit Beschrankter Haftung.,EMEA,IQ5909213
Barmherzige Brüder Gemeinnützige Träger GmbH,EMEA,IQ182954030
St. Olav's Hospital HF,EMEA,IQ587381814
Gesundheit Nord gGmbH Klinikverbund Bremen,EMEA,IQ45730717
Helse Bergen Hf,EMEA,IQ22562339
Johanniter GmbH,EMEA,IQ46329388
Helse More Og Romsdal Hf,EMEA,IQ226072379
Agaplesion GemeinnÜTzige AG,EMEA,IQ26556407
Le groupe CLINEA,EMEA,IQ27220200
"Centro Hospitalar E UniversitArio De Coimbra, E.P.E.",EMEA,IQ247604361
Vivantes - Netzwerk Für Gesundheit GmbH,EMEA,IQ22534321
Clinique De La Marche,EMEA,IQ106530838
Argenteuil Health Center,EMEA,IQ22516987
Oslo universitetssykehus HF,EMEA,IQ107365759
Barchester Healthcare Limited,EMEA,IQ10636242
Ivc Acquisition Midco Ltd,EMEA,IQ581656112
HC-One Ltd.,EMEA,IQ228759709
Mehiläinen Oy,EMEA,IQ630397
MEDIAN Unternehmensgruppe B.V. & Co. KG,EMEA,IQ22885346
SCO Group inc.,APAC,IQ1944208368
Oura Health Oy,EMEA,IQ411570961
Ipsen Biopharm Limited,EMEA,IQ7909859
"Instituto Grifols, S.A.",EMEA,IQ5542188
Bio Products Laboratory Ltd.,EMEA,IQ10600299
KuDOS Pharmaceuticals Limited,EMEA,IQ159302
Genzyme Ireland Limited,EMEA,IQ26605668
Life Technologies Limited,EMEA,IQ5633146
GE Healthcare Bio-Sciences AB,EMEA,IQ8204749
Eli Lilly Italia SpA,EMEA,IQ22580134
Gilead Sciences SAS,EMEA,IQ22906109
Sartorius Stedim Biotech GmbH,EMEA,IQ83350300
Amgen S.A.S.,EMEA,IQ22686187
arGEN-X BVBA,EMEA,IQ114117000
Axis-Shield As,EMEA,IQ280843904
Vertex Pharmaceuticals (Europe) Limited,EMEA,IQ26079137
"MGI Tech Co., Ltd.",APAC,IQ597160639
"ZhuZhou QianJin Pharmaceutical Co.,Ltd",APAC,IQ12752619
"Tibet Cheezheng Tibetan Medicine Co., Ltd.",APAC,IQ59402826
"Shanghai United Imaging Healthcare Co., Ltd.",APAC,IQ300487237
"Micro-Tech (Nanjing) Co.,Ltd",APAC,IQ118636057
"Shanghai Haoyuan Chemexpress Co., Ltd.",APAC,IQ417192450
"Shanghai Allist Pharmaceuticals Co., Ltd.",APAC,IQ276474672
Italfarmaco S.p.A.,EMEA,IQ1240926
Angelini Acraf S.p.A.,EMEA,IQ3676244
Dompé farmaceutici S.p.A.,EMEA,IQ24390698
Bracco S.p.A.,EMEA,IQ910694
A. Menarini Industrie Farmaceutiche Riunite S.r.l.,EMEA,IQ9246418
F.I.S. - Fabbrica Italiana Sintetici S.p.A.,EMEA,IQ12484606
Contilia GmbH,EMEA,IQ171349749
"LES LABORATOIRES SERVIER, SAS",EMEA,IQ2160407
Independent Vetcare Limited,EMEA,IQ141530750
Roche Pharma AG,EMEA,IQ5491182
PHOENIX Pharma S.A.S.,EMEA,IQ5495241
"Alinamin Pharmaceutical Co., Ltd.",APAC,IQ573908923
Springer Nature Limited,EMEA,IQ5533359
Rudolf Haufe Verlag GmbH & Co. KG,EMEA,IQ39798016
Elsevier Limited,EMEA,IQ22595405
"Chunichi Shimbun Co., Ltd.",APAC,IQ5872348
Burda Gesellschaft mit beschränkter Haftung,EMEA,IQ5875038
Pearson Education Limited,EMEA,IQ824611
Heinrich Bauer Verlag Beteiligungs GmbH,EMEA,IQ12827428
"Planeta Corporación, SRL",EMEA,IQ6022133
"Sankei Shimbun Co.,Ltd.",APAC,IQ5874552
"The Mainichi Newspapers Co., Ltd.",APAC,IQ5478146
Sanoma Media Finland Oy,EMEA,IQ207019159
The Financial Times Ltd.,EMEA,IQ6632246
Verlagsgesellschaft Madsack GmbH & Co. KG,EMEA,IQ5504011
The Asahi Shimbun Company,APAC,IQ5467337
JP/Politikens Hus A/S,EMEA,IQ22613609
Informa UK Limited,EMEA,IQ51733633
Hachette Livre SA,EMEA,IQ1271599
Nikkei Inc.,APAC,IQ5468091
Arqiva Broadcast Parent Limited,EMEA,IQ228624202
Cbs Broadcasting Inc,EMEA,IQ425062668
DPG Media nv,EMEA,IQ5565607
"Mainichi Broadcasting System, Inc.",APAC,IQ674755123
RTL Television GmbH,EMEA,IQ5473365
"Telefónica Audiovisual Digital, S.L.U",EMEA,IQ604134885
Asahi Television Broadcasting Corporation,APAC,IQ695746935
Kansai Television Co. Ltd.,APAC,IQ5492430
Yomiuri Telecasting Corporation,APAC,IQ5503349
"Tokyo Broadcasting System Television, Inc.",APAC,IQ22711453
Bbc Studios Productions Limited,EMEA,IQ610235414
Yleisradio OY,EMEA,IQ4457979
Itv Rights Ltd,EMEA,IQ254610861
Norsk rikskringkasting AS,EMEA,IQ10440281
Societe Nationale De Radiodiffusion Radio France,EMEA,IQ5504087
Nordic Entertainment Group UK Limited,EMEA,IQ8781301
Viasat AB,EMEA,IQ22933287
"Fuji Television Network, Inc.",APAC,IQ382072095
Discovery Networks Europe Ltd.,EMEA,IQ7653004
Sky Italia S.R.L.,EMEA,IQ9287312
Discovery Corporate Services Limited,EMEA,IQ249798079
TDF SAS,EMEA,IQ1873975
BBC Commercial Holdings Limited,EMEA,IQ31164478
ITV Broadcasting Limited,EMEA,IQ5541108
Global Media & Entertainment Limited,EMEA,IQ26493220
France Télévisions SA,EMEA,IQ22051319
Rockstar North Limited,EMEA,IQ1038933
"Tecmo Koei Games Co., Ltd",APAC,IQ145519027
Midasplayer.com Limited,EMEA,IQ257280593
Sony Interactive Entertainment UK Limited,EMEA,IQ5532280
Sony Computer Entertainment Deutschland GmbH,EMEA,IQ5534314
"Square Enix Co., Ltd.",APAC,IQ83844481
Activision Blizzard UK Limited,EMEA,IQ5632989
Sony Interactive Entertainment Europe Limited,EMEA,IQ5476884
Delphys Inc.,APAC,IQ5523118
FTI Consulting LLP,EMEA,IQ282050977
Groupm UK Ltd,EMEA,IQ183527881
Hakuhodo DY Media Partners Incorporated,APAC,IQ26003059
Hakuhodo Inc.,APAC,IQ5468072
"HAKUHODO PRODUCT'S, Inc.",APAC,IQ26837368
Ipg Services Hamburg GmbH,EMEA,IQ217582405
Mastercard Europe Services Limited,EMEA,IQ383792284
Omnicom Media Group S.r.l.,EMEA,IQ224067743
Priority Pass Limited,EMEA,IQ46365704
"Publiespaña, S.A.",EMEA,IQ30950070
Amazon Online France Sas,EMEA,IQ301198498
"JCDecaux France, SAS",EMEA,IQ5546744
AWIN AG,EMEA,IQ20987056
Amazon Online Spain Sl.,EMEA,IQ575132506
Havas Media Germany GmbH,EMEA,IQ607511468
Clarebout Nv,EMEA,IQ8190980
Talon Outdoor Limited,EMEA,IQ214169415
Daiko Advertising Inc.,APAC,IQ1029770
Optimum Media Direction Srl,EMEA,IQ7866909
Vivaki Communications SLU,EMEA,IQ208454542
"Group M Publicidad Worldwide, SAU",EMEA,IQ5546151
Omnicom Media Group S.L.,EMEA,IQ46895758
"Jr East Marketing & Communications,Inc.",APAC,IQ5486988
Dentsu East Japan Inc.,APAC,IQ5583189
Dentsu Kyushu Inc.,APAC,IQ5908706
"Yamaboshiya Co., Ltd.",APAC,IQ5473312
"Retail Branding Co.,Ltd",APAC,IQ49251802
TBWA\HAKUHODO Inc.,APAC,IQ46947736
Seri Jakala S.r.l.,EMEA,IQ268420550
IPG Holdings (UK) Limited,EMEA,IQ22655235
France Facebook,EMEA,IQ246385248
Amazon Online Italy Srl,EMEA,IQ434155783
Handelsmarken Gesellschaft Mit Beschrankter Haftung,EMEA,IQ579796664
Nintendo of Europe GmbH,EMEA,IQ114929224
TF1 Publicité SA,EMEA,IQ5477033
Job And Talent Holding Limited,EMEA,IQ612934081
Amazon Online Germany GmbH,EMEA,IQ378629586
Facebook UK Ltd,EMEA,IQ114930719
M6 Publicité SAS,EMEA,IQ5399241
Publitalia '80 SpA,EMEA,IQ9608687
Avios Group (AGL) Ltd,EMEA,IQ11882810
Universal Music Operations Limited,EMEA,IQ5490882
Universal Music Publishing International Limited,EMEA,IQ47367996
Formula One Marketing Ltd,EMEA,IQ263484966
Avex Live Creative K.K.,APAC,IQ5843202
"NHK Enterprises, Inc.",APAC,IQ5826960
Honeywell Measurex (ireland) Ltd.,EMEA,IQ32989581
"Hitachi Industry & Control Solutions, Ltd.",APAC,IQ5567659
Sony Music Communications Inc.,APAC,IQ5544370
Cerner Ireland Limited,EMEA,IQ41105704
Paramount Pictures International Limited,EMEA,IQ37616252
Mclaren Racing Limited,EMEA,IQ22800700
ticketmaster SAS,EMEA,IQ22905316
Mercedes-Benz Grand Prix Limited,EMEA,IQ5853925
The Walt Disney Company Limited,EMEA,IQ5533194
Reti Televisive Italiane S.p.A.,EMEA,IQ9329158
"Netflix Servicios de Transmisión España, S.L.",EMEA,IQ702885708
Avex Entertainment Inc.,APAC,IQ22596524
IMG Media Limited,EMEA,IQ26837294
"Nhk Media Technology, Inc.",APAC,IQ5911448
Universal Studios Limited,EMEA,IQ270357793
Arista Networks Limited,EMEA,IQ247689002
Amazon Digital Germany GmbH,EMEA,IQ207090757
DLG Acquisitions Ltd.,EMEA,IQ265812078
The Football Association Premier League Limited,EMEA,IQ5495418
Sony Interactive Entertainment Network Europe Limited,EMEA,IQ111536621
Paris Saint-Germain Football Club,EMEA,IQ5395310
Ubisoft EMEA S.A.R.L.,EMEA,IQ22686371
International Entertainment Holdings Limited,EMEA,IQ285229015
FC Bayern München AG,EMEA,IQ1191947
The Liverpool Football Club and Athletic Grounds Limited,EMEA,IQ5600096
ITV Studios Limited,EMEA,IQ8987466
"Central China Land Media CO.,LTD",APAC,IQ113642205
TV 2 Danmark A/S,EMEA,IQ12032466
Supercell Oy,EMEA,IQ127260687
Rai Pubblicita' Spa,EMEA,IQ5478874
The Football Association Limited,EMEA,IQ5566672
DFS Trading Limited,EMEA,IQ5491781
Schmidt Groupe S.A.S.,EMEA,IQ5600056
Housetec Inc.,APAC,IQ6463704
"Grupo Pikolin, S.L.",EMEA,IQ288785924
Pamesa Grupo Empresarial S.L.U.,EMEA,IQ419199206
Howden Joinery Ltd,EMEA,IQ5885671
Okamura Corporation (Operating Subsidiary),EMEA,IQ585099102
Wren Kitchens Limited,EMEA,IQ224614314
"Uchida Co.,Ltd.",APAC,IQ5687276
"Nishikawa Co., Ltd.",APAC,IQ22595763
Welle Holding AG + Co. KG,EMEA,IQ5490920
IKEA AB,EMEA,IQ1861276
Apple Retail France Eurl,EMEA,IQ130333770
Apple Retail Italia S.r.l.,EMEA,IQ111582193
Apple Retail Spain SL,EMEA,IQ216542208
Expert Norge AS,EMEA,IQ22595965
BNPP 3 Step IT,EMEA,IQ6463576
"FUJITSU LEASING Co.,Ltd.",APAC,IQ5874763
Elkjøp Nordic As,EMEA,IQ907315
COMET SPA,EMEA,IQ5554629
mobilcom-debitel GmbH,EMEA,IQ247051039
Apple Retail UK Limited,EMEA,IQ45795273
The Carphone Warehouse Limited,EMEA,IQ54840609
Elgiganten A/S,EMEA,IQ5707208
High Tech Multicanal Group SA,EMEA,IQ5491276
ElectronicPartner Handel SE,EMEA,IQ3042041
"COSMONET CO.,LTD.",APAC,IQ145953174
Media Markt Saturn S.A.U.,EMEA,IQ47825469
Coolblue Holding B.V.,EMEA,IQ207210830
The West Retail Group Limited,EMEA,IQ47128883
Relais Fnac,EMEA,IQ6441074
Conrad Holding SE,EMEA,IQ8206357
MEDIAMARKET S.p.a.,EMEA,IQ6443481
"WORTEN - EQUIPAMENTOS PARA O LAR, S.A.",EMEA,IQ5546743
Ikea Italia Retail Srl,EMEA,IQ22548508
Rudolf Leiner Gesellschaft m. b. H.,EMEA,IQ269397106
IKEA Belgium S.A.,EMEA,IQ5542397
"Plansee Se, Vertriebsniederlassung Deutschland",EMEA,IQ244461373
Lissan Coal Company (Ireland) Limited,EMEA,IQ583747575
Weldom,EMEA,IQ5919894
Dunelm (Soft Furnishings) Limited,EMEA,IQ5607131
Nitori Co. Ltd,APAC,IQ554588701
JYSK Holding A/S,EMEA,IQ5492156
IKEA España AB,EMEA,IQ6632275
Ikea Mobelvertrieb Ohg,EMEA,IQ5533819
Ikea AS,EMEA,IQ22637457
Meubles Ikea France,EMEA,IQ5486945
Groupe XM,EMEA,IQ2206985
Iris Mobili Srl,EMEA,IQ46295350
Conforama France SA,EMEA,IQ5472749
IKEA Limited,EMEA,IQ138897425
Wayfair Stores Limited,EMEA,IQ224056518
IKEA A/S,EMEA,IQ5577798
Jysk A/S,EMEA,IQ5886343
BUT International S.A.S,EMEA,IQ307823454
"BCM Bricolage, S.A.",EMEA,IQ46512314
Bricolaje Bricoman S.L.U,EMEA,IQ59361034
Bricoman Italia S.r.L.,EMEA,IQ111587114
Electro Depot France,EMEA,IQ47287283
notebooksbilliger.de AG,EMEA,IQ84121260
"Royal Homecenter CO.,LTD.",APAC,IQ5827207
"3q Co., Ltd.",APAC,IQ27246026
"DCM DAIKI CO.,LTD.",APAC,IQ223752350
Ken Depot Corporation,APAC,IQ315240870
La Plateforme,EMEA,IQ5637604
Jula Sverige AB,EMEA,IQ311393777
jem & fix A/S,EMEA,IQ5801083
REISSER AG,EMEA,IQ5523313
"DCM Co., Ltd.",APAC,IQ1674080642
Leroy Merlin S.A.,EMEA,IQ25958193
Harald Nyborg A/S,EMEA,IQ5566513
Bricoman SA,EMEA,IQ30444469
"Big S Co., Ltd.",APAC,IQ5645188
"Nishimuta Co., Ltd.",APAC,IQ5545385
Combined Independents (Holdings) Limited,EMEA,IQ5878089
ITX Communication Corporation,APAC,IQ30398711
"Watahan Home-Aid Co., Ltd.",APAC,IQ5704569
"Hokuetsu K's CO., LTD.",APAC,IQ5754442
Beijer Byggmaterial AB,EMEA,IQ5538269
DT Group Danmark A/S,EMEA,IQ329407276
CDS Superstores (International) Ltd,EMEA,IQ228937114
Yamashin Inc.,APAC,IQ5523631
"P-Up.Co., Ltd.",APAC,IQ23248777
Sharkninja Europe Ltd,EMEA,IQ379673390
Byggmakker Handel AS,EMEA,IQ30564946
Leroy Merlín España SL,EMEA,IQ5522192
Société Etablissements DARTY et FILS. SAS,EMEA,IQ5478689
"KOIZUMI Co., Ltd.",APAC,IQ7902241
"Toshiba Service & Engineering Co., Ltd.",APAC,IQ5901527
Unieuro S.p.A.,EMEA,IQ5746460
Cdiscount S.A.,EMEA,IQ22687003
Brico Depot S.A.S.,EMEA,IQ118793394
Castorama France S.A.S.,EMEA,IQ30275006
Screwfix Direct Limited,EMEA,IQ5553602
B&Q Limited,EMEA,IQ5870283
"El Corte Inglés, Grandes Armazéns S.A.",EMEA,IQ6499612
Le Bon Marché SA,EMEA,IQ5554810
Pohjois-Karjalan Osuuskauppa Oy,EMEA,IQ5637070
En-Power Inc.,APAC,IQ1839192228
Eurospin Italia S.p.A.,EMEA,IQ7909283
Aldi SA,EMEA,IQ6463433
B&M France SAS,EMEA,IQ5547348
"E-Fran, K.K.",APAC,IQ108711878
"Daishin Co.,Ltd.",APAC,IQ5685608
Fnac Direct SA,EMEA,IQ20903887
"G-7 Super Mart Co., Ltd.",APAC,IQ26605665
"TOBU Department Store Co.,Ltd.",APAC,IQ5468455
MD S.p.A.,EMEA,IQ324425549
Woolworth GmbH,EMEA,IQ129366
Europris Butikkdrift As,EMEA,IQ30415065
Biltema Sweden Ab,EMEA,IQ5633325
Selfridges Retail Limited,EMEA,IQ262700118
Savers Health and Beauty Limited,EMEA,IQ5566767
"Don Quijote Co., Ltd.",APAC,IQ381866135
Tokmanni Oy,EMEA,IQ284624891
T.J. Morris Limited,EMEA,IQ5600339
Costco Wholesale UK Limited,EMEA,IQ1858803
Marks and Spencer plc,EMEA,IQ286306137
Action Belgium,EMEA,IQ146219901
"KEIKYU STORE co., Ltd.",APAC,IQ5522800
"Y's Mart, Corporation",APAC,IQ5554854
"Delicia Co., Ltd.",APAC,IQ5502898
Jula AB,EMEA,IQ6506902
Kansai Super Market Ltd,APAC,IQ1877515077
Coop Øst Sa,EMEA,IQ22614894
"Suruga-ya Co., Ltd",APAC,IQ41699385
Suur-Seudun Osuuskauppa SSO,EMEA,IQ12870265
Turun Osuuskauppa Oy,EMEA,IQ22638971
Aldi GmbH & Co. KG,EMEA,IQ47834514
"Shizutetsu Store, K.K.",APAC,IQ5648466
"Fresta Co., Ltd.",APAC,IQ5510037
Nishitetsu Store Inc.,APAC,IQ5532700
"Keio Store Co., Ltd.",APAC,IQ5532525
"Sato Co., Ltd.",APAC,IQ5521244
"UD Retail Co., Ltd",APAC,IQ649510149
"Super Alps., Ltd.",APAC,IQ5529166
IN'S Mercato S.p.a.,EMEA,IQ5529421
"Comodi Iida Co., Ltd.",APAC,IQ5490881
Ellena Corporation,APAC,IQ5548798
"Fujicitio Co., Ltd.",APAC,IQ7867810
AG Parfett & Sons Ltd,EMEA,IQ108750449
"Taiyo, K.K.",APAC,IQ6461599
BIPA Parfümerien Gesellschaft m.b.H.,EMEA,IQ5510187
Ja Zenno A-Coop K.K.,APAC,IQ5388738
S.A.S STOKOMANI,EMEA,IQ7914430
Action France,EMEA,IQ283468240
"Sanwa Co.,Ltd.",APAC,IQ5481036
"Valor Co.,Ltd.",APAC,IQ409900110
HOK-Elanto Liiketoiminta Oy,EMEA,IQ79225865
Gruppo PAM S.p.A.,EMEA,IQ6450777
"Trial Stores, K.K.",APAC,IQ1820748868
Poundland Limited,EMEA,IQ247896420
Gifi Mag,EMEA,IQ45789099
Amazon Eu S.à R.L.,EMEA,IQ47949690
Amazon Eu S.A Rl,EMEA,IQ427340332
Osuuskauppa Hämeenmaa Oy,EMEA,IQ5533364
Societe De Distribution Aeroportuaire,EMEA,IQ26556383
ALDI SÜD Dienstleistungs-SE & Co. oHG,EMEA,IQ28486908
Fakta A/S,EMEA,IQ5875472
"Stradivarius España, S.A.",EMEA,IQ5827491
"UNIQLO Co., Ltd.",APAC,IQ46888238
COURIR France SAS,EMEA,IQ5646542
H & M Hennes & Mauritz Srl,EMEA,IQ30445133
Primark Italy Srl,EMEA,IQ427357972
All Saints Retail Limited,EMEA,IQ30566351
Chaussea Sas,EMEA,IQ23377690
"Pull&Bear España, S.A.",EMEA,IQ6467890
Zara Italia S.r.l.,EMEA,IQ27147042
New Yorker Se,EMEA,IQ274481045
SportsDirect.com Retail Ltd.,EMEA,IQ11251347
Spodis Sa,EMEA,IQ23317734
Teddy S.p.A.,EMEA,IQ22676722
"WEGO Co.,Ltd.",APAC,IQ560351325
H&M Hennes & Mauritz UK Ltd.,EMEA,IQ5523081
Snipes SE,EMEA,IQ320011865
Zara Home EspaIa SA.,EMEA,IQ30609634
Primark France Sas,EMEA,IQ304341144
"Zara Portugal - ConfecÇÕes, Unipessoal, Lda",EMEA,IQ5562273
Levis Strauss & CO Europe SCA/Comm.VA,EMEA,IQ5114834
Primark Tiendas SLU,EMEA,IQ54204787
New Look Retailers Limited,EMEA,IQ5488593
River Island Clothing Co. Limited,EMEA,IQ5502796
Boohoo.com UK Limited,EMEA,IQ260592698
Burberry Limited,EMEA,IQ22533181
TJX UK,EMEA,IQ22533252
Rolex Italia S.p.A.,EMEA,IQ5633357
Modelo Continente International Trade SA,EMEA,IQ208453975
H & M Hennes & Mauritz B.V & Co. KG,EMEA,IQ5874661
La Redoute SAS,EMEA,IQ5114239
Harrods Limited,EMEA,IQ5503207
Deichmann SE,EMEA,IQ5874539
"vente-privee.com, SA",EMEA,IQ34822376
Matalan Retail Limited,EMEA,IQ6440525
Primark Stores Limited,EMEA,IQ5487098
Loewe S.A.,EMEA,IQ23049512
C&A Mode GmbH & Co. KG,EMEA,IQ6418759
Decathlon Belgium Sa,EMEA,IQ22989124
Isuzu Jidosha Tohoku K.K.,APAC,IQ49544812
Isuzu Motors Chugokushikoku Limited,APAC,IQ52024932
Jaguar Land Rover Belux,EMEA,IQ27223082
"JTB Trading, Inc.",APAC,IQ30416517
Legrand Snc,EMEA,IQ6445428
"Lic Co.,Ltd.",APAC,IQ5506414
Licensed Wholesale Company Limited,EMEA,IQ5421836
Maison Johanès Boubée SAS,EMEA,IQ5524426
Toprec Corporation,APAC,IQ5577399
"Kokuyo Marketing Co., Ltd.",APAC,IQ5554452
"Ikeda Scientific Co., Ltd.",APAC,IQ5547049
Smiths News Trading Limited,EMEA,IQ22515541
"Empire Motor Co., Ltd.",APAC,IQ5510205
Sekisui Techno Shoji Higashi Nihon Co. Ltd.,APAC,IQ22816056
"Kakuta Radio & Electric Co., Ltd.",APAC,IQ5537383
L'Oréal Danmark A/S,EMEA,IQ5774827
Toyota Hokkaido Parts Distributor Co. Ltd,APAC,IQ5546427
"FUJIFILM Imaging Systems Co., Ltd.",APAC,IQ226882995
Toyota Belgium N.V.,EMEA,IQ6475588
Pernod Ricard Deutschland GmbH,EMEA,IQ5646312
"Mitsubishi Automotive Logistics Technology Co., Ltd.",APAC,IQ5516158
Dyson GmbH,EMEA,IQ47199967
"Tanbaya Co.,Ltd.",APAC,IQ6462666
Adidas Italy Spa,EMEA,IQ22636600
Rolex Deutschland Gesellschaft Mit BeschrÄNkter Haftung,EMEA,IQ47278594
Yoshida Steel Industry Co. Ltd.,APAC,IQ140162205
"Takisada-Osaka Co., Ltd.",APAC,IQ5523486
"Bellcadia Co., Ltd.",APAC,IQ5397160
Adidas France S.a.r.l.,EMEA,IQ58813997
Cam Negoce,EMEA,IQ46951458
The Little Group Ltd,EMEA,IQ5553857
Denso Solution Japan Corporation,APAC,IQ22615442
Porsche Italia S.p.A.,EMEA,IQ22675268
ZESPRI International (Europe) N.V.,EMEA,IQ46703778
Sony Interactive Entertainment France SA,EMEA,IQ6463442
Nagoya Daihatsu K.K.,APAC,IQ5553067
Jesnet K.K.,APAC,IQ5534271
Deldo Autobanden NV,EMEA,IQ5579416
Philip Morris Spain S.L.,EMEA,IQ5502816
"Hanamaru Co., Ltd.",APAC,IQ60479140
Losch Import S.a R.L.,EMEA,IQ283432362
"Fuji Electric FA Components & Systems Co., Ltd.",APAC,IQ22534326
LG Electronics France S.A.S,EMEA,IQ6461897
JTI Ireland Limited,EMEA,IQ131585860
"Aoyama Special Steel Co., Ltd.",APAC,IQ6463273
"Nippon Paint Industrial Coatings Co., Ltd.",APAC,IQ5553759
Suzuki GB PLC,EMEA,IQ26024536
Alliance Automotive Uk Lv Limited,EMEA,IQ320615214
Agregio,EMEA,IQ647668685
Alliance Automotive Procurement Limited,EMEA,IQ114929327
"Yamaha Music Japan Co., Ltd.",APAC,IQ235630911
Dksh Japan K.K.,APAC,IQ5544394
BFS Group Limited,EMEA,IQ2495449
BESTSELLER Textilhandels GmbH,EMEA,IQ111621516
Luxottica Italia Srl,EMEA,IQ47275303
Yazaki Europe Limited - Paris,EMEA,IQ22831214
Esb Independent Generation Trading Limited,EMEA,IQ226612441
Sony Marketing Inc.,APAC,IQ5465297
Philip Morris Italia S.R.L.,EMEA,IQ22515783
Sc Foods Co. Ltd.,APAC,IQ5554327
"Morimura Bros., Inc.",APAC,IQ5885447
STAHLGRUBER GmbH,EMEA,IQ111594447
GSF Car Parts Limited,EMEA,IQ653887532
Christian Winkler GmbH & Co. KG,EMEA,IQ22830794
Skandinavisk Motor Co. A/S,EMEA,IQ26427541
Yamaha Music Europe GmbH - Branch Italy,EMEA,IQ224059215
Sojitz Machinery Corporation (Distributors),APAC,IQ84122056
Carrotrade Inc.,APAC,IQ1856901481
Societe Commerciale Du Groupe Atlantic,EMEA,IQ214034662
Halfords Limited,EMEA,IQ32676879
Stellantis Belux,EMEA,IQ5486012
Chanel Coordination,EMEA,IQ5533574
Donington Srl,EMEA,IQ653151691
Altabana SL,EMEA,IQ83926209
"Toyoshima & Co.,Ltd.",APAC,IQ5477444
Lyse AS,EMEA,IQ5720013
"Samsung Electronics Iberia, S.A.",EMEA,IQ5875681
"TS Network Co., Ltd.",APAC,IQ5467270
Samsung Electronics Austria GmbH,EMEA,IQ50850166
"Toyota Mobility Parts Co., Ltd.",APAC,IQ1687151456
Cummins NV,EMEA,IQ6468186
Autodistribution S.A.,EMEA,IQ144110
"Panasonic Consumer Marketing Co., Ltd.",APAC,IQ5872246
"Teijin Frontier Co., Ltd.",APAC,IQ5479393
Groupe Seb Export,EMEA,IQ22817310
Peugeot Citroen Pieces De Rechange,EMEA,IQ45794671
Cesar Di Barbarossa Enio E F.Lli Srl,EMEA,IQ5844841
Panasonic Marketing Europe GmbH,EMEA,IQ6562049
Logista Italia S.p.A.,EMEA,IQ22398672
Samsung Electronics Italia S.p.A.,EMEA,IQ22533700
Costco Uk Holdings Limited,EMEA,IQ22516051
Panasonic Norge branch of Panasonic Nordic AB,EMEA,IQ49546379
"Hanwa Co., Limited",EMEA,IQ585107247
"Fogeca Multiauto, S.g.p.s., S.a.",EMEA,IQ8201056
Eusider SpA,EMEA,IQ5853984
Nintendo of Europe GmbH (Parent),EMEA,IQ5491530
Graff Diamonds International Limited,EMEA,IQ22848786
"Bergé Automoción, S.L.",EMEA,IQ81592970
Logista France SAS,EMEA,IQ48944235
Next Retail Ltd,EMEA,IQ22510620
Kendo Brands Limited,EMEA,IQ595443850
"Daikin Hvac Solution Tokyo Co., Ltd.",APAC,IQ5538669
Vestas Italia S.r.l.,EMEA,IQ5579404
"Yuwa Co., Ltd.",APAC,IQ5490611
"Toyota Saitama Parts Distributor Co., Ltd.",APAC,IQ5567649
Toyota Buhin Chiba Kyohan K.K.,APAC,IQ5577374
Jaguar Land Rover Japan Limited,APAC,IQ1847495841
PC Componentes Y Multimedia SL,EMEA,IQ104811130
"Mitsui Bussan Packaging Co., Ltd.",APAC,IQ61640205
"Rikaken Co.,Ltd.",APAC,IQ1866969834
Menzies Distribution Ltd,EMEA,IQ5482883
Philip Morris Limited,EMEA,IQ6493057
"Nagoya Denki Co.,Ltd.",APAC,IQ5569559
Akebono Y.K.,APAC,IQ281145061
tabacon Oberbayern DTV-Tabakwaren GmbH & Co. KG,EMEA,IQ5545526
"SIVA - Sociedade de Importação de Veículos Automóveis, S.A.",EMEA,IQ5490762
"Denkishizai.Co., Ltd.",APAC,IQ5554309
Bw Bekleidungsmanagement GmbH,EMEA,IQ231030451
"Az Science Co.,Ltd.",APAC,IQ5719537
"Cofco Resources EspaIa, S.L.",EMEA,IQ53839876
Kia Motors Iberia Sl.,EMEA,IQ26433268
"Mitsui Kinzoku Trading Co., Ltd.",APAC,IQ5549230
"World Production Partners Co.,Ltd.",APAC,IQ46951191
PepsiCo France SNC,EMEA,IQ39100670
"Aso Shoji Co., Ltd.",APAC,IQ5886207
"Asahi Trading Co., Ltd.",APAC,IQ5778098
Kia Sweden Ab,EMEA,IQ32508010
ArcelorMittal International Luxembourg S.A.,EMEA,IQ5548702
"Toyota Kanagawa Parts Distributor Co., Ltd.",APAC,IQ5545051
Itm Alimentaire Centre Est,EMEA,IQ320610102
Micheldever Tyre Services Limited,EMEA,IQ5722957
"TOMY Marketing Company, Ltd",APAC,IQ5723130
AST Corporation,APAC,IQ46987213
Hokkaido Shurui Hanbai K.K.,APAC,IQ5490342
"Oji Green Resources Co.,Ltd.",APAC,IQ245188717
Mercedes-Benz Belgium Luxembourg NV/SA,EMEA,IQ5874576
Lg Electronics Japan Inc.,APAC,IQ6470505
Yamaha Music Europe GmbH,EMEA,IQ12828541
"Watahan Partners Co., Ltd.",APAC,IQ690897809
Glencore Cereales France Sas,EMEA,IQ5114252
"Hyosung Japan Co.,Ltd.",APAC,IQ5545826
"Midsid - Sociedade Portuguesa De DistribuiCAo, S.A.",EMEA,IQ30339678
Ryowa Corporation,APAC,IQ225436041
ESS-FOOD A/S,EMEA,IQ12785311
"SHC, K.K.",APAC,IQ261642378
Subaru Europe NV/SA,EMEA,IQ23019789
"Sakae Shoji, K.K.",APAC,IQ264951813
DAISEN SANGYO Corporation,APAC,IQ5566738
"S.V.D. Co., Ltd.",APAC,IQ22563363
Kishun.Inc,APAC,IQ1838535006
Bunge France,EMEA,IQ5428700
Kokubu Food Create Corp.,APAC,IQ5424054
Jaguar Land Rover Deutschland GmbH,EMEA,IQ5544353
Nissan Italia S.r.l.,EMEA,IQ22287684
tabacon Tabakwaren GmbH & Co. Holdinggesellschaft KG,EMEA,IQ26084518
Jutec Corporation,APAC,IQ226839740
U.S. Direct E-Commerce Limited,EMEA,IQ585107597
"forEst Co., Ltd.",APAC,IQ553439692
Yamaya Shoryu k.k.,APAC,IQ12722011
Stapleton's (Tyre Services) Ltd,EMEA,IQ5633409
Louis Dreyfus Commodities EspaÑa Sa,EMEA,IQ5509027
Posco International Italia Srl,EMEA,IQ46408352
Itm Alimentaire Nord,EMEA,IQ247589547
"Conway The Convenience Company, S.A",EMEA,IQ6469646
"Iida Shoji, Y.K.",APAC,IQ5885695
Sca Fruits Legumes Fleurs,EMEA,IQ263488717
Ssk Corporation,APAC,IQ5504206
"Satsuma-Ya Shoten, K.K.",APAC,IQ5492104
EURONICS Deutschland eG,EMEA,IQ5527541
Trinks GmbH,EMEA,IQ5486997
Lecureur Sa,EMEA,IQ5538143
Hogast Italien Coop Arl,EMEA,IQ5854353
Itm Alimentaire Ouest,EMEA,IQ313518886
Itm Alimentaire Centre Ouest,EMEA,IQ580748948
Philip Morris Austria GmbH,EMEA,IQ417646045
Schiever Distribution,EMEA,IQ5493387
Cookson Metaux Precieux,EMEA,IQ5542028
Dongkuk Corporation,APAC,IQ5689503
Mitsubishi Electric Life Network Corporation.,APAC,IQ5467902
Approvisionnement En Parfumerie-Scaparf,EMEA,IQ26443136
Aktieselskapet Vinmonopolet,EMEA,IQ22516833
Agc Glass Europe Sales,EMEA,IQ217582308
Ergon Societa' Consortile A Rl,EMEA,IQ22868287
Interforum S.A.,EMEA,IQ308537952
voestalpine Rohstoffbeschaffungs GmbH,EMEA,IQ5600270
Ceremis,EMEA,IQ231608806
"Drone Net Co., Ltd.",APAC,IQ1846671874
"Hiroshima Kyowa Bussan Co.,Ltd.",APAC,IQ5534167
Diageo Great Britain Limited,EMEA,IQ12438145
Itm Alimentaire Sud Est,EMEA,IQ320610029
Soc Centrale Approvision Sud Ouest,EMEA,IQ5498902
Lyfra nv,EMEA,IQ5521121
Brüder Schlau GmbH & Co. KG,EMEA,IQ5546868
Mitsubishi Electric Living Environment Systems Corporation,APAC,IQ5539242
Havi Logistics Srl,EMEA,IQ5637710
DTV Tabakwaren-Vertriebsgesellschaft mbH & Co. KG Marketingkooperation,EMEA,IQ45735431
J-Net Co.Ltd.,APAC,IQ5490989
"Showa Trading Co., Ltd.",APAC,IQ5502706
Pro Aurum GmbH,EMEA,IQ649664208
MMD Automobile GmbH,EMEA,IQ6489852
Societe Cooperative D'approvisionnement De L'ile De France,EMEA,IQ5493362
Soc Centrale Approvisionnement Armorique,EMEA,IQ5502565
Socamaine S.A.,EMEA,IQ5109549
Kokubu Nishinihon Corp.,APAC,IQ5710201
Leclerc Approvionnement Sud,EMEA,IQ5492065
SOCIETE COOPERATIVE D'APPROVISIONNEMENT DE L'OUEST,EMEA,IQ285314696
Cooperative D'approvisionnement Normande,EMEA,IQ5114100
Soc Cooperative Socamil,EMEA,IQ5492341
Transityre France Sa,EMEA,IQ5561935
Philip Morris Benelux BV,EMEA,IQ5480251
Nestle Waters Marketing & Distribution SAS,EMEA,IQ45735083
Sica Sas Axereal,EMEA,IQ265468827
Coop Consorzio Nord Ovest Soc Consortile Arl,EMEA,IQ30339564
"Kao Customer Marketing Co., Ltd.",APAC,IQ5870279
Yutaka Shoji K.K.,APAC,IQ50980992
Upm Pulp Sales Oy,EMEA,IQ536487264
Nippon Shuppan Hanbai Inc.,APAC,IQ1827665999
Tohan Corporation,APAC,IQ5466502
"Nihon Shurui Hanbai Co., Ltd.",APAC,IQ5467331
ED&F Man Sugar Limited,EMEA,IQ8058996
"Fuji Xerox Tokyo Co., Ltd.",APAC,IQ5908760
FUJIFILM Europe B.V.,EMEA,IQ46543040
"Bridgestone Tire Solution Japan Co., Ltd.",APAC,IQ5685899
Gifi Diffusion La Barbiere,EMEA,IQ30351242
Decathlon Sports Ireland Ltd,EMEA,IQ653473709
NIKE Trading Company B.V.,EMEA,IQ235741156
Volkswagen Group United Kingdom Limited,EMEA,IQ5466331
LEGO Company Limited,EMEA,IQ5849202
Volkswagen Group España Distribución S.A.,EMEA,IQ5466985
"Confex CO.,LTD.",APAC,IQ5498961
Benetton Group S.R.L.,EMEA,IQ608341573
Wrist Ship Supply A/S,EMEA,IQ5393514
Atlantica Saga S.A.,EMEA,IQ52174151
Eurospin Sicilia S.p.A.,EMEA,IQ23050839
Eurospin Tirrenica S.p.A.,EMEA,IQ5687070
Grupo Hermanos Martin S.A.,EMEA,IQ5687047
Safeway Limited,EMEA,IQ875998
Safeway Stores Ltd.,EMEA,IQ22499834
Unialco Sl,EMEA,IQ5452911
"Fujicitio co,Ltd.",APAC,IQ5491095
Eurospin Lazio S.p.A.,EMEA,IQ5566760
"FRESSAY Co., Ltd.",APAC,IQ5503989
Maruai Corporation,APAC,IQ5532487
"Kanehide Shoji Co.,Ltd.",APAC,IQ5493217
ave Corporation,APAC,IQ404319048
Casa Ametller Sl,EMEA,IQ105664222
"Marukyu Co., Ltd.",APAC,IQ410619904
OK Corporation,APAC,IQ5492921
"Sendo Co., Ltd.",APAC,IQ5602696
Spesa Intelligente Spa,EMEA,IQ22613751
"Uoroku Co., Ltd.",APAC,IQ5532831
"Bicrise Co., Ltd.",APAC,IQ5703666
"Jr Kyushu Retail, Inc.",APAC,IQ5687554
"Cecosa Supermercados, S.L.",EMEA,IQ119040897
"Twins Alimentación, S.A.U.",EMEA,IQ99202012
ALDI Inkoop NV,EMEA,IQ5548406
Kymen Seudun Osuuskauppa,EMEA,IQ6467195
DINOSOL Supermercados S.L.,EMEA,IQ5567105
Aldi Nv,EMEA,IQ5542334
Osuuskauppa Peeässä Oy,EMEA,IQ5542648
Osuuskauppa Keskimaa,EMEA,IQ5533585
Gadisa Retail Sl,EMEA,IQ144264602
Heron Foods Limited,EMEA,IQ22431545
Ng Kiwi Innland As,EMEA,IQ22969102
"Ralse Co., Ltd.",APAC,IQ321426731
Yamaya Kansai K.K.,APAC,IQ84198000
Just Eat.co.uk Ltd,EMEA,IQ224651460
Coop Midt-Norge SA,EMEA,IQ426521438
Picard Surgelés SAS,EMEA,IQ724847
"HARASHIN Co., Ltd.",APAC,IQ26592252
Buurtwinkels Okay,EMEA,IQ45844672
Unicomm S.r.l.,EMEA,IQ22560839
F.Lli Lando S.p.A.,EMEA,IQ46237625
NG Kiwi Oslo Akershus AS,EMEA,IQ22638291
"Supermercados Champion, S.A.",EMEA,IQ5522216
Megagest Srl,EMEA,IQ46726728
Carissa Einzelhandel- Und Tankstellenservice GmbH & Co. Kg,EMEA,IQ45761526
WorldMarechal SAS,EMEA,IQ183553
Alì Spa,EMEA,IQ10932981
Vego Supermercados SAU,EMEA,IQ5631767
K+K Klaas & Kock B.V. & Co. Kg,EMEA,IQ23078448
Fratelli Arena srl,EMEA,IQ22988986
"Ahorramas, S.A.",EMEA,IQ22563083
Premium Water Inc.,APAC,IQ244519512
Distribucion Supermercados SL,EMEA,IQ5408964
Retail Partners Colruyt Group,EMEA,IQ25108047
"JR East Cross Station Co.,Ltd.",APAC,IQ5472731
Yamaya Higashinihon K.K.,APAC,IQ1821545765
AO Retail Limited,EMEA,IQ256752065
"Gallega de Distribuidores de Alimentación, S.A.",EMEA,IQ6461578
Jenny Craig France S.A.S.,EMEA,IQ111887188
Lidl Suomi Kommandiittiyhtiö,EMEA,IQ22653988
"Supercor, S.A.",EMEA,IQ23006461
Commercianti Indipendenti Associati Soc Coop,EMEA,IQ6455493
DIMAR S.p.A.,EMEA,IQ30490076
"Carrefour Proximité France, SAS",EMEA,IQ114815708
Faughan Ltd,EMEA,IQ111628475
BWG Foods UC,EMEA,IQ5491157
LiLLo S.p.A.,EMEA,IQ5631166
Supermercati Tosano Cerea S.r.l.,EMEA,IQ23008995
Lidl Supermercados S.A.U.,EMEA,IQ5481708
Mercadona S.A.,EMEA,IQ6393078
Marks & Spencer Simply Foods Limited,EMEA,IQ115209876
Lidl Stiftung & Co. KG,EMEA,IQ22509644
Alimerka S.A.,EMEA,IQ5721012
"Okinawa Family Mart Co.,Ltd.",APAC,IQ5567911
"Ogino Co.,Ltd.",APAC,IQ5503733
"Matsumoto Co., Ltd.",APAC,IQ613547370
"Takara Mc, K.k.",APAC,IQ5633319
Pirkanmaan Osuuskauppa Oy,EMEA,IQ5547429
"Kano.,Co. Ltd.",APAC,IQ5606678
SUNNY MART Co. Ltd.,APAC,IQ5544638
G.M.F. Grandi Magazzini Fioroni S.P.A.,EMEA,IQ5579707
Etelä-Pohjanmaan Osuuskauppa,EMEA,IQ6463698
Kakujo Gyorui K.K.,APAC,IQ657520059
"Passport Co., Ltd.",APAC,IQ224018565
Pasco Shikishima Corporation,APAC,IQ22516226
Coop Sørvest Sa,EMEA,IQ22759532
"Naganoken Rengo Seika Co., Ltd.",APAC,IQ380916576
"Cash Lepe, S.A.",EMEA,IQ5850689
ALDI NV (Operating Subsidiary 1),EMEA,IQ5907760
ICA Norge AS,EMEA,IQ22760237
"Heart Friend, K.K.",APAC,IQ5722364
"Entetsu Store Co., Ltd.",APAC,IQ5536782
Conad Centro Nord Soc. Coop Vaarl,EMEA,IQ5525667
K-Market Oy,EMEA,IQ7910008
F.lli Ibba s.r.l.,EMEA,IQ46671745
"Aldi GmbH & Co Kg (Donaueschingen, Germany)",EMEA,IQ5885933
Bestway Northern Limited,EMEA,IQ5885556
Asko Vestfold Telemark As,EMEA,IQ22686525
Mitsukoshi Isetan Food Service Ltd.,APAC,IQ26554259
"Izumiyahankyuoashisu Co.,Ltd.",APAC,IQ83671607
Fyffes International Unlimited Company,EMEA,IQ595538230
Migross S.p.A.,EMEA,IQ5687573
Multicedi S.R.L.,EMEA,IQ22798793
Supermarches Match,EMEA,IQ5489584
"Supersol SPAIN, S.L.U.",EMEA,IQ669136338
CONSUM S. COOP. V.,EMEA,IQ5875364
Semark Ac Group Sa,EMEA,IQ5631156
"Izumiya Co.,Ltd.",APAC,IQ554426393
Georg Jos. Kaes GmbH,EMEA,IQ5641908
"COVIRÁN, S.C.A.",EMEA,IQ6463362
James Hall & Company (Holdings) Ltd,EMEA,IQ5522143
Hannan Corporation,APAC,IQ49648896
Mazagran Service,EMEA,IQ5505954
Farmfoods Limited,EMEA,IQ22563479
COOP LIGURIA Società Cooperativa di Consumo,EMEA,IQ22614369
"Aldi GmbH & Co Kg (Murr, Germany)",EMEA,IQ5885949
"Bon Preu, SAU",EMEA,IQ22686381
Rema 1000 Danmark A\S,EMEA,IQ5663550
Coop Sapporo,APAC,IQ5478578
"GRUP SUPECO MAXOR, S.L.U.",EMEA,IQ5503427
Helsingin Osuuskauppa Elanto,EMEA,IQ26019396
Pal System Cooperative Union,APAC,IQ5487648
Booker Direct Limited,EMEA,IQ1586597
MPREIS Warenvertriebs GmbH,EMEA,IQ5521053
Pac2000A Societa' Cooperativa,EMEA,IQ8141715
CO-OP Mirai,APAC,IQ6562042
"IrmAdona Supermercados, S.A.",EMEA,IQ694723746
Norges RÅFisklag Sa,EMEA,IQ5875105
Unicoop Tirreno Soc. Coop.,EMEA,IQ24428562
"York Co., Ltd.",APAC,IQ5480908
Aldi Masquefa Supermercados Sl,EMEA,IQ47013693
"Caprabo, S.A.",EMEA,IQ5478118
Iceland Foods Ltd.,EMEA,IQ8742200
A.F. Blakemore & Son Ltd,EMEA,IQ5490186
Co-op Wholesale Limited,EMEA,IQ5478597
Netto Marknad Sverige AB,EMEA,IQ22866888
Scapalsace SA,EMEA,IQ5503580
Coop Lombardia Società Cooperativa,EMEA,IQ22516429
"Dia Portugal Supermercados, SA",EMEA,IQ5522899
Pam Panorama S.p.A.,EMEA,IQ269841468
Aspiag Service S.r.l.,EMEA,IQ22516563
Suntory Beverage Service Limited,APAC,IQ5607228
"CGC Japan, Co. Ltd.",APAC,IQ5478090
Carrefour Drive,EMEA,IQ222955256
Aldi Marche Toulouse,EMEA,IQ111664930
ITM Alimentaire Belgium S.A.,EMEA,IQ5600414
Monoprix Exploitation Par Abreviation MPX,EMEA,IQ26003351
EDEKA Südwest eG,EMEA,IQ5469168
"Aeon Retail Co., Ltd.",APAC,IQ53541038
"G.S. S.p.A., S.S.C. Società Sviluppo Commerciale s.r.l.",EMEA,IQ91897237
Carrefour Supermarchés France,EMEA,IQ5885437
"ALDI Supermercados, S.L.",EMEA,IQ26581400
Carrefour Hypermarchés France SAS,EMEA,IQ5463988
ITM Alimentaire International SAS,EMEA,IQ5537113
Lidl Italia Srl,EMEA,IQ5491450
METRO Italia Cash and Carry S.p.A.,EMEA,IQ22515252
"Continente Hipermercados, SA",EMEA,IQ83038294
"RECHEIO CASH & CARRY, SA",EMEA,IQ5498900
Waitrose Limited,EMEA,IQ5467346
"Condis Supermercats, S.A.",EMEA,IQ5524211
Aldi Stores (Ireland) Limited,EMEA,IQ46889483
Aldi Stores Limited,EMEA,IQ5477973
Ocado Retail Limited,EMEA,IQ6021766
Holland & Barrett Retail Limited,EMEA,IQ959590
Dagrofa ApS,EMEA,IQ5469202
Hermès Sellier SAS,EMEA,IQ5492671
"G.u. Co., Ltd",APAC,IQ58432147
GA Operation S.p.A.,EMEA,IQ216747777
Societe Cartier,EMEA,IQ5554907
Samsonite Europe N.V.,EMEA,IQ5546860
Max Mara S.r.l.,EMEA,IQ5519066
Antica Ditta Marchisio Spa,EMEA,IQ46503029
Louis Vuitton UK Limited,EMEA,IQ23296732
Aoki Inc.,APAC,IQ51744782
"K. Mikimoto & Co., Ltd.",APAC,IQ5533225
Goyard St-Honoré,EMEA,IQ112270484
The Rolex Watch Company Ltd.,EMEA,IQ5705663
Morellato S.p.A.,EMEA,IQ29201963
Uniqlo Europe Ltd,EMEA,IQ46570904
Max Mara Fashion Group S.r.l,EMEA,IQ5719576
Bulgari Gioielli SpA,EMEA,IQ311609204
Yves Saint Laurent Manifatture Srl,EMEA,IQ270928240
"Beams Co., Ltd.",APAC,IQ5576783
ITX UK Limited,EMEA,IQ5376006
"Leilian Co.,LTD.",APAC,IQ5493222
"TAMURAKOMA & Co., Ltd.",APAC,IQ5481723
"GRUPO MASSIMO DUTTI, S.A.",EMEA,IQ5546925
Zara France,EMEA,IQ5540863
Moririn Co.Ltd.,APAC,IQ5478994
TSI Inc.,APAC,IQ1881944929
Mango MNG Holding SA,EMEA,IQ5496005
SAS Kiabi EUROPE,EMEA,IQ59081058
Gymshark Limited,EMEA,IQ529929365
Rosy Blue NV,EMEA,IQ32739509
Fendi S.r.l.,EMEA,IQ1900760
JCK Holding GmbH Textil KG,EMEA,IQ743881
Taché Company Nv,EMEA,IQ5114312
"Bershka BSK España, S.A.",EMEA,IQ5644930
Takko Holding GmbH,EMEA,IQ138627340
"Cristian Lay, S.A.",EMEA,IQ3715338
Calzedonia S.p.A.,EMEA,IQ5542403
Gucci Logistica Spa,EMEA,IQ6462366
"Zara España, S.A.U.",EMEA,IQ5487621
T.C.A. Trattamenti Ceneri Auroargentifere Spa,EMEA,IQ5566762
GIVI Holding S.p.A.,EMEA,IQ224112908
Cartier Joaillerie International Sas,EMEA,IQ5566592
Balenciaga S.A.,EMEA,IQ970952
Bectin Limited,EMEA,IQ534212549
PANDORA Jewellery UK Ltd.,EMEA,IQ114930113
"TOMORROWLAND Co., Ltd.",APAC,IQ5576689
s.Oliver Bernd Freier GmbH & Co. KG,EMEA,IQ5505468
"Punto Fa, S.L.",EMEA,IQ5498617
Stripe International Inc.,APAC,IQ30534678
Céline S.A.,EMEA,IQ6084849
Loro Piana S.p.A.,EMEA,IQ12205582
Giorgio Armani S.p.A.,EMEA,IQ5607189
Kering Eyewear S.p.A.,EMEA,IQ313490216
BESTSELLER A/S,EMEA,IQ5495576
Yves Saint Laurent SAS,EMEA,IQ6490488
Christian Dior Couture S.A.,EMEA,IQ5555075
Guccio Gucci S.p.A.,EMEA,IQ6463696
Arval Trading,EMEA,IQ51206053
Bmw Belgium Luxembourg Nv,EMEA,IQ5490397
FMC Automobiles SAS,EMEA,IQ7885373
Greenhous Limited,EMEA,IQ268934357
JET Tankstellen Austria GmbH,EMEA,IQ6475869
JET Tankstellen Deutschland GmbH,EMEA,IQ37850129
Motor Fuel Limited,EMEA,IQ38824003
"Nissan Prince Nishitokyo Motor Sales Co., Ltd.",APAC,IQ109219002
"OSAKA SUBARU Co.,Ltd",APAC,IQ5547072
Porsche France SA,EMEA,IQ5827545
Renault Nordic AB,EMEA,IQ83906884
"Renault Portugal, S.A.",EMEA,IQ5495606
Tokyo Subaru Inc.,APAC,IQ5491776
Jaguar Land Rover Italia S.p.A.,EMEA,IQ5525064
AS 24 Belgium N.V / S.A.,EMEA,IQ5398255
"Honda Cars Fukuoka, K.K.",APAC,IQ5659946
Marsh Wall Limited,EMEA,IQ39763627
Italscania S.p.A.,EMEA,IQ5532069
"Honda Mobility Chubu Co., Ltd",APAC,IQ5907761
"TOKAI-MAZDA Co., Ltd.",APAC,IQ5527686
LUKOIL Italia S.r.l.,EMEA,IQ61546472
Aramis SAS,EMEA,IQ215509725
Eastern Holdings Limited,EMEA,IQ5553570
"Kanto Mitsubishi Motors Sales Co.,Ltd.",APAC,IQ5843191
"Petroprix Energia, S.L.",EMEA,IQ311368938
Rubis West Indies Ltd,EMEA,IQ254201759
"Plenergy Grupo, SL",EMEA,IQ576711296
Erik Walther GmbH & Co. Kg W.J. MineralÖLhandelsgesellschaft,EMEA,IQ5534489
LUKOIL Belgium NV,EMEA,IQ5504252
TOTAL Luxembourg S.A.,EMEA,IQ5450202
T.D.M. Srl,EMEA,IQ308967637
Dansk Fuels A/S,EMEA,IQ368079906
Sytner Cars Limited,EMEA,IQ23110083
"Nissan Prince Tokyo Motor Sales Co., Ltd.",APAC,IQ30935882
Chuo Sekiyu Hanbai K.K.,APAC,IQ5927483
"Honda Mobility Tohoku, K.K.",APAC,IQ5844461
Car Shops Limited,EMEA,IQ153928526
Porsche Konstruktionen GmbH & Co KG,EMEA,IQ6462853
Cruickshank Motors Ltd,EMEA,IQ5863064
Bauda AS,EMEA,IQ22581879
Zeta Gas Spa,EMEA,IQ5851210
Markoil Sa,EMEA,IQ5529415
"Isuzu Motors Tokai Co.,Ltd.",APAC,IQ49405011
Renault Retail Group Deutschland GmbH,EMEA,IQ111538523
Lloyd Motors Limited,EMEA,IQ26520636
Fiat Auto Var Srl,EMEA,IQ5919551
Euro Garages Limited,EMEA,IQ28401509
Williams Motor Co (Holdings) Ltd.,EMEA,IQ113398634
Riddermark Bil Ab,EMEA,IQ223206779
Goodman Retail Limited,EMEA,IQ22799994
K.W. Bruun Autoimport AB,EMEA,IQ5577426
Kia Motors Belgium SA,EMEA,IQ31272433
Isuzu Jidosha Kyushu K.K.,APAC,IQ46951486
Harald A Møller As,EMEA,IQ22582713
Fiat Chrysler Automobiles UK Ltd,EMEA,IQ5874497
Kia Italia S.r.l,EMEA,IQ217583297
JDM Automotive Limited,EMEA,IQ100669419
"WECARS Co., Ltd.",APAC,IQ5774806
"Mazda Automóviles España, S. A.",EMEA,IQ22728260
"Kanto Isuzu Motor Co., Ltd.",APAC,IQ5903724
F.Leitner Mineralöle GmbH,EMEA,IQ49328799
BMW Sverige AB,EMEA,IQ5542130
Autohaus Heermann und Rhein GmbH,EMEA,IQ46373417
Mercedes-Benz Trucks España S.L.U,EMEA,IQ532929557
Hahn Automobile GmbH + Co. KG,EMEA,IQ5533806
Valcarce Tarjeta Transporte Sa,EMEA,IQ6492328
BMW Italia SpA,EMEA,IQ12916338
"BP Portugal - Comércio de Combustíveis e Lubrificantes, S.A.",EMEA,IQ22515408
"Chiba Toyopet Co., Ltd.",APAC,IQ5522032
Oil! Tankstellen GmbH & Co. KG,EMEA,IQ5542548
"Toyota Corolla Nagoya Co.,Ltd.",APAC,IQ5908680
"Gunma Toyota Co., Ltd.",APAC,IQ5546718
Mazda Motors UK Limited,EMEA,IQ26019497
"Netz Toyota Saitama Co., Ltd.",APAC,IQ5566509
Osaka Toyota North K.K.,APAC,IQ5480648
"Netz Toyota Kitakyusyu Co.,Ltd.",APAC,IQ5928147
"Grupo Huertas Automocion,S.A",EMEA,IQ556496496
K Auto Oy,EMEA,IQ5522106
Nagano Toyota Jidosha K.K.,APAC,IQ1823105705
Charles Hurst Limited,EMEA,IQ5523514
Ocasion Plus Slu,EMEA,IQ262615695
"Netz Toyota Tochigi Co., Ltd.",APAC,IQ5638150
Carpoint Spa,EMEA,IQ5686123
Ibaraki Toyota Motor Corporation,APAC,IQ5510931
Mercedes-Benz Trucks UK Limited,EMEA,IQ532929849
"CEPSA Portuguesa Petróleos, S.A.",EMEA,IQ5509322
BMW France S.A.,EMEA,IQ5478204
"Hyogo Toyota Motor Co., Ltd.",APAC,IQ5506254
Mazda Motors (Deutschland) Gesellschaft Mit BeschrÄNkter Haftung,EMEA,IQ6442772
Scania-Bilar Sverige AB,EMEA,IQ5546172
Autohaus Adelbert Moll GmbH & Co. Kg,EMEA,IQ5722832
Rinta-Joupin Autoliike Oy,EMEA,IQ84235899
"Sapporo Toyota Motor Sales Co.,Ltd.",APAC,IQ5522809
Gruppo Bossoni S.p.A.,EMEA,IQ22925949
"Repsol Portuguesa, S.A.",EMEA,IQ5479569
Automobil-Verkaufs-Gesellschaft Joseph Brass GmbH & Co. Kg,EMEA,IQ5922399
"Santogal SGPS, SA",EMEA,IQ22398984
Circle K Norge AS,EMEA,IQ22533360
"Kobe Toyopet Co.,Ltd.",APAC,IQ5524144
Listers Group Limited,EMEA,IQ22549006
Bmw Milano Srl,EMEA,IQ23008029
MAN Truck & Bus France S.A.S.,EMEA,IQ5531908
"TOYOTA COROLLA CHIBA CO., LTD.",APAC,IQ5522086
"Toyota Mobility Shinosaka Co., Ltd.",APAC,IQ5546097
Norsk Scania AS,EMEA,IQ22675322
"Hyundai Motor Espana, S.L.U.",EMEA,IQ108991900
"SBT Co., Ltd.",APAC,IQ49584139
"Chiba Toyota Co.,Ltd.",APAC,IQ5503007
Saitama Toyota Jidosha K.K.,APAC,IQ5875992
"Toyota Corolla Netz Gifu Co.,Ltd.",APAC,IQ5600600
Circle K Danmark A/S,EMEA,IQ279184407
"Shizuoka Toyota Co.,Ltd.",APAC,IQ5529436
Toyota Corolla Hiroshima K.K.,APAC,IQ5886497
Lorenzo Ceccato S.P.A.,EMEA,IQ228385754
"Japgroup, S.A.",EMEA,IQ22298957
"Japgest, Sgps, S.A.",EMEA,IQ12828928
Lookers Motor Group Limited,EMEA,IQ5503731
"Netz Toyota Chiba Co.,Ltd.",APAC,IQ5885640
"Feser, Graf & Co. Automobil Holding GmbH",EMEA,IQ47127933
We Buy Any Car Limited,EMEA,IQ114991975
Hankook Reifen Deutschland GmbH,EMEA,IQ5380940
Broman Group Oy,EMEA,IQ34011693
"Saitama Toyopet Co., Ltd.",APAC,IQ5503891
Toyota Norge AS,EMEA,IQ2459745
Sytner Limited,EMEA,IQ5648143
JCT600 Ltd,EMEA,IQ22548602
"Yanase & Co., Ltd.",APAC,IQ5467314
"Fukuoka Toyopet Co.,Ltd.",APAC,IQ5525698
Imperial Commercials Ltd,EMEA,IQ22675096
Greenhous Group (Holdings) Limited,EMEA,IQ45735424
Grupo Nors,EMEA,IQ5554286
"Osaka Toyota Motor Co., Ltd.",APAC,IQ5497433
Euro Car Parts Limited,EMEA,IQ22989164
SA Texaco Belgium NV,EMEA,IQ5875288
Arnold Clark Automobiles Limited,EMEA,IQ5476876
Hyundai Motor UK Ltd.,EMEA,IQ25105430
Keele Oy,EMEA,IQ115023830
Q8 Quaser S.r.l. Con Unico Socio,EMEA,IQ6463227
Mercedes-Benz UK Limited,EMEA,IQ42680478
"Yamaha Motor Europe N.V., Branch Uk",EMEA,IQ581327077
BMW (UK) Limited,EMEA,IQ31021381
Ford Retail Limited,EMEA,IQ22654926
"Peugeot Portugal Automoveis, S.A.",EMEA,IQ5523034
Veho Oy Ab,EMEA,IQ5491830
General Motors France S.A.S.,EMEA,IQ5473381
"Nissan Motor Sales Co., Ltd.",APAC,IQ5633575
"Meroil, S.A.",EMEA,IQ126609
Tesla Motors Belgium Sprl,EMEA,IQ275480146
Dick Lovett Companies Limited,EMEA,IQ5539001
Tesla Italy Srl,EMEA,IQ321289111
Tesla Spain Sl.,EMEA,IQ598015498
Tesla Motors Denmark ApS,EMEA,IQ606865205
Steven Eagell Limited,EMEA,IQ47231889
"Porsche Ibérica, S.A.",EMEA,IQ5914152
T.G. Holdcroft (Holdings) Ltd,EMEA,IQ5636257
Auchan Carburant,EMEA,IQ281738538
Yeomans Limited,EMEA,IQ5632761
"Ibaraki Toyopet Co., Ltd.",APAC,IQ5553066
Tesla Motors Limited,EMEA,IQ143088809
Volvo Car France,EMEA,IQ5554413
Ermewa-Sati,EMEA,IQ51329987
Nissan Motor (GB) Ltd.,EMEA,IQ5872323
Ernst Dello GmbH & Co. KG,EMEA,IQ5886407
Volvo Personbiler Norge A/S,EMEA,IQ876688
Allen Ford (UK) Ltd.,EMEA,IQ47128019
Nissankanagawahambai K.K.,APAC,IQ5522624
Tm Sweden Ab,EMEA,IQ322347669
RRG Group Limited,EMEA,IQ25537913
Delek France,EMEA,IQ144886407
Toyota España S.L.U.,EMEA,IQ5516179
Eastern Western Motor Group Ltd.,EMEA,IQ5685749
Porsche Retail Group Limited,EMEA,IQ6463518
Albert Farnell Limited,EMEA,IQ23037687
"Honda Cars TOKYOCHUO Co., Ltd.",APAC,IQ5885672
Ds Card + Drive GmbH,EMEA,IQ22533371
Nissan Center Europe GmbH,EMEA,IQ111592445
Sinclair Motor Holdings Limited,EMEA,IQ47129565
Lancaster Cars Limited,EMEA,IQ47131218
Nic. Christiansen Gruppen A/S,EMEA,IQ5569524
VEGA CARBURANTI S.p.A.,EMEA,IQ5864161
Porsche Cars Great Britain Limited,EMEA,IQ5521550
Hendy Group Ltd,EMEA,IQ30867920
Mercedes-Benz Portugal S.A.,EMEA,IQ5509470
Harley-Davidson Europe Ltd.,EMEA,IQ22596459
"Tokyo Nissan Auto Sales Co., Ltd.",APAC,IQ127423518
CLASSIC Tankstellen GmbH & Co. KG,EMEA,IQ47131722
Nissan Fukuoka Hanbai K.K.,APAC,IQ46949829
Retitalia SpA,EMEA,IQ222754915
YX-Norge AS,EMEA,IQ430269974
"Tesla France, Sarl",EMEA,IQ378844117
Costantin Spa,EMEA,IQ46642879
Toyota United Shizuoka K.K.,APAC,IQ5532643
Audi Japan Sales K.K.,APAC,IQ26519894
Nissan Nordic Europe OY,EMEA,IQ46893731
"Prio Energy, S.A.",EMEA,IQ49582610
"Yokohama Hino Motors, Ltd.",APAC,IQ5921280
Sprint Tank Gesellschaft Mit BeschrÄNkter Haftung,EMEA,IQ5581511
Swansway Garages Limited,EMEA,IQ26581565
Toyota (GB) PLC,EMEA,IQ5471195
"Yamabun Trading Co.,Ltd.",APAC,IQ5502554
Leikermoser Energiehandel GmbH,EMEA,IQ54551982
"Shell Sekiyu Osaka Hatsubaisho, K.K.",APAC,IQ5554905
Kia France,EMEA,IQ6495836
Autohuset Vestergaard A/S Personvogne,EMEA,IQ23105352
Awr Holdings Uk Limited,EMEA,IQ651001225
Aiko Sekiyu K.K.,APAC,IQ5903719
"Toyota Corolla Fukuoka Co., Ltd.",APAC,IQ59488570
Kuwait Petroleum (Belgium) N.V.,EMEA,IQ5478489
Inver Energy Limited,EMEA,IQ47106139
"Chiba Hino Motors, Ltd.",APAC,IQ5685524
Greenoaks (Maidenhead) Limited,EMEA,IQ6499293
Easy Service Srl,EMEA,IQ434181569
Motorpoint Ltd,EMEA,IQ5528321
Decidebloom Ltd,EMEA,IQ108715636
Grantham Motor Company Limited,EMEA,IQ35295249
Miyagi Toyota Jidosha K.K.,APAC,IQ6562464
Citygate Automotive Ltd,EMEA,IQ47137546
Perrys Group Limited,EMEA,IQ22581798
Perrys Motor Sales Ltd.,EMEA,IQ6458726
Ballenoil Sl,EMEA,IQ225986628
Snows Motor Group Limited,EMEA,IQ30517733
Kanagawa Nissan Jidosha K.K.,APAC,IQ5522887
Aichi Nissan Jidosha K.K.,APAC,IQ46948067
Mon Motors Limited,EMEA,IQ22782822
Circle K Exploitation Luxembourg S.A.,EMEA,IQ22866171
"Fukuoka Toyota Motor Co.,Ltd.",APAC,IQ5528544
Renault España Comercial SA,EMEA,IQ5871311
Smart Fuel AS,EMEA,IQ280238312
"Ukaiya Co.,Ltd.",APAC,IQ5579592
Bcauto Encheres,EMEA,IQ22885401
Wetteri Yhtiöt Oy,EMEA,IQ5754551
Johnsons Cars Limited,EMEA,IQ5686149
Renault Retail Group UK Ltd.,EMEA,IQ5481623
"Okinawa Toyota Motor Co., Ltd.",APAC,IQ5754644
Rheinland Kraftstoff Gesellschaft Mit BeschrÄNkter Haftung,EMEA,IQ5885918
Explotacion Estacion De Servicio Sa,EMEA,IQ6478101
K Caara Oy,EMEA,IQ30374503
Psa Retail Italia Spa,EMEA,IQ23006859
Estaciones De Servicio De Guipuzcoa Sa,EMEA,IQ5510894
Sumisho Oil Corporation,APAC,IQ5491429
Bristol Street First Investments Limited,EMEA,IQ22560886
Toyota Administa Corporation,APAC,IQ30640897
Kawasaki Motors Europe N.V.,EMEA,IQ588998435
Harwoods Limited,EMEA,IQ5632953
Saras Energia S.A.,EMEA,IQ5532759
"Toyota Corolla Aiho Co.,Ltd.",APAC,IQ5502813
"Minamikanto Hino Motors, Ltd.",APAC,IQ5529177
"Kitanihon Oil Co.,Ltd.",APAC,IQ5496104
Appleyard Motor Company Ltd.,EMEA,IQ5491063
Peter Vardy Limited,EMEA,IQ111403911
Renault UK Ltd,EMEA,IQ22511001
Eneos Frontier Company Limited,APAC,IQ5480174
Semler Mobility Retail A/S,EMEA,IQ47017353
Bassadone Automotive Nordic Oy,EMEA,IQ23048636
"Okamoto, K.K.",APAC,IQ5437179
Porsche Inter Auto GmbH & Co. KG,EMEA,IQ5479351
OK-Q8 AB,EMEA,IQ5495581
Fareplay Energy Limited,EMEA,IQ54213784
Belgian Shell N.V.,EMEA,IQ5478567
Ip Services Srl,EMEA,IQ132369531
"Toyota Tokyo Corolla Co., Ltd.",APAC,IQ5554712
Marshall Motor Group Ltd,EMEA,IQ22595354
"Kanto Mazda Co., Ltd.",APAC,IQ5854418
"Hokkaido Energy Co., Ltd.",APAC,IQ48714889
Jardine Motors Group UK Limited,EMEA,IQ22515053
Nagoya Toyopet Corporation,APAC,IQ5874680
Julius Stiglechner GmbH,EMEA,IQ5686328
Comercial Citroen Sa,EMEA,IQ5528259
Groupe Psa Italia Spa,EMEA,IQ8141767
"Suzuyo Shoji Co., Ltd.",APAC,IQ5477991
Bristol Street Fourth Investments Limited,EMEA,IQ22676359
Certas Energy France,EMEA,IQ427835718
"Idemitsu Retail Marketing Co., Ltd.",APAC,IQ5450861
Carrefour Stations Service SAS,EMEA,IQ46369799
"Yokohama Toyopet Co., Ltd.",APAC,IQ5488536
Stellantis &You Italia S.p.A.,EMEA,IQ22563496
"Kitaseki, K.K.",APAC,IQ5522344
T.D-Distribution Thevenin-Ducrot-Distribution,EMEA,IQ5490384
Doppler Mineralöle GmbH,EMEA,IQ5438656
Bca Outsource Solutions Limited,EMEA,IQ581368541
Mazda Motor Logistics Europe N.V.,EMEA,IQ5480894
Renault Retail Group S.A.,EMEA,IQ23144140
"Nishinihon Usami, K.K.",APAC,IQ30536443
Volkswagen Group France,EMEA,IQ647670605
"Higashinihon Usami, K.K.",APAC,IQ30536404
"Moeve Retail Operations, S.A.U.",EMEA,IQ5900045
"Mercedes-Benz España, S.A.U.",EMEA,IQ5476711
Inchcape Retail Limited,EMEA,IQ22533264
"Moeve Commercial, S.A.U.",EMEA,IQ5467509
Anders Hedin Invest AB,EMEA,IQ84196322
Ste Commerciale Automobile,EMEA,IQ5504039
Emil Frey Automobil Holding Deutschland GmbH,EMEA,IQ12785744
Chevron Products UK Limited,EMEA,IQ6451905
Kia Europe GmbH,EMEA,IQ29414768
Westfalen AG,EMEA,IQ5490902
Fahrzeug-Werke LUEG AG,EMEA,IQ5509161
Total Belgium SA,EMEA,IQ21008660
CD&R Firefly 4 Limited,EMEA,IQ306144152
Ejner Hessel A/S,EMEA,IQ6011621
Esso Deutschland GmbH,EMEA,IQ874926
Spire Automotive Ltd.,EMEA,IQ28513589
Hodgson Automotive Ltd,EMEA,IQ23185597
"Disa Península, S.L.U.",EMEA,IQ26443395
Gowan Group Limited,EMEA,IQ4471259
Gottfried Schultz GmbH & Co. Kg,EMEA,IQ8221729
OK a.m.b.a.,EMEA,IQ6461703
Bertel O. Steen AS,EMEA,IQ22595528
EG Group Limited,EMEA,IQ316397737
Tesla Norway As,EMEA,IQ281142429
Group 1 Automotive UK Limited,EMEA,IQ111526989
Pets at Home Ltd.,EMEA,IQ702772
WH Smith Travel Ltd.,EMEA,IQ31285478
William Hill Organization Limited,EMEA,IQ5919830
"Sprinter Megacentros Del Deporte, S.L.",EMEA,IQ134469060
Estee Lauder Cosmetics Limited,EMEA,IQ5533042
Nocibé France Distribution SAS,EMEA,IQ2996777
"Shimamura Music Co., Ltd.",APAC,IQ5577183
"Tradeinn Retail Services, S.L.",EMEA,IQ37216812
"Kyushu K's Denki Co., Ltd.",APAC,IQ146185207
Vision Express (UK) Limited,EMEA,IQ5547813
LIMONI S.p.A,EMEA,IQ22709597
"Sh Toundo, K.K.",APAC,IQ5631519
Mholding 3 A/S,EMEA,IQ52006507
Waterstones Booksellers Limited,EMEA,IQ183226
Mountain Warehouse Limited,EMEA,IQ3153587
Sportswift Limited,EMEA,IQ27671802
Nocibe France S.A.S.,EMEA,IQ265533136
Druni SA,EMEA,IQ23063239
"QVC UK, Inc.",EMEA,IQ9206733
GEO CORPORATION,APAC,IQ229060643
Ferraris Piston Service,EMEA,IQ806860
Groupe Courir S.A.S,EMEA,IQ611597356
ZEG Zweirad-Einkaufs-Genossenschaft eG,EMEA,IQ5304453
Cosmo spa,EMEA,IQ6113688
Specsavers Optical Superstores Ltd.,EMEA,IQ32412743
MEWA Textil-Service Aktiengesellschaft,EMEA,IQ537616240
Thomann GmbH,EMEA,IQ312301879
Cook Medical Europe Limited,EMEA,IQ687253686
Gottardo S.p.A.,EMEA,IQ22830724
Smyths Toys EU HQ Unlimited Company,EMEA,IQ647771964
JD Williams & Company Limited,EMEA,IQ5491376
adidas Espana S.A.U.,EMEA,IQ314338924
Agrifarma S.p.A.,EMEA,IQ25256389
"P&G Co., Ltd.",APAC,IQ265925864
"Yurindo, Co.,Ltd.",APAC,IQ5523517
Vitesco Technologies Faulquemont SAS,EMEA,IQ675698900
eBay GmbH,EMEA,IQ417585
Xprice Inc.,APAC,IQ638331976
New Vanden Borre S.A.,EMEA,IQ5659291
Decathlon España S.A.U.,EMEA,IQ5522897
"Jp Mitsukoshi Merchandising Co., Ltd.",APAC,IQ312309449
"Dinos Cecile Co., Ltd.",APAC,IQ5499071
SAS Richardson,EMEA,IQ5885960
Stadium AB,EMEA,IQ5551340
Kinokuniya Company Ltd.,APAC,IQ5479841
Ovo Gas Ltd,EMEA,IQ415218613
Holding dei Giochi S.p.A.,EMEA,IQ22729043
INTERSPORT Deutschland eG,EMEA,IQ5553421
Librerie Feltrinelli S.r.l.,EMEA,IQ84582448
"Zen-Nippon Shokuhin Co., Ltd.",APAC,IQ5487078
Anker Technology (Uk) Ltd,EMEA,IQ412484103
Fressnapf Holding SE,EMEA,IQ22322470
Rica Gest Srl,EMEA,IQ383655907
Amazon Media Eu S.a R.L.,EMEA,IQ225594885
"Mega Sports Co.,Ltd.",APAC,IQ6463155
Smyths Toys UK Ltd,EMEA,IQ36551431
"Culture Experience Co., Ltd.",APAC,IQ46890146
Showroomprive.Com,EMEA,IQ378843662
3PAGEN Versand und Handelsgesellschaft mbH,EMEA,IQ5774894
dm drogerie markt GmbH,EMEA,IQ5885222
Wareshop2 Limited,EMEA,IQ610955467
Marionnaud Lafayette,EMEA,IQ45729242
DECATHLON ITALIA S.r.l. Unipersonale,EMEA,IQ22613810
Decathlon France S.A.S.,EMEA,IQ278140230
"Nissen Co., Ltd.",APAC,IQ325237408
The Hut.com Ltd.,EMEA,IQ51056139
FNAC SA,EMEA,IQ339396943
Amazon Digital UK Limited,EMEA,IQ111587188
Currys Group Limited,EMEA,IQ22500621
ASOS.com Limited,EMEA,IQ46569461
Nike Retail B.V. Nuf,EMEA,IQ586675838
Nicoventures Trading Limited,EMEA,IQ289464702
NORMAL A/S,EMEA,IQ324517684
eBay UK Limited,EMEA,IQ25817585
Parfums Christian Dior SA (France),EMEA,IQ5490703
Réseau Clubs Bouygues Telecom SA,EMEA,IQ5722790
Superdrug Stores plc,EMEA,IQ902866
Thalia Bücher GmbH,EMEA,IQ22614503
Sephora SAS,EMEA,IQ5825038
WDFG UK Limited,EMEA,IQ13010255
"Cereales y Harinas Garsan, S.L.",EMEA,IQ5554618
Groupe Lactalis Food Service France,EMEA,IQ5523304
International Procurement And Logistics Limited,EMEA,IQ283739029
Lactalis Beurres & Cremes,EMEA,IQ5496015
Le Fromager Des Halles,EMEA,IQ378832341
"Nasio Co., Ltd.",APAC,IQ5886321
Prosol SAS,EMEA,IQ529272917
Wm Morrison Produce Limited,EMEA,IQ5882487
Eurospin Puglia S.p.A.,EMEA,IQ23317326
"Higashi Nippon Food,Inc.",APAC,IQ22581246
"Daiei Sangyo Kaisha,Ltd.",APAC,IQ5533584
Sougou Shokuhin Se Corporation.,APAC,IQ5554471
"Uoroku Holdings Co., Ltd.",APAC,IQ664288184
"Deria Foods Co., Ltd.",APAC,IQ5545988
"Iwase Esta Group Honsha, K.K.",APAC,IQ5533662
Fresca Group Limited,EMEA,IQ38328895
Societe De Distribution De Produits Maraichers Et Horticoles Du Maroc,EMEA,IQ30444981
"Jumonji Chicken Company, Ltd.",APAC,IQ5532776
ED&F Man Holdings Limited,EMEA,IQ7702152
EurobananCanarias SA,EMEA,IQ22799630
Seaborn AS,EMEA,IQ23221997
"Takanashi Milk Products Sales Co., Ltd.",APAC,IQ6461477
Bama Dagligvare As,EMEA,IQ146165679
"Meiji Food Materia Co., Ltd.",APAC,IQ30336003
"Yamato Sangyo Co.,Ltd.",APAC,IQ5497533
Ferrero Commerciale Italia Srl,EMEA,IQ427363614
Catering Engros A/S,EMEA,IQ145879941
Distribution Alimentaire Parisienne,EMEA,IQ5533562
"Wismettac Foods, Inc.",APAC,IQ5714201
Sysco Foods Ireland Unlimited Company,EMEA,IQ30439541
Grupo Bel S.A.,EMEA,IQ206346641
"UCC FOODS Co., Ltd.",APAC,IQ5885777
R & H Hall Limited,EMEA,IQ8062029
"Ana Foods Co., Ltd.",APAC,IQ5558620
"Yaguchi & Co., Ltd.",APAC,IQ5502903
"Tokyo Seika Co., Ltd.",APAC,IQ5478754
"Nishikawa Co.,Ltd.",APAC,IQ6069384
"Japell Co.,Ltd.",APAC,IQ5528946
Sogegross S.p.A.,EMEA,IQ5899032
Megamark Srl,EMEA,IQ5546662
Apulia Distribuzione S.r.l.,EMEA,IQ23005408
Jfc Japan Inc.,APAC,IQ5646624
Unéal Société Coopérative Agricole,EMEA,IQ685088808
METRO France SAS,EMEA,IQ5476586
Mercaoleo SL,EMEA,IQ127389080
Albrecht & Dill Trading GmbH,EMEA,IQ143983049
"Nissei Kyoeki Co., Ltd.",APAC,IQ5532253
Cls Remy Cointreau,EMEA,IQ5503958
"Toa Shoji Co., Ltd.",APAC,IQ5490950
Bestway Wholesale Limited,EMEA,IQ5479897
J.Marr (Seafoods) Ltd,EMEA,IQ5633413
Pomona EpiSaveurs SA,EMEA,IQ5827197
Vestey Holdings Limited,EMEA,IQ278667101
"Global Foods, Ltd.",APAC,IQ224040610
GETREIDE AG,EMEA,IQ139016379
Nosui Corporation,APAC,IQ22636560
Toyota Tsusho Foods Corporation,APAC,IQ5574580
Casillo Commodities Italia S.p.A.,EMEA,IQ47293696
Sedamyl Sbe Srl,EMEA,IQ691584257
H.J. Heinz Foods UK Limited,EMEA,IQ245261376
Andrew Marr International Ltd,EMEA,IQ5572028
Kellogg Marketing and Sales Company (UK) Limited,EMEA,IQ35228436
Red Bull Deutschland GmbH,EMEA,IQ47132517
"Nomura Trading Co., Ltd.",APAC,IQ22533997
Maxi Di Srl,EMEA,IQ5710588
Hamburg Coffee Company Hacofco mbH,EMEA,IQ5886275
Ferrero France Commerciale,EMEA,IQ581388428
DAC S.p.A.,EMEA,IQ5390315
ZG Raiffeisen eG,EMEA,IQ5498812
"ITOCHU Food Sales and Marketing Co., Ltd.",APAC,IQ5522985
Lamex Food Group Limited,EMEA,IQ47130688
Booker Retail Partners (GB) Limited,EMEA,IQ61564489
Joh. Johannson Handel AS,EMEA,IQ668055286
Wihuri Packaging Oy,EMEA,IQ253009472
ECOM Agrotrade Limited,EMEA,IQ5532122
Citrosuco GmbH,EMEA,IQ266912273
Touton Sa,EMEA,IQ8201160
Andelssmor A.M.B.A.,EMEA,IQ5528942
"Sociedad De Compras Modernas, S.A.",EMEA,IQ5542112
Eurogroup EspaIa Frutas Y Verduras Sociedad Anonima Unipersonal,EMEA,IQ47942102
Itoham Meat Sales East Inc.,APAC,IQ5503735
"Ohnishi Shoji Co.,Ltd.",APAC,IQ5566663
Frutura Obst & Gemuse Kompetenzzentrum GmbH Zweigniederlassung Deutschland,EMEA,IQ247591191
"KANESHIME Takahashi Suisan Co., Ltd.",APAC,IQ5491019
Niigata Kenbei Co. Ltd,APAC,IQ5523077
Asko Vest AS,EMEA,IQ22686926
Farmind Corporation,APAC,IQ42371127
"Nippon Access Hokkaido,Inc.",APAC,IQ5502846
Oliv Oil Group 21 Sl.,EMEA,IQ327958536
"Daiichi Suisan Co., Ltd.",APAC,IQ5515924
"Kohyo Co., Ltd.",APAC,IQ5538843
"Lovely Pet Trading Co., Ltd.",APAC,IQ5651775
"Uoichi Co.,Ltd.",APAC,IQ46892262
Frutura Obst & Gemuse Kompetenzzentrum GmbH,EMEA,IQ47841218
"Mercs Holdings, K.K.",APAC,IQ224040086
"Shosan Shoji Co., Ltd.",APAC,IQ6458516
"Chojirushi Co.,Ltd.",APAC,IQ5545585
Marubeni Seafoods Corporation,APAC,IQ6454858
ASKO AGDER AS,EMEA,IQ5664799
Marusui Sapporo Chuo Suisan KK,APAC,IQ5486957
Asko Norge As,EMEA,IQ22636578
K-Teion Foods Kk,APAC,IQ41842431
"Toka Osaka Co.,Ltd.",APAC,IQ5507370
"Tokyo Ebara Seika Co.,Ltd.",APAC,IQ5527873
Loma Commercio,EMEA,IQ224717287
"Ja Shokuniku Kagoshima, K.K.",APAC,IQ22687384
Asko Rogaland AS,EMEA,IQ22727929
Direct Produce Supplies Limited,EMEA,IQ47175186
Coast Seafood AS,EMEA,IQ22799624
"Shuren Kokubu Co.,Ltd.",APAC,IQ5491743
"Kokuyu, K.K.",APAC,IQ1839192280
Dagrofa Logistik a/s,EMEA,IQ5477874
"Sendai-Suisan. Co., Ltd.",APAC,IQ5519079
"Copro Co., Ltd.",APAC,IQ5526193
Kokubu Shutoken Corp.,APAC,IQ5874768
"Sato&Co.,Ltd.",APAC,IQ6440441
Marudai Horiuchi K.K.,APAC,IQ5875456
Transgourmet Operations,EMEA,IQ26047430
"Sapporo Mirai Chuo Seika Co., Ltd.",APAC,IQ5523234
Cefetra Ltd.,EMEA,IQ5577504
Vanden Avenne Commodities n.v.,EMEA,IQ5542163
REMA Distribusjon Norge AS,EMEA,IQ143548467
Nipponham West Sales.Ltd.,APAC,IQ5407370
"Asagirino Sato, K.K.",APAC,IQ1837852948
TRENDY FOODS Belgium s.a.,EMEA,IQ22972461
"Mitsui & Co. Agri Foods, Ltd.",APAC,IQ5539160
Fuzitoku Company,APAC,IQ5525686
Amt Fruit Limited,EMEA,IQ305354861
"Maruichi Seika Co., Ltd.",APAC,IQ5531981
"Yokohama Marunaka Seika Co., Ltd.",APAC,IQ5505323
"Co-Op Chugoku Shikoku Jigyo Rengo, Cooperative Union",APAC,IQ46894947
Openfield Agriculture Limited,EMEA,IQ22637878
Dhamecha Foods Limited,EMEA,IQ22615069
"Tokyo Shinjuku Vegefru,Ltd.",APAC,IQ30536422
"Daika Osaka Seika Co., Ltd.",APAC,IQ5490372
Italbrix Spa,EMEA,IQ286514952
Valencia Trading Office Sl,EMEA,IQ208751207
Vog Consorzio Delle Cooperative Ortofrutticole Dell'alto Adige Soc.Agricola Coop,EMEA,IQ6493920
Gustav Kindt GmbH,EMEA,IQ30639604
BÄKO-ZENTRALE eG,EMEA,IQ5547320
Sica Laita,EMEA,IQ5662843
Unica Fresh Sl.,EMEA,IQ587201656
Trendy Foods Luxembourg S.A.,EMEA,IQ126984275
Kokubu Tohoku Corp.,APAC,IQ5522135
Pro A Pro Distribution Nord,EMEA,IQ279870342
Nippon Ham Marketing Ltd.,APAC,IQ5801235
Rabo Trading Germany GmbH,EMEA,IQ143408772
Scacentre SA,EMEA,IQ5529159
Hays Logistique France,EMEA,IQ5523813
"SHOW-WA Co., Ltd.",APAC,IQ60271028
Harashin Narus Operation Service Ltd.,APAC,IQ61875082
Service-Bund GmbH & Co. Kg,EMEA,IQ30339967
RWA Raiffeisen Ware Austria AG,EMEA,IQ5875040
Mondelez España Commercial SL,EMEA,IQ216186444
"Tanesei Co.,Ltd.",APAC,IQ5504401
Vega Soc Coop,EMEA,IQ5630410
James Hall & Co. Ltd.,EMEA,IQ5885453
"nacx Co.,Ltd",APAC,IQ6440418
"Itmp Alimentar, S.A.",EMEA,IQ22727656
Laiterie Des Ardennes,EMEA,IQ144099860
Asko Sentrallager Kjøl As,EMEA,IQ557021158
"Hokkaido Cgc, K.K.",APAC,IQ5503646
Asko Oslofjord As,EMEA,IQ22728003
Compagnie Des Associes Nord Est Lait Industrie Alimentaire Denomination Sociale Abregee :,EMEA,IQ145693890
Soc Coop Approvisionnement Paris Nord,EMEA,IQ5114235
Consorzio Granterre - Caseifici E Allevamenti - Societa Cooperativa Agricola,EMEA,IQ5706444
"Pescanova España, S.L.",EMEA,IQ340794515
Centrale D'approvisionnement Des Landes,EMEA,IQ5504134
Edeka Südbayern Beteiligungsgesellschaft Mbh,EMEA,IQ6619526
Holbud Limited,EMEA,IQ5540896
ZEN-NOH Fresh Produce Marketing Corporation,APAC,IQ46894829
Conway - The Convenience Company België Nv,EMEA,IQ5532988
"ASAHI SHOKUHIN Co.,Ltd.",APAC,IQ6419152
Ce.Di. Gros Soc Consortile A Rl,EMEA,IQ22727594
Hauptgenossenschaft Nord AG,EMEA,IQ6435228
Societe Cooperative D'approvisionnement Rhone Alpes,EMEA,IQ5491510
ADM Agriculture Limited,EMEA,IQ5886219
Eurial Lait,EMEA,IQ630395953
Soufflet Negoce SAS,EMEA,IQ36635177
Cofco Resources S.R.L.,EMEA,IQ46998039
Pro A Pro Distribution Sud,EMEA,IQ242373418
Alvean Sugar Sociedad Limitada,EMEA,IQ272615383
Czarnikow Group Ltd.,EMEA,IQ46266740
"Nippon Access, Inc.",APAC,IQ36482031
Reitan Distribution A/S,EMEA,IQ5496234
Scabel,EMEA,IQ587201640
KOKUBU GROUP CORP.,APAC,IQ5464585
COOP ALLEANZA 3.0 Soc. Coop.,EMEA,IQ321536744
Weston Importers Ltd.,EMEA,IQ106607264
LDH (La Doria) Ltd,EMEA,IQ5599972
BAMA Gruppen AS,EMEA,IQ8839363
Apotek 1 Norge AS,EMEA,IQ22595184
Kyorindo Super Drug Store,APAC,IQ5551723
Day Lewis PLC,EMEA,IQ5377184
"Kusurinofukutaro Co.,LTD.",APAC,IQ5632626
"Frontier Co.,Ltd.",APAC,IQ5566630
L Rowland & Co. (Retail) Ltd,EMEA,IQ58832185
"Pharmarise Co., Ltd.",APAC,IQ546132037
Pharma Mirai Inc.,APAC,IQ48890879
"HEARTY WANTS Co.,Ltd.",APAC,IQ5553384
MHA Müller HandelsgmbH,EMEA,IQ283041659
Multipharma SCRL,EMEA,IQ1033658
"ZAG ZAG Co.,Ltd.",APAC,IQ23297593
Kwizda Pharmahandel GmbH,EMEA,IQ6463400
Sumisho Drugstores Inc.,APAC,IQ22687710
"Pupule Himawari, K.K.",APAC,IQ5773398
Reed Health Care Corporation,APAC,IQ5525530
"Chubu Yakuhin Co., Ltd.",APAC,IQ5578057
Bestway National Chemists Ltd.,EMEA,IQ25875446
Kronans Droghandel Apotek AB,EMEA,IQ126957713
"I&H Co., Ltd.",APAC,IQ674896237
"SUGI Pharmacy CO., LTD.",APAC,IQ381869021
Dirk Rossmann GmbH,EMEA,IQ603632
Boots UK Limited,EMEA,IQ8789535
MAKRO Self Service Wholesalers Ltd.,EMEA,IQ5475535
Ap Commerciale Srl,EMEA,IQ278946759
Prix Quality Spa,EMEA,IQ30350530
Iper Montebello Spa,EMEA,IQ5478640
Tigros SpA,EMEA,IQ6480737
Rossetto Trade Spa,EMEA,IQ45795017
Aldi,EMEA,IQ22636837
Bennet S.p.A.,EMEA,IQ22515879
Osuuskauppa KPO,EMEA,IQ5532090
New Fdm Spa,EMEA,IQ247149424
"UNY Co.,Ltd.",APAC,IQ244998643
Coop Orkla Møre SA,EMEA,IQ22848894
Globus Holding GmbH & Co. KG,EMEA,IQ30274893
Distribuciones Froiz S.A.,EMEA,IQ5545928
Maiora S.r.l.,EMEA,IQ245264723
Cactus S.A.,EMEA,IQ12870101
Makro - Cash & Carry Portugal S.A,EMEA,IQ5491617
TATO' PARIDE S.p.A.,EMEA,IQ22933289
Albert Heijn België Nv,EMEA,IQ245149285
"KOHYO Co.,Ltd.",APAC,IQ5531794
IGES s.r.l.,EMEA,IQ5661502
"Beisia Co.,Ltd.",APAC,IQ5874840
Carrefour Import SAS,EMEA,IQ26023650
"Summit, Inc.",APAC,IQ5478665
Makro Autoservicio Mayorista S.A.,EMEA,IQ5479505
Coop Centro Italia Società Cooperativa,EMEA,IQ26024370
Unicoop Firenze sc,EMEA,IQ5479484
Nova Coop S.C.,EMEA,IQ5495679
"ALCAMPO, S.A.",EMEA,IQ5468022
Cora SAS,EMEA,IQ7902363
"TRIAL Company, Inc.",APAC,IQ5705472
Scamark SA,EMEA,IQ5479377
EDEKA Handelsgesellschaft Südwest mbH,EMEA,IQ47228337
Carrefour Belgium SA,EMEA,IQ5467290
"Modelo Continente Hipermercados, S.A.",EMEA,IQ5472076
ASICS Europe B.V.,EMEA,IQ5663740
LOWA Sportschuhe GmbH,EMEA,IQ30396972
New Balance Athletic Shoes (U.K.) Ltd.,EMEA,IQ5408745
Tempe S.A.,EMEA,IQ5646589
Deckers Europe Limited,EMEA,IQ111528312
Manufactures Dior Srl,EMEA,IQ182049504
C. & J. Clark International Limited,EMEA,IQ50264383
ECCO Sko A/S,EMEA,IQ5508076
"Komeda Co., Ltd.",APAC,IQ49947189
McDonald's Development Italy LLC,EMEA,IQ35043250
NGHL - Nando's Group Holdings Limited,EMEA,IQ111616612
Restaurantes McDonald's S.A.,EMEA,IQ23742151
Burger King Spain Slu,EMEA,IQ558193372
"Food Service Project, S.A.",EMEA,IQ833502
"Alef Co., Ltd.",APAC,IQ5536220
API Restauration SA,EMEA,IQ23005927
Nando's Chickenland Limited,EMEA,IQ168534
McDonald's France SASU,EMEA,IQ6628987
apetito AG,EMEA,IQ22596057
Select Service Partner UK Limited,EMEA,IQ47586434
Westbridge Foods Limited,EMEA,IQ23298375
Mcd Global Franchising Limited,EMEA,IQ412310479
Caffe Nero Group Holdings Ltd,EMEA,IQ47169410
"Royal Contract Service Co., Ltd.",APAC,IQ47689181
"Reins International Co., Ltd.",APAC,IQ5637172
"Áreas, S.A.U.",EMEA,IQ1365637
Ai Food Company Limited,APAC,IQ46988550
"Royal Food Service Co., Ltd.",APAC,IQ49553616
"Seven & I Food Systems Co., Ltd.",APAC,IQ49442898
Hørkram Foodservice A/S,EMEA,IQ23050176
Serenissima Ristorazione Spa,EMEA,IQ22987934
Sodexo Sante Medico Social,EMEA,IQ61381221
Sogeres SAS,EMEA,IQ5579807
CIRFOOD s.c.,EMEA,IQ26225762
"Uokuni Sohonsha Co.,Ltd.",APAC,IQ5533465
"Nippon Restaurant Enterprise Co., Ltd.",APAC,IQ5510588
Compass Group Deutschland GmbH,EMEA,IQ5479389
Autogrill Italia S.p.A.,EMEA,IQ551432858
Sodexo Entreprises,EMEA,IQ111665121
Grocery Delivery E-Services UK Ltd.,EMEA,IQ321816032
Starbucks Coffee Company (UK) Limited,EMEA,IQ5607224
McDonald's Restaurants Limited,EMEA,IQ5472699
Compass Groupe France Ens Sante Sces Hot,EMEA,IQ6562548
Elres,EMEA,IQ6562316
Welcome Break Limited,EMEA,IQ6447427
Domino's Pizza UK and Ireland Limited,EMEA,IQ10080849
"Domino's Pizza Japan, Inc.",APAC,IQ369341704
AB Svenska Spel,EMEA,IQ5476217
Betfred Group Ltd.,EMEA,IQ249621349
Eurobet Italia Srl,EMEA,IQ47268079
Ladbrokes Betting & Gaming Limited,EMEA,IQ5467471
Midasplayer AB,EMEA,IQ145809420
Premier Lotteries Investments UK Limited,EMEA,IQ145044692
"Sociedad Estatal Loterías y Apuestas del Estado, S.M.E., S.A.",EMEA,IQ222723790
Winamax,EMEA,IQ275386211
Done Brothers (Cash Betting) Limited,EMEA,IQ22516943
Power Leisure Bookmakers Limited,EMEA,IQ22614381
Sisal Entertainment S.p.A.,EMEA,IQ45981249
Unibet (London) Ltd.,EMEA,IQ45758002
"LUCKIA Gaming Group, SA",EMEA,IQ30563339
Scommettendo Srl,EMEA,IQ111528576
Premier Lotteries Ireland Holdings Designated Activity Company,EMEA,IQ326801681
Etablissements Baud SA,EMEA,IQ7939896
Westdeutsche Lotterie GmbH & Co. OHG,EMEA,IQ5470886
Loterie Nationale S.A.,EMEA,IQ5503017
Bet365 Group Limited,EMEA,IQ22534137
"DYNAM Co.,Ltd.",APAC,IQ5467009
"Japan Racing Association, The",APAC,IQ6413053
Intralot Italia S.p.A,EMEA,IQ42747300
Camelot UK Lotteries Limited,EMEA,IQ13426824
Norsk Tipping AS,EMEA,IQ22516115
Deuce Holdco Limited,EMEA,IQ312798175
"Nobuta Enterprise, Co., Ltd.",APAC,IQ5504016
"Paradise, K.K.",APAC,IQ5663702
"Silver Back Sb, K.K.",APAC,IQ23075683
Toda Kyotei Kigyodan,APAC,IQ1846650991
"Town Light, K.K.",APAC,IQ255878405
D'station K.K.,APAC,IQ26465624
"Sirius Co, Ltd.",APAC,IQ46895253
"Kakuta, K.K.",APAC,IQ5491437
"Kikuya, K.K.",APAC,IQ5521062
"Saitama Yuraku, K.K.",APAC,IQ47769768
"Heiseikankou Co., Ltd.",APAC,IQ5581967
David Lloyd Leisure Ltd.,EMEA,IQ1213521
Merlin Attractions Operations Ltd.,EMEA,IQ111537443
"Sega Entertainment Co.,Ltd.",APAC,IQ50983249
Red Bull Technology Ltd,EMEA,IQ45731030
BANDAI NAMCO Amusement Inc.,APAC,IQ222355384
Haven Leisure Limited,EMEA,IQ20673286
"Daiichi-Bussan Co., Ltd.",APAC,IQ5492881
Honda Racing Corporation,APAC,IQ5747029
"Daiichi Jitsugyo, K.K.",APAC,IQ49444632
Under Tree Tokyo Corporation,APAC,IQ5503937
"Heisei Kogyo Co., Ltd.",APAC,IQ5632265
"Aviva Co., Ltd.",APAC,IQ5645792
"Ohta, K.K.",APAC,IQ5755796
"Abc Co.,Ltd.",APAC,IQ5491413
"Yume Corporation Co., Ltd.",APAC,IQ5498826
"Tateiwa, K.K.",APAC,IQ5423788
"Daihachi, K.K.",APAC,IQ22799532
"Ichiroku Syoji Holdings Co., Ltd.",APAC,IQ5486569
"21 SEIKI GROUP Co.,Ltd.",APAC,IQ5516162
"Goda Kanko Shoji, K.K.",APAC,IQ5489559
"Ozam Co., Ltd.",APAC,IQ5477443
Fuji Kaihatsu K.K.,APAC,IQ5853407
Novil K.K.,APAC,IQ1832979092
Formula One World Championship Limited,EMEA,IQ165682936
"Ichiroku Shoji Higashinihon, K.K.",APAC,IQ1821391367
"Shinwa, K.K.",APAC,IQ5885359
"Joypack Co., Ltd.",APAC,IQ5495561
Undertree Corporation,APAC,IQ5503987
"Hakuwa Co., Ltd.",APAC,IQ6462701
"Gaia, Co.,Ltd.",APAC,IQ5874778
Casino Barcelona Interactivo Sa.,EMEA,IQ700903707
Ekasa Apuestas Online Sociedad Anonima.,EMEA,IQ580849393
"Zent Co.,Ltd.",APAC,IQ5526198
Richmond UK Holdco Limited,EMEA,IQ416251208
"Euskal Kirol Apostuak, Sa",EMEA,IQ137025456
MARUHAN Corporation,APAC,IQ5467311
Staatliche Toto-Lotto GmbH,EMEA,IQ5478797
Center Parcs (Operating Company) Ltd.,EMEA,IQ22848932
"Famm Design Co., Ltd.",APAC,IQ60479819
Flight Centre (UK) Wholesale Limited,EMEA,IQ208401058
Hays Travel Limited,EMEA,IQ13466510
Hilton Worldwide Manage Limited,EMEA,IQ320608077
HNVR Midco Limited,EMEA,IQ364770710
Hoteles Catalonia,EMEA,IQ61706618
IHG Hotels Limited,EMEA,IQ47232111
Levantur Sa,EMEA,IQ12932116
Magical Cruise Company Limited,EMEA,IQ6815714
Msc Cruise Management (Uk) Limited,EMEA,IQ580959528
"New Otani Co., Ltd.",APAC,IQ5504879
"NIPPON HOTEL Co., Ltd.",APAC,IQ5577369
"Nissan Creative Services Co., Ltd.",APAC,IQ5549888
Premier Inn Hotels Limited,EMEA,IQ9364425
Rcl Cruises Ltd,EMEA,IQ247180870
"Residencial Marina, S.L.",EMEA,IQ60885816
RIU Hotels & Resorts,EMEA,IQ29163624
Riusa II S.A.,EMEA,IQ30945257
"Route-Inn Japan Co.,Ltd.",APAC,IQ23022575
SEIBU PRINCE HOTELS WORLDWIDE INC.,APAC,IQ5487572
"Super Hotel Co.,Ltd.",APAC,IQ23136410
Tokyu Resorts & Stay Co.,APAC,IQ5419546
"Royal Park Hotels And Resorts Co., Ltd.",APAC,IQ38276429
Scandic Hotels AS,EMEA,IQ23298010
"Mitsui Fudosan Hotel Management Co., Ltd.",APAC,IQ5566523
"American Express Global Business Travel Nippon Travel Agency, Inc.",APAC,IQ22709648
JTB KANTO Corp.,APAC,IQ23144243
Meitetsu World Travel Inc.,APAC,IQ5569959
Dorchester Group Limited,EMEA,IQ4775357
Jtb Media Retailing Corp.,APAC,IQ243133504
JTB Central Japan Corp.,APAC,IQ52004857
Jtb Tokyo Metropolitan Corp.,APAC,IQ46892246
ACCOR Hospitality Germany GmbH,EMEA,IQ126752470
"Jtb Western Japan,Corp.",APAC,IQ5875312
Club Tourism International Inc.,APAC,IQ11384233
Southall Travel Ltd,EMEA,IQ30400521
London And Regional Group Hotel Holdings Ltd,EMEA,IQ647907251
"Vacaciones eDreams, S.L.",EMEA,IQ92093
"Viagens Abreu, S.A.",EMEA,IQ6464034
Brightsun Travel (UK) Ltd.,EMEA,IQ224663065
Ávoris Reinventing Travel,EMEA,IQ5528326
"JALPAK Co., Ltd.",APAC,IQ5874820
Societe D'investissement Multimarques Sim,EMEA,IQ110170246
Jtb Kansai Corp.,APAC,IQ50128527
FERIEN Touristik GmbH,EMEA,IQ109040117
Jtb Corporate Sales Inc.,APAC,IQ52004035
"Kinki Nippon Tourist Individual Tour Co., Ltd.",APAC,IQ241695439
Restel Hoteles S.A.,EMEA,IQ30562930
TUI France SAS,EMEA,IQ263698679
"Hankyu Travel International Co.,Ltd.",APAC,IQ83844316
Apollo Travel Group AB,EMEA,IQ5538986
"Nippon Travel Agency Co., Ltd.",APAC,IQ5505862
Welcome Break Holdings (1) Ltd,EMEA,IQ12754476
Jetair NV,EMEA,IQ5502827
Moto Hospitality Limited,EMEA,IQ5874788
"JTB World Vacations, Inc.",APAC,IQ46889574
Nordic Choice Hospitality Group AS,EMEA,IQ127884025
Trailfinders Ltd.,EMEA,IQ5875398
Trailfinders Group Limited,EMEA,IQ22534039
Fritidsresor AB,EMEA,IQ129671
Alpitour S.p.A.,EMEA,IQ1828917
"N.T. INCOMING, S.L.",EMEA,IQ119042172
alltours flugreisen gmbh,EMEA,IQ5489470
"APA Hotel, Ltd.",APAC,IQ5751160
"Globalia Corporación Empresarial, S.A.",EMEA,IQ5719567
Euro Disney Vacances S.A.S.,EMEA,IQ5885726
Travelport International Limited,EMEA,IQ22987974
Schauinsland-Reisen GmbH,EMEA,IQ51175451
Jet2holidays Limited,EMEA,IQ47696431
Virgin Holidays Limited,EMEA,IQ5502955
Viajes El Corte Inglés S.A,EMEA,IQ5479535
GBT Travel Services UK Limited,EMEA,IQ269396470
Ruter AS,EMEA,IQ83639936
"Toyoko Inn Co., Ltd.",APAC,IQ6034370
One Hotels & Resorts AG,EMEA,IQ6467288
TUI Cruises GmbH,EMEA,IQ42196048
CP Holdings Limited,EMEA,IQ1307789
"Sinomach Automobile Co.,Ltd.",APAC,IQ46123975
"Zhejiang Weixing Industrial Development Co., Ltd.",APAC,IQ12763473
Pellegrini S.p.A.,EMEA,IQ5533980
Kaufland Stiftung & Co. KG,EMEA,IQ11323728
ALDI GmbH & Co. KG (Operating Subsidiary),EMEA,IQ6562234
Wagamama Limited,EMEA,IQ539479
Pret A Manger (Europe) Ltd,EMEA,IQ685362
Farfetch UK Limited,EMEA,IQ109241746
Bottega Veneta S.r.l.,EMEA,IQ12155586
Dolce&Gabbana S.r.l,EMEA,IQ12034769
Autobahn Tank & Rast Gruppe GmbH & Co. KG,EMEA,IQ430004473
Coop Danmark A/S,EMEA,IQ6398463
Eataly SpA,EMEA,IQ43326164
OK Detaljhandel AB,EMEA,IQ5491621
Poltronesofà S.p.A.,EMEA,IQ23109511
Consorzio Nazionale Dettaglianti Società Cooperativa,EMEA,IQ5532365
Consorzio Nazionale Dettaglianti SC,EMEA,IQ5532656
Coop Italia Società Cooperativa,EMEA,IQ6488902
The Very Group Limited,EMEA,IQ22369772
JTB Corp.,APAC,IQ5472054
Denso Electronics Corporation,APAC,IQ5531496
"Molex Japan Co., Ltd.",APAC,IQ30970032
"Izumo Murata Manufacturing Co., Ltd.",APAC,IQ5490261
Fujikura Dia Cable Ltd.,APAC,IQ30857895
Toshiba Electronics Europe GmbH,EMEA,IQ5502953
Abb Power Grids Germany AG,EMEA,IQ661431964
Panasonic Industry Europe GmbH,EMEA,IQ28384607
STMicroelectronics (Rousset) SAS,EMEA,IQ6465491
TE Connectivity Germany GmbH,EMEA,IQ5494829
Infineon Technologies Austria AG,EMEA,IQ5504825
Apple Operations International Limited,EMEA,IQ5467124
Lenovo (Italy) S.r.l,EMEA,IQ30939298
Canon Deutschland GmbH,EMEA,IQ5490830
HMD global Oy,EMEA,IQ340119270
Hewlett-Packard France SAS,EMEA,IQ6450710
WORTMANN AG,EMEA,IQ5545036
Epson Europe B.V.,EMEA,IQ6433083
Hewlett-Packard Limited,EMEA,IQ22510847
IBM Italia S.p.A.,EMEA,IQ5408537
"Fuji Xerox Manufacturing Co., Ltd.",APAC,IQ113582227
Toshiba Europe GmbH,EMEA,IQ5471672
HP Inc UK Limited,EMEA,IQ323197956
Dell Computer S.A.,EMEA,IQ5570647
UNIT.COM Inc.,APAC,IQ205062942
Fujitsu Isotec Limited,APAC,IQ22516013
"Japan E. M. Solutions Co., Ltd.",APAC,IQ659349435
Oki Data Corporation,APAC,IQ6455706
PFU Limited,APAC,IQ5473357
Dell Corporation Limited,EMEA,IQ5919730
Dynabook Inc.,APAC,IQ5874790
Dell GmbH,EMEA,IQ22968954
HP Deutschland GmbH,EMEA,IQ322626335
FUJIFILM Business Innovation Corp.,APAC,IQ763812
"NEC Personal Computers, Ltd.",APAC,IQ224040338
Kingston Digital International Limited,EMEA,IQ145278567
Xerox Limited,EMEA,IQ919811
Palo Alto Networks (Uk) Limited,EMEA,IQ253008747
Sony Corporation,APAC,IQ5642492
Adn-Advanced Digital Network Distribution GmbH,EMEA,IQ46536631
Atea Sverige AB,EMEA,IQ20414266
Ericsson Japan K.K.,APAC,IQ5479335
Hp Luxembourg S.C.A.,EMEA,IQ12870210
iGUAZU Corporation,APAC,IQ46993063
Macnica Networks Corporation,APAC,IQ7984728
Comtrade Group B.V.,EMEA,IQ52244966
Hewlett-Packard Italiana S.r.l.,EMEA,IQ5478520
TS Europe BVBA,EMEA,IQ560134340
StorIT Limited,EMEA,IQ23714642
F9 Distribution Oy,EMEA,IQ227924009
Kanematsu Communications Limited,APAC,IQ5875383
"Hewlett-Packard Española, S.L.",EMEA,IQ5474694
Huawei Technologies EspaIa Sl,EMEA,IQ47104963
Rs Components Sas,EMEA,IQ6469815
Arrow ECS Sweden AB,EMEA,IQ30376015
Arrow ECS Internet Security AG,EMEA,IQ40407157
Lenovo (Spain) S.L.,EMEA,IQ30910393
Avnet EMG GmbH,EMEA,IQ29957912
Lenovo (Sweden) AB,EMEA,IQ30939773
FUJITSU NETWORK SOLUTIONS LIMITED,APAC,IQ6454402
Ingram Micro SLU,EMEA,IQ5503896
Lg Electronics U.K. Ltd,EMEA,IQ5878842
Hp France Sas,EMEA,IQ228187251
Lenovo (France) SAS,EMEA,IQ30945470
Rutronik Elektronische Bauelemente GmbH,EMEA,IQ5533809
Renesas Electronics Europe GmbH,EMEA,IQ5504059
KYOCERA Solar Corporation,APAC,IQ26841053
SFDC Ireland Limited,EMEA,IQ52747155
"Citrix Systems, UK Ltd.",EMEA,IQ29512736
Dell SA,EMEA,IQ6445444
RS Components Ltd.,EMEA,IQ5875225
Micron Europe Ltd,EMEA,IQ5487613
STMicroelectronics S.A.,EMEA,IQ6426866
Western Digital (U.K.) Ltd.,EMEA,IQ5566891
Samsung Electronics France S.A.S.,EMEA,IQ5491439
Insight Direct (UK) Limited,EMEA,IQ5645255
"Telefónica Soluciones de Informática y Comunicaciones de España, S.A.U.",EMEA,IQ9262317
Arrow Central Europe GmbH,EMEA,IQ32945336
IBM Ireland Product Distribution Limited,EMEA,IQ22515621
"Mouser Electronics, Inc.",N. America,IQ4282935
Xerox (UK) Limited,EMEA,IQ5875147
Okaya Electronics Corp.,APAC,IQ6058624
Samsung Electronics Benelux B.V.,EMEA,IQ6561906
Samsung Electronics GmbH,EMEA,IQ30916612
Tech Data Limited,EMEA,IQ5478573
"Arrow ECS, SAS",EMEA,IQ139757242
KYOCERA Document Solutions Europe B.V.,EMEA,IQ5523259
Ingram Micro GmbH,EMEA,IQ5126512
Anixter Limited,EMEA,IQ130759
Yukatel GmbH,EMEA,IQ109045206
Ingram Micro S.r.l.,EMEA,IQ5502661
HP Italy S.r.l.,EMEA,IQ322629920
Dell AB,EMEA,IQ28706672
ComLine GmbH Value Added Distribution,EMEA,IQ26303018
ALSO France S.A.S.,EMEA,IQ6562226
Networld Corporation,APAC,IQ25117694
Epson Sales Japan Corporation,APAC,IQ5468051
Arrow ECS SAU,EMEA,IQ5685809
Software Box Limited,EMEA,IQ22845640
Vishay Europe Sales GmbH,EMEA,IQ30275004
Competition Team Ireland Limited,EMEA,IQ242273581
KOMSA Kommunikation Sachsen AG,EMEA,IQ5532880
Lenovo Technology (United Kingdom) Ltd.,EMEA,IQ30912645
ALSO Actebis A/S,EMEA,IQ34729427
"Esprinet Ibérica, S.L.U.",EMEA,IQ52003694
TD SYNNEX Supply Chain Services Limited,EMEA,IQ46892896
"Midoriya Electric Co., Ltd.",APAC,IQ5538163
Arrow ECS GmbH,EMEA,IQ2403257
Atea Logistics AB,EMEA,IQ34692282
Nokia Solutions and Networks Japan Corp,APAC,IQ140708772
Ingram Micro SAS,EMEA,IQ22516688
Sharp Business Solutions Corporation,APAC,IQ5491774
Tech Data Italia s.r.l.,EMEA,IQ22596004
Altima Corporation,APAC,IQ5571955
Tech Data bvba/sprl,EMEA,IQ5490407
"Future Electronics, Ltd.",EMEA,IQ22613816
Westcoast Limited,EMEA,IQ6464284
Avnet Europe Comm. VA,EMEA,IQ5479320
Tech Data France SAS,EMEA,IQ4743007
Samsung Semiconductor Europe GmbH,EMEA,IQ5490644
Samsung Electronics Holding GmbH,EMEA,IQ8223189
Cisco International Limited,EMEA,IQ108326702
Exertis (UK) Ltd.,EMEA,IQ5524055
Ingram Micro Holding GmbH,EMEA,IQ45730469
Premier Farnell UK Limited,EMEA,IQ34692200
Dell Products ULC,EMEA,IQ5466328
Microsoft France,EMEA,IQ6463660
F5 Networks Ltd.,EMEA,IQ39148115
Pixelpark Bielefeld GmbH,EMEA,IQ574713111
Huawei Technologies Japan K.K.,APAC,IQ269424540
"Chubu Telecommunications Co., Ltd.",APAC,IQ5522507
Huawei Technologies Italia S.R.L,EMEA,IQ46777324
"Mitsubishi Electric Information Systems Co., Ltd.",APAC,IQ5492232
Prysmian Finland Oy,EMEA,IQ268002276
Harman Becker Automotive Systems GmbH,EMEA,IQ1697580
"NEC Engineering, Ltd.",APAC,IQ22580427
"UNIADEX, Ltd.",APAC,IQ5522249
Nokia Technologies Oy,EMEA,IQ403537457
NTT Comware Corporation,APAC,IQ5870171
Groupe Circet S.A.,EMEA,IQ31272677
Thales Communications & Security S.A.S,EMEA,IQ4371701
ERICSSON ESPAÑA S.A.,EMEA,IQ5479814
SITE S.p.A.,EMEA,IQ22771853
Denso Ten Manufacturing Limited,APAC,IQ5603677
Huawei Technologies Deutschland GmbH,EMEA,IQ111582094
Garmin (Europe) Ltd.,EMEA,IQ5645788
"Samsung Electronics Japan Co., Ltd.",APAC,IQ225903099
"Bosch Car Multimedia Portugal, S.A.",EMEA,IQ5522604
Juniper Networks International B.V.,EMEA,IQ254842219
Nokia Solutions and Networks Oy,EMEA,IQ34428289
Ericsson Ltd.,EMEA,IQ6561942
Sony Semiconductor Solutions Corporation,APAC,IQ427514834
Melexis Technologies NV,EMEA,IQ12466442
"GlobalWafers Japan Co., Ltd.",APAC,IQ114654483
United Semiconductor Japan Co. Ltd.,APAC,IQ314345621
ARM Limited,EMEA,IQ5547163
Globalfoundries Management Services Limited Liability Company & Co. KG,EMEA,IQ129790238
Renesas Semiconductor Kyushu Yamaguchi Co. Ltd,APAC,IQ5478190
Texas Instruments Japan Limited,APAC,IQ5468477
Kaga Toshiba Electronics Corporation,APAC,IQ5603779
Xilinx Ireland,EMEA,IQ5490506
Intel Corporation (UK) Ltd.,EMEA,IQ22516395
Analog Devices International,EMEA,IQ225025383
Toshiba Electronic Devices & Storage Corporation,APAC,IQ52348273
Microchip Technology Ireland Limited,EMEA,IQ46890743
Preh ThÜRingen GmbH,EMEA,IQ46667750
Alchemy Telco Solutions Limited,EMEA,IQ672853782
LG Electronics Espana S.A.,EMEA,IQ5547787
"Toshiba Denzai Marketing Co., Ltd.",APAC,IQ5632875
GN Audio A/S,EMEA,IQ5867283
XING Inc.,APAC,IQ6465817
Advantest (Europe) GmbH,EMEA,IQ47285460
Prodrive Technologies Group B.V.,EMEA,IQ304770898
"Toyama Murata Manufacturing.Co.,Ltd.",APAC,IQ5908587
Zollner Elektronik AG,EMEA,IQ5533135
Kioxia Iwate Corporation,APAC,IQ1821447774
Stmicroelectronics (Crolles 2) Sas,EMEA,IQ22989184
Sk Hynix Uk Limited,EMEA,IQ22745932
Canon Europa Nv,EMEA,IQ598002061
"Teraoka Seiko Co., Ltd.",APAC,IQ5525975
Optima-Maschinenfabrik Dr. BÜHler GmbH & Co. Kg,EMEA,IQ45734787
Rigaku Corporation,APAC,IQ6068922
WIKA Alexander Wiegand Beteiligungs- und Verwaltungs-GmbH & Co. KG,EMEA,IQ265757456
Heatmiser UK Limited,EMEA,IQ380786911
Endress+hauser (Deutschland) AG+co. KG,EMEA,IQ126956953
IPG Laser GmbH & Co. KG,EMEA,IQ6499497
"HORIBA STEC, Co.,Ltd.",APAC,IQ5436271
Thales Dms France Sas,EMEA,IQ5480148
Thermo Electron LED GmbH,EMEA,IQ32980869
"Todoroki Sangyo Co., Ltd.",APAC,IQ5545199
Tatsuno Corporation,APAC,IQ6463342
NTT Com Solution & Engineering Corporation,APAC,IQ5451036
Worldline SA/NV,EMEA,IQ4922675
First Merchant Processing (Ireland) Designated Activity Company,EMEA,IQ114978701
"Hitachi Engineering & Services Co.,Ltd.",APAC,IQ5483516
Denso Wave Incorporated,APAC,IQ5554214
Kongsberg Maritime AS,EMEA,IQ7886281
Mitutoyo Corporation,APAC,IQ5502806
WIKA Alexander Wiegand SE & Co. KG,EMEA,IQ4247708
DESIGNA Verkehrsleittechnik GmbH,EMEA,IQ3320770
Axxes SAS,EMEA,IQ47132947
ifm electronic gmbh,EMEA,IQ5569512
DR. JOHANNES HEIDENHAIN GmbH,EMEA,IQ5885427
Rohde & Schwarz GmbH & Co. KG,EMEA,IQ5480781
KK Wind Solutions A/S,EMEA,IQ29535689
"Acs International, Ltd",EMEA,IQ598019222
Amadeus Data Processing GmbH,EMEA,IQ5510237
Amazon Europe Core S.à R.L.,EMEA,IQ528520872
Axione – Société par Actions Simplifiée,EMEA,IQ9108991
Crystal Computing s.p.r.l.,EMEA,IQ114598949
"Hitachi Systems Techno Services,Ltd.",APAC,IQ23317699
Here Europe B.V.,EMEA,IQ583742418
"Chudencti Co.,Ltd.",APAC,IQ5606829
Diligenta Limited,EMEA,IQ26993539
Dimension Data Germany Ag & Co. Kg,EMEA,IQ5554866
Fujitsu Fip Corporation,APAC,IQ5491177
Smals,EMEA,IQ46515381
equensWorldline SE - Branch Italy,EMEA,IQ579768286
Genpact (UK) Ltd.,EMEA,IQ47314817
"Amazon Web Services Emea Sarl, Norwegian Branch Nuf",EMEA,IQ679822509
"Dexian, LLC",N. America,IQ30773109
A100 Row GmbH,EMEA,IQ378639627
Accenture AB,EMEA,IQ6468229
Accenture Outsourcing Services S.A.,EMEA,IQ7848036
Accenture Technology Solutions SRL,EMEA,IQ30586386
Almaviva - The Italian Innovation Company S.p.A.,EMEA,IQ46723063
Atea AS,EMEA,IQ9105230
Atos IT Services UK Limited,EMEA,IQ206955157
Bentley Software International Limited,EMEA,IQ228766439
Borgwarner Technologies Limited,EMEA,IQ5885591
Capgemini Deutschland GmbH,EMEA,IQ26084063
CGI IT UK Limited,EMEA,IQ25714014
"Classmethod, Inc.",APAC,IQ402759107
Cognizant Worldwide Limited,EMEA,IQ251713820
Coritel S.A.,EMEA,IQ5582968
CTC TECHNOLOGY Corporation,APAC,IQ5542268
"Docomo Systems,Inc.",APAC,IQ5507403
Dropbox International Unlimited Company,EMEA,IQ551127088
Edge Network Services Limited,EMEA,IQ285299358
"Energia Communications,Inc.",APAC,IQ30707050
EntServ UK Limited,EMEA,IQ22510747
Etsy Ireland Unlimited Company,EMEA,IQ598015965
Euro-Information - Européenne De Traitement De L'information,EMEA,IQ46126181
Everpure Data Limited,EMEA,IQ610040625
FIS Capital Markets UK Limited,EMEA,IQ30491650
Fujitsu Kyushu Systems Limited,APAC,IQ5577614
Gartner Ireland Ltd.,EMEA,IQ6463772
Hcl Technologies Limited (Operating Subsidiary),EMEA,IQ683173740
Hcl Technologies Sweden Ab,EMEA,IQ585105007
"Hitachi Social Information Services, Ltd.",APAC,IQ5607105
HP Enterprise Services Italia S.r.l.,EMEA,IQ8141747
Iret Inc.,APAC,IQ256347303
Italware Srl,EMEA,IQ46621202
JBCC Corporation,APAC,IQ105313383
JS Information Systems Limited,EMEA,IQ115210047
JSOL Corporation,APAC,IQ36656114
"Kaga Solution Network Co., Ltd.",APAC,IQ60185528
Kingston Technology International Limited,EMEA,IQ5908093
Kobelco Systems Corporation,APAC,IQ1605739
Kronos Worldwide Limited,EMEA,IQ285225008
L&T Technology Services Limited (Pvt.),EMEA,IQ585109799
Logicalis Ltd,EMEA,IQ319113063
Marble Corp.,APAC,IQ5538064
Microsoft 1985 France Sarl,EMEA,IQ647677502
Microsoft Ireland Research Unlimited Company,EMEA,IQ22299304
Msft Mcio Limited,EMEA,IQ422935363
"NEC Nexsolutions, Ltd.",APAC,IQ5498828
Ntt Data I Corporation,APAC,IQ5718621
Ntt Data Intellilink Corporation,APAC,IQ47844473
NTT Data Japan Corporation,APAC,IQ1853977433
Ntt Data System Technologies Inc.,APAC,IQ5754081
"Ntt Docomo Business Solutions, Inc.",APAC,IQ241695144
"OGIS-RI Co.,Ltd.",APAC,IQ5533568
Oracle CAPAC Services Limited,EMEA,IQ114608216
SAP Italia Sistemi Applicazioni Prodotti in Data Processing S.p.A.,EMEA,IQ5567544
Shopify International Limited,EMEA,IQ570805238
Sogei S.p.A.,EMEA,IQ12110409
"SOGETREL, S.A.S.",EMEA,IQ522035
Sopra Steria AS,EMEA,IQ8848150
Sopra Steria Limited,EMEA,IQ30404872
Spie Infoservices S.A.,EMEA,IQ9674160
Tata Consultancy Services Sverige AB,EMEA,IQ32882454
Telent Technology Services Limited,EMEA,IQ5871274
Toshiba Digital Solutions Corporation,APAC,IQ13528734
TOSHIBA TEC Solution Services Corporation,APAC,IQ5529186
TOYOTA Connected Corporation,APAC,IQ5842807
Toyota Tsusho Systems Corporation,APAC,IQ5522768
Tp-Link Uk Limited,EMEA,IQ233329802
Wolf GmbH & Co Systembau KG,EMEA,IQ6479217
Wwt Emea Uk Limited,EMEA,IQ581489148
"Yamato System Development Co., Ltd.",APAC,IQ6463130
Zucchetti s.p.a.,EMEA,IQ5449945
Hyve Solutions Europe Limited,EMEA,IQ639857
CDW Limited,EMEA,IQ24323141
Capgemini Sverige AB,EMEA,IQ5545148
"KYOCERA Communication Systems Co., Ltd.",APAC,IQ5499535
"SAP España - Sistemas, Aplicaciones y Productos en la Informática, S.A.",EMEA,IQ5435312
NTT TechnoCross Corporation,APAC,IQ2985518
BAE Systems Applied Intelligence Limited,EMEA,IQ23078512
Salesforce.com Italy S.r.l,EMEA,IQ58145061
Ntt Data Customer Service Corporation,APAC,IQ5542081
"Sky Co., Ltd.",APAC,IQ5755168
Volvo Information Technology Aktiebolag,EMEA,IQ5522137
Sony Business Solutions Corporation,APAC,IQ5721162
Tepco SYSTEMS Corporation,APAC,IQ5507390
"Nissay Information Technology Co., Ltd.",APAC,IQ6462723
Activision Blizzard Media Limited,EMEA,IQ647895872
Mitsuiwa Corporation,APAC,IQ5533820
"NTT Com Solutions Co., Ltd.",APAC,IQ5450232
NTT Advanced Technology Corporation,APAC,IQ5885334
UST Global Private Limited,EMEA,IQ254623525
Dell S.p.A.,EMEA,IQ28705877
msg systems ag,EMEA,IQ5704451
Infinigate Deutschland GmbH,EMEA,IQ90038403
BSD Information Technology Ltd.,APAC,IQ718965578
Siemens Industry Software K.K.,APAC,IQ47097983
CSC Computer Sciences Limited,EMEA,IQ5480868
Niantic International Limited,EMEA,IQ658912352
HCL Technologies UK Limited,EMEA,IQ285643300
BNP Paribas Partners for Innovation,EMEA,IQ45764265
"Densan System Co., Ltd.",APAC,IQ706838236
Capgemini Italia S.p.A.,EMEA,IQ5555151
Allianz Technology,EMEA,IQ585030378
Euro Information Developpements,EMEA,IQ6630283
Silk Aplicaciones Sl,EMEA,IQ225535424
"Oki Customer Adtech Co., Ltd.",APAC,IQ5493590
NTT Resonant Incorporated,APAC,IQ11128984
Splunk Services UK Limited,EMEA,IQ254621724
AXA Group Operations SAS,EMEA,IQ22926638
Dennemeyer & Co S.à R.L.,EMEA,IQ7621826
Bell Microsystems Ltd.,EMEA,IQ7604376
Amdocs Software Systems Limited,EMEA,IQ5555091
"Inetum Espana, S.A.",EMEA,IQ5493469
McAfee Security UK Ltd,EMEA,IQ643744227
"PERSOL PROCESS & TECHNOLOGY CO., LTD.",APAC,IQ50878161
Thales Global Services Sas,EMEA,IQ111587588
"TG Information Network Co.,Ltd.",APAC,IQ5561188
E.ON Digital Technology GmbH,EMEA,IQ27693533
PTT Company Limited,APAC,IQ31338578
Westcon Group Germany GmbH,EMEA,IQ607508743
Pinterest Europe Limited,EMEA,IQ654599247
Computacenter AG & Co. oHG,EMEA,IQ82487975
Workforce Logiq Sweden AB,EMEA,IQ49618767
Total Global Services,EMEA,IQ320610423
Henderson Wholesale Ltd,EMEA,IQ5522347
Phoenix Software Limited,EMEA,IQ6034110
"Tokyo-Mitsubishi Information Technology, Ltd.",APAC,IQ28676906
"NTT DATA Spain, S.L.U.",EMEA,IQ9639129
Shell Information Technology International Ltd,EMEA,IQ5886008
Credit Agricole Technologies Et Services,EMEA,IQ634249436
Accenture S.L.,EMEA,IQ5509158
Capgemini Technology Services,EMEA,IQ45796352
Fujitsu Services Limited,EMEA,IQ5475742
Ingram Micro (UK) Ltd,EMEA,IQ1541253
Capgemini España S.L.,EMEA,IQ37283233
Accenture S.p.A.,EMEA,IQ22533538
Credit Agricole-Group Infrastructure Platform,EMEA,IQ717887278
NTT Business Solutions Corporation,APAC,IQ305587672
Specialist Computer Centres plc,EMEA,IQ5875034
"Uchida Spectrum, Inc.",APAC,IQ6495918
"INDRA SOLUCIONES TECNOLOGÍAS DE LA INFORMACIÓN, S.LU.",EMEA,IQ601663366
"Mizuho Research & Technologies, Ltd.",APAC,IQ5503740
"Santander Global Technology and Operations, S.L.U.",EMEA,IQ598773232
Endava (UK) Limited,EMEA,IQ28977077
SCC France SAS,EMEA,IQ6454710
"Kindril Japan Co., Ltd.",APAC,IQ1774616723
Alessandro Patane' Srl,EMEA,IQ651801328
Atos Origin Intégration SAS,EMEA,IQ5908092
Kingston Digital Holdings Limited,EMEA,IQ585097836
Ricoh Europe Holdings PLC,EMEA,IQ46839267
IBM Deutschland GmbH,EMEA,IQ8237956
Mongodb Limited,EMEA,IQ583684254
Google Commerce Limited,EMEA,IQ281967630
SCC EMEA Limited,EMEA,IQ275879870
Veritas Storage (Ireland) Limited,EMEA,IQ312391635
Servicenow Ireland Limited,EMEA,IQ651806813
Micro Focus Ip Development Ltd,EMEA,IQ143768909
GE Energy Germany GmbH,EMEA,IQ215631143
Amazon Web Services Emea Sarl (IT Consulting and Other Services),EMEA,IQ583747825
Snap Group Limited,EMEA,IQ561761717
ITERGO Informationstechnologie GmbH,EMEA,IQ8808536
Facebook Germany GmbH,EMEA,IQ275550151
MHP Management- und IT-Beratung GmbH,EMEA,IQ25613295
BWI GmbH,EMEA,IQ46645996
salesforce.com EMEA Limited,EMEA,IQ58145123
Claranet Group Limited,EMEA,IQ46332087
Stefanini International Holdings Ltd,EMEA,IQ171349216
Virtus Holdco Limited,EMEA,IQ318125162
Kingfisher Information Technology Services (Uk) Limited,EMEA,IQ114768667
valantic GmbH,EMEA,IQ275510221
IBM United Kingdom Limited,EMEA,IQ5870016
LSEG Business Services Limited,EMEA,IQ305354429
Uber London Limited,EMEA,IQ320619244
Finanz Informatik GmbH & Co. KG,EMEA,IQ5491350
Microsoft Deutschland GmbH,EMEA,IQ5528233
NTT DATA Italia S.p.A.,EMEA,IQ26688858
Orange Cyberdefense SA,EMEA,IQ329806499
Capgemini UK Plc,EMEA,IQ25056464
Allianz Technology SE,EMEA,IQ22533634
Amazon Web Services Emea Sarl (Operating Subsidiary 1),EMEA,IQ583687050
Datatec Plc,EMEA,IQ245249500
"Nippon Steel Technology Co., Ltd.",APAC,IQ5705501
Netapp Deutschland GmbH,EMEA,IQ46052298
OVH SAS,EMEA,IQ40209660
JR East Information Systems Company,APAC,IQ5516031
Computacenter France SA,EMEA,IQ6488889
SVA System Vertrieb Alexander GmbH,EMEA,IQ6493557
Microsoft Ibérica S.R.L.,EMEA,IQ6503614
Compare the Market Limited,EMEA,IQ58818786
Booking.com Transport Limited,EMEA,IQ45985456
Oath (EMEA) Limited,EMEA,IQ35297244
Live Nation (Music) UK Ltd,EMEA,IQ21989240
Linkedln Ireland Unlimited Company,EMEA,IQ224061281
Facebook Ireland Limited,EMEA,IQ208395289
Google Ireland Limited,EMEA,IQ26427657
mobile.de GmbH,EMEA,IQ126283
Spotify AB,EMEA,IQ145460788
Microsoft Oy,EMEA,IQ30586548
Symantec Limited,EMEA,IQ5885462
Vector Informatik GmbH,EMEA,IQ30640391
Microsoft S.r.l.,EMEA,IQ6043251
Microsoft Limited,EMEA,IQ5506131
"Daiichi Life Techno Cross Co., Ltd.",APAC,IQ5546195
Microsoft Danmark ApS,EMEA,IQ22503563
Microsoft Norge AS,EMEA,IQ30534293
McAfee Ireland Limited,EMEA,IQ46948482
Microsoft Österreich GmbH,EMEA,IQ30350457
Microsoft Ireland Operations Limited,EMEA,IQ5466964
VMware International Ltd.,EMEA,IQ46954293
Bundesdruckerei Gruppe GmbH,EMEA,IQ606613
Cegid S.A,EMEA,IQ266508916
"IBM Japan, Ltd.",APAC,IQ1605738
TeamViewer Germany GmbH,EMEA,IQ61872325
DATEV eG,EMEA,IQ5498572
BanSabadell Information Systems S.A.,EMEA,IQ23109667
PTC (SSI) Unlimited Company,EMEA,IQ26808809
Mitsubishi Electric Information Technology Corporation,APAC,IQ6462907
TIBCO Software (Ireland) Limited,EMEA,IQ276531193
Fujitsu Advanced Engineering Limited,APAC,IQ5496431
Amadeus S.A.S.,EMEA,IQ6463560
Cadence Design Systems (Ireland) Ltd.,EMEA,IQ22674852
Mentor Graphics (Ireland) Limited,EMEA,IQ5548727
Globoforce Limited,EMEA,IQ252212624
Fujitsu Kansai Systems Limited,APAC,IQ6463949
SAS Institute A/S,EMEA,IQ23315451
Adobe Systems Software Ireland Limited,EMEA,IQ22562436
Edenred France,EMEA,IQ223767419
SIG Elettric 80 S.p.A.,EMEA,IQ47171268
Entuity Ltd.,EMEA,IQ91122
Bumble Holding Limited,EMEA,IQ583885011
IBM España S.A.,EMEA,IQ5479347
Microsoft Belgique,EMEA,IQ45734162
Telwel East Japan Corporation,APAC,IQ6562198
ORACLE Deutschland B.V. & Co. KG,EMEA,IQ5532640
Bytes Software Services Limited,EMEA,IQ6084783
Synopsys International Limited,EMEA,IQ26049235
"Oracle France, S.A.S.",EMEA,IQ6462469
Salesforce.com Germany GmbH,EMEA,IQ58145037
Oracle Corporation UK Limited,EMEA,IQ5492631
Oracle EMEA Ltd.,EMEA,IQ5470508
Take-Two Interactive Software Uk Limited,EMEA,IQ301190990
giant group plc,EMEA,IQ23020540
Travelport International Operations Limited,EMEA,IQ534217229
Infobip Limited,EMEA,IQ283462914
Amazon Data Services Ireland Ltd.,EMEA,IQ47949719
Google France SARL,EMEA,IQ27551874
True Potential Group Limited,EMEA,IQ580750343
ServiceNow UK Ltd.,EMEA,IQ280553998
Jobs and Talent S.L.,EMEA,IQ108537169
Revolut Ltd,EMEA,IQ307208166
Access Technology Group Ltd.,EMEA,IQ119086911
TeamSystem S.p.A.,EMEA,IQ236969152
Access UK Limited,EMEA,IQ89205757
Salesforce.com France SAS,EMEA,IQ58145025
Qi An Xin Technology Group Inc.,APAC,IQ611140990
Maxscend Microelectronics Company Limited,APAC,IQ32992120
"Wuhan Raycus Fiber Laser Technologies Co.,Ltd.",APAC,IQ141121466
"Zhejiang Dahua Technology Co., Ltd.",APAC,IQ41598649
"LUSTER LightTech Co., LTD.",APAC,IQ128241197
"CICT Mobile Communication Technology Co., Ltd.",APAC,IQ1673533663
"Hangzhou Hikvision Digital Technology Co., Ltd.",APAC,IQ105308032
YGSOFT Inc.,APAC,IQ28447108
"Hangzhou EZVIZ Network Co., Ltd.",APAC,IQ408493650
"Yealink Network Technology Co., Ltd.",APAC,IQ51752882
"Shenzhen Everwin Precision Technology Co., Ltd.",APAC,IQ112937683
"CSI Solar Co., Ltd.",APAC,IQ690336821
"ASR Microelectronics Co., Ltd.",APAC,IQ432136702
Shanghai Huace Navigation Technology Ltd,APAC,IQ210148719
"Supcon Technology Co.,Ltd",APAC,IQ47824168
StarPower Semiconductor Ltd.,APAC,IQ225810724
"Southchip Semiconductor Technology(Shanghai) Co., Ltd.",APAC,IQ423202430
"Geovis Technology Co.,Ltd",APAC,IQ614908389
Cedacri S.p.A.,EMEA,IQ25987885
Computacenter (UK) Limited,EMEA,IQ22512036
Canal+ Overseas S.A.S.,EMEA,IQ42955370
J-Com Tokyo Co. Ltd.,APAC,IQ5631604
"J:COM Chiba Co., Ltd.",APAC,IQ30946368
"J:COM West Co., Ltd.",APAC,IQ5685344
SFR Fibre SAS,EMEA,IQ6491266
SKY Perfect JSAT Corporation (Pvt),APAC,IQ113024551
Sky Subscribers Services Ltd.,EMEA,IQ5885746
Sky UK Limited,EMEA,IQ5467164
Astrium Services AS,EMEA,IQ259743381
Telia NÄTtjÄNster Norden Ab,EMEA,IQ5718608
Telefonica International Wholesale Services Ii S.L. Unipersonal,EMEA,IQ262551747
"Digital Commerce, Inc.",APAC,IQ659197004
Sky Telecommunications Services Ltd.,EMEA,IQ30377238
Tesco Mobile Limited,EMEA,IQ30335268
Servizi In Rete 2001 Srl,EMEA,IQ45730719
Alcatel- Lucent International SAS,EMEA,IQ143967393
Telecom Italia Sparkle S.p.A.,EMEA,IQ12936835
"NTT EAST, Inc.",APAC,IQ6391175
Deutsche Glasfaser Wholesale GmbH,EMEA,IQ231627008
"MEO - Serviços de Comunicações e Multimédia, S.A.",EMEA,IQ5468100
"Telefonica de Espana, S.A.U.",EMEA,IQ1475802
Société Française de Radiotéléphone (SFR) SA,EMEA,IQ784161
Telekom Deutschland GmbH,EMEA,IQ5465323
Telenor Sverige AB,EMEA,IQ32447290
"FastFiber - Infraestruturas de Comunicações, S.A.",EMEA,IQ664822228
K-Opticom Corporation,APAC,IQ5638488
NOS,EMEA,IQ935646
Orange Espana Comunicaciones Fijas SL,EMEA,IQ595085279
"Stnet, Inc.",APAC,IQ5910715
Tele2 Sverige AB,EMEA,IQ5481592
Telenor A/S,EMEA,IQ232504584
Telia Sverige AB,EMEA,IQ9011501
XpFibre,EMEA,IQ584271941
Cable & Wireless (UK) Group Limited,EMEA,IQ8106611
"Kyushu Telecommunication Network Co., Inc.",APAC,IQ5531872
Giffgaff Limited,EMEA,IQ8080606
"Telefónica International Wholesale Services II, S.L.",EMEA,IQ115793510
Smart Dcc Limited,EMEA,IQ253368419
TalkTalk Communications Ltd,EMEA,IQ3558100
Telenet BV,EMEA,IQ5576500
TalkTalk Telecom Limited,EMEA,IQ252928500
Hutchison 3G UK Limited,EMEA,IQ26671318
Nippon Telegraph And Telephone West Corporation,APAC,IQ6354453
SES ASTRA S.A.,EMEA,IQ422511
Colt Group Holdings Limited,EMEA,IQ629598095
Virgin Media Ltd,EMEA,IQ2254285
ITV Consumer Limited,EMEA,IQ6084876
On Tower UK Limited,EMEA,IQ5722643
Telefónica UK Limited,EMEA,IQ5870169
Vodafone Sales & Services Limited,EMEA,IQ223466571
Wireless City Planning Inc.,APAC,IQ129068077
"Telefónica Móviles España, S.A.U.",EMEA,IQ5466386
Hi3G Access AB,EMEA,IQ803008
Three Ireland (Hutchison) Limited,EMEA,IQ23615771
Belgacom International Carrier Services SA,EMEA,IQ28329164
UQ Communications Inc.,APAC,IQ49764014
Internet Mobile Communications Limited,EMEA,IQ428631765
Huawei Technologies France SAS,EMEA,IQ46266112
Cellnex UK Limited,EMEA,IQ111654418
Ice Communication Norge AS,EMEA,IQ273713821
Sinch Sweden AB,EMEA,IQ132904265
TeliaSonera Norge Holding AB,EMEA,IQ238912483
Iliad Italia S.p.A.,EMEA,IQ611736323
Vodafone España S.A.U.,EMEA,IQ629810
Vodafone Group Services Limited,EMEA,IQ4855317
Cornerstone Telecommunications Infrastructure Limited,EMEA,IQ257028316
Digi Spain Telecom S.L.U.,EMEA,IQ127147044
Vodafone Roaming Services S.à R.L.,EMEA,IQ142835275
"Xfera Móviles, S.A.U.",EMEA,IQ422379
Vodafone Ireland Limited,EMEA,IQ888847
Vodafone Limited,EMEA,IQ8186589
"Orange Espagne, S.A.U.",EMEA,IQ5537201
A1 Telekom Austria AG,EMEA,IQ1434623
Open Fiber S.p.A.,EMEA,IQ537131519
